census_date,scrape_date,in_facility.cfcf.adult_males,in_facility.cfcf.adult_females,in_facility.cfcf.juvenile_males,in_facility.cfcf.juvenile_females,in_facility.dc.adult_males,in_facility.dc.adult_females,in_facility.dc.juvenile_males,in_facility.dc.juvenile_females,in_facility.dc_phsw.adult_males,in_facility.dc_phsw.adult_females,in_facility.dc_phsw.juvenile_males,in_facility.dc_phsw.juvenile_females,in_facility.picc.adult_males,in_facility.picc.adult_females,in_facility.picc.juvenile_males,in_facility.picc.juvenile_females,in_facility.rcf.adult_males,in_facility.rcf.adult_females,in_facility.rcf.juvenile_males,in_facility.rcf.juvenile_females,in_facility.rcf_asdcu.adult_males,in_facility.rcf_asdcu.adult_females,in_facility.rcf_asdcu.juvenile_males,in_facility.rcf_asdcu.juvenile_females,in_facility.rcf_asdmod3.adult_males,in_facility.rcf_asdmod3.adult_females,in_facility.rcf_asdmod3.juvenile_males,in_facility.rcf_asdmod3.juvenile_females,in_facility.weekenders.adult_males,in_facility.weekenders.adult_females,in_facility.weekenders.juvenile_males,in_facility.weekenders.juvenile_females,in_facility.total.adult_males,in_facility.total.adult_females,in_facility.total.juvenile_males,in_facility.total.juvenile_females,temporarily_not_in_facility.cfcf.male_workers,temporarily_not_in_facility.cfcf.female_workers,temporarily_not_in_facility.cfcf.male_furlough,temporarily_not_in_facility.cfcf.female_furlough,temporarily_not_in_facility.cfcf.male_open_ward,temporarily_not_in_facility.cfcf.female_open_ward,temporarily_not_in_facility.cfcf.male_emergency_trips,temporarily_not_in_facility.cfcf.female_emergency_trips,temporarily_not_in_facility.dc.male_workers,temporarily_not_in_facility.dc.female_workers,temporarily_not_in_facility.dc.male_furlough,temporarily_not_in_facility.dc.female_furlough,temporarily_not_in_facility.dc.male_open_ward,temporarily_not_in_facility.dc.female_open_ward,temporarily_not_in_facility.dc.male_emergency_trips,temporarily_not_in_facility.dc.female_emergency_trips,temporarily_not_in_facility.dc_phsw.male_workers,temporarily_not_in_facility.dc_phsw.female_workers,temporarily_not_in_facility.dc_phsw.male_furlough,temporarily_not_in_facility.dc_phsw.female_furlough,temporarily_not_in_facility.dc_phsw.male_open_ward,temporarily_not_in_facility.dc_phsw.female_open_ward,temporarily_not_in_facility.dc_phsw.male_emergency_trips,temporarily_not_in_facility.dc_phsw.female_emergency_trips,temporarily_not_in_facility.picc.male_workers,temporarily_not_in_facility.picc.female_workers,temporarily_not_in_facility.picc.male_furlough,temporarily_not_in_facility.picc.female_furlough,temporarily_not_in_facility.picc.male_open_ward,temporarily_not_in_facility.picc.female_open_ward,temporarily_not_in_facility.picc.male_emergency_trips,temporarily_not_in_facility.picc.female_emergency_trips,temporarily_not_in_facility.rcf.male_workers,temporarily_not_in_facility.rcf.female_workers,temporarily_not_in_facility.rcf.male_furlough,temporarily_not_in_facility.rcf.female_furlough,temporarily_not_in_facility.rcf.male_open_ward,temporarily_not_in_facility.rcf.female_open_ward,temporarily_not_in_facility.rcf.male_emergency_trips,temporarily_not_in_facility.rcf.female_emergency_trips,temporarily_not_in_facility.rcf_asdcu.male_workers,temporarily_not_in_facility.rcf_asdcu.female_workers,temporarily_not_in_facility.rcf_asdcu.male_furlough,temporarily_not_in_facility.rcf_asdcu.female_furlough,temporarily_not_in_facility.rcf_asdcu.male_open_ward,temporarily_not_in_facility.rcf_asdcu.female_open_ward,temporarily_not_in_facility.rcf_asdcu.male_emergency_trips,temporarily_not_in_facility.rcf_asdcu.female_emergency_trips,temporarily_not_in_facility.rcf_asdmod3.male_workers,temporarily_not_in_facility.rcf_asdmod3.female_workers,temporarily_not_in_facility.rcf_asdmod3.male_furlough,temporarily_not_in_facility.rcf_asdmod3.female_furlough,temporarily_not_in_facility.rcf_asdmod3.male_open_ward,temporarily_not_in_facility.rcf_asdmod3.female_open_ward,temporarily_not_in_facility.rcf_asdmod3.male_emergency_trips,temporarily_not_in_facility.rcf_asdmod3.female_emergency_trips,temporarily_not_in_facility.weekenders.male_workers,temporarily_not_in_facility.weekenders.female_workers,temporarily_not_in_facility.weekenders.male_furlough,temporarily_not_in_facility.weekenders.female_furlough,temporarily_not_in_facility.weekenders.male_open_ward,temporarily_not_in_facility.weekenders.female_open_ward,temporarily_not_in_facility.weekenders.male_emergency_trips,temporarily_not_in_facility.weekenders.female_emergency_trips,temporarily_not_in_facility.total.male_workers,temporarily_not_in_facility.total.female_workers,temporarily_not_in_facility.total.male_furlough,temporarily_not_in_facility.total.female_furlough,temporarily_not_in_facility.total.male_open_ward,temporarily_not_in_facility.total.female_open_ward,temporarily_not_in_facility.total.male_emergency_trips,temporarily_not_in_facility.total.female_emergency_trips,facility_totals.cfcf.males,facility_totals.cfcf.females,facility_totals.cfcf.total,facility_totals.dc.males,facility_totals.dc.females,facility_totals.dc.total,facility_totals.dc_phsw.males,facility_totals.dc_phsw.females,facility_totals.dc_phsw.total,facility_totals.picc.males,facility_totals.picc.females,facility_totals.picc.total,facility_totals.rcf.males,facility_totals.rcf.females,facility_totals.rcf.total,facility_totals.rcf_asdcu.males,facility_totals.rcf_asdcu.females,facility_totals.rcf_asdcu.total,facility_totals.rcf_asdmod3.males,facility_totals.rcf_asdmod3.females,facility_totals.rcf_asdmod3.total,facility_totals.weekenders.males,facility_totals.weekenders.females,facility_totals.weekenders.total,facility_totals.total.males,facility_totals.total.females,facility_totals.total.total,other_jurisdictions.state_doc.males,other_jurisdictions.state_doc.females,other_jurisdictions.state_doc.total,other_jurisdictions.juveniles.males,other_jurisdictions.juveniles.females,other_jurisdictions.juveniles.total,other_jurisdictions.delaware_county.males,other_jurisdictions.delaware_county.females,other_jurisdictions.delaware_county.total,other_jurisdictions.lehigh_county.males,other_jurisdictions.lehigh_county.females,other_jurisdictions.lehigh_county.total,other_jurisdictions.all_other.males,other_jurisdictions.all_other.females,other_jurisdictions.all_other.total,other_jurisdictions.total.males,other_jurisdictions.total.females,other_jurisdictions.total.total,total_population.pdp_facilities.males,total_population.pdp_facilities.females,total_population.pdp_facilities.total,total_population.other_jurisdictions.males,total_population.other_jurisdictions.females,total_population.other_jurisdictions.total,total_population.total.males,total_population.total.females,total_population.total.total
2025-03-06,2025-03-08,1633,,,,430,,,,38,3,,,614,235,,,659,,,,,,,,,,18,,,,,,3374,238,18,,,,,,6,,,,,,,,2,,,,,,,,2,,,,,,,,,3,,,,,,,1,,,,,,,,,,,,,,,,,,,,,,,,,,,,,,,,11,3,,,1639,,1639,432,,432,40,3,43,614,238,852,660,,660,,,,18,,18,,,,3403,241,3644,,,,,,,,,,2,,2,157,1,158,159,1,160,3403,241,3644,159,1,160,3562,242,3804
2025-04-04,2025-04-06,1420,,,,542,,,,50,4,,,612,224,,,638,,,,,,,,,,17,,4,,,,3266,228,17,,,,,,7,,,,,,,,1,,,,,,,,,,,,,,,,1,2,,,,,,,,,,,,,,,,,,,,,,,,,,,,,,,,,,,,,,,9,2,,,1427,,1427,543,,543,50,4,54,613,226,839,638,,638,,,,17,,17,4,,4,3292,230,3522,,,,,,,,,,2,,2,159,2,161,161,2,163,3292,230,3522,161,2,163,3453,232,3685
2025-04-05,2025-04-06,1418,,,,553,,,,48,5,,,619,226,,,650,,,,,,,,,,16,,4,,,,3292,231,16,,,,,,7,,,,,,,,1,,2,,,,,,,,,,,,,,1,2,,,,,,,,,,,,,,,,,,,,,,,,,,,,,,,,,,,,,,,9,2,2,,1425,,1425,556,,556,48,5,53,620,228,848,650,,650,,,,16,,16,4,,4,3319,233,3552,,,,,,,,,,2,,2,158,2,160,160,2,162,3319,233,3552,160,2,162,3479,235,3714
2025-04-06,2025-04-07,1428,,,,560,,,,49,6,,,624,233,,,656,,,,,,,,,,16,,2,,,,3319,239,16,,,,,,7,,,,,,,,1,,1,,,,,,,,,,,,,,1,2,,,,,,,,,,,,,,,,,,,,,,,,,,,,,,,,,,,,,,,9,2,1,,1435,,1435,562,,562,49,6,55,625,235,860,656,,656,,,,16,,16,2,,2,3345,241,3586,,,,,,,,,,2,,2,157,2,159,159,2,161,3345,241,3586,159,2,161,3504,243,3747
2025-04-07,2025-04-08,1412,,,,548,,,,51,7,,,621,227,,,646,,,,,,,,,,16,,,,,,3278,234,16,,,,,,5,,1,,,,,,1,,,,,,,,,,,,,,,,1,1,,,,,,,,,,,,,,,,,,,,,,,,,,,,,,,,,,,,,,,7,1,1,,1418,,1418,549,,549,51,7,58,622,228,850,646,,646,,,,16,,16,,,,3302,235,3537,,,,,,,,,,2,,2,157,2,159,159,2,161,3302,235,3537,159,2,161,3461,237,3698
2025-04-08,2025-04-09,1394,,,,539,,,,52,6,,,623,222,,,650,,,,,,,,,,17,,,,,,3258,228,17,,,,,,5,,2,,,,,,1,,,,,,,,,,,,,,,,1,3,,,,,,,,,1,,,,,,,,,,,,,,,,,,,,,,,,,,,,,,7,3,3,,1401,,1401,540,,540,52,6,58,624,225,849,651,,651,,,,17,,17,,,,3285,231,3516,,,,,,,,,,2,,2,158,2,160,160,2,162,3285,231,3516,160,2,162,3445,233,3678
2025-04-09,2025-04-10,1376,,,,535,,,,53,4,,,622,225,,,644,,,,,,,,,,17,,,,,,3230,229,17,,,,,,3,,1,,,,,,1,,,,,,,,,,,,,,,,1,2,,,,,,,,,,,,,,,,,,,,,,,,,,,,,,,,,,,,,,,5,2,1,,1380,,1380,536,,536,53,4,57,623,227,850,644,,644,,,,17,,17,,,,3253,231,3484,,,,,,,,,,2,,2,159,2,161,161,2,163,3253,231,3484,161,2,163,3414,233,3647
2025-04-10,2025-04-11,1364,,,,531,,,,50,4,,,624,220,,,646,,,,,,,,,,17,,,,,,3215,224,17,,,,,,4,,3,,,,,,1,,,,,,,,,,,,,,,,1,1,,,,,,,,,,,,,,,,,,,,,,,,,,,,,,,,,,,,,,,6,1,3,,1371,,1371,532,,532,50,4,54,625,221,846,646,,646,,,,17,,17,,,,3241,225,3466,,,,,,,,,,2,,2,162,2,164,164,2,166,3241,225,3466,164,2,166,3405,227,3632
2025-04-11,2025-04-12,1370,,,,519,,,,44,4,,,622,221,,,656,,,,,,,,,,17,,2,,,,3213,225,17,,,,,,5,,1,,,,,,1,,,,,,,,,,,,,,,,1,1,,,,,,,,,,,,,,,,,,,,,,,,,,,,,,,,,,,,,,,7,1,1,,1376,,1376,520,,520,44,4,48,623,222,845,656,,656,,,,17,,17,2,,2,3238,226,3464,,,,,,,,,,2,,2,162,2,164,164,2,166,3238,226,3464,164,2,166,3402,228,3630
2025-04-12,2025-04-13,1374,,,,528,,,,44,4,,,628,229,,,661,,,,,,,,,,17,,2,,,,3237,233,17,,,,,,6,,,,,,,,1,,,,,,,,,,,,,,,,1,2,,,,,,,,,,,,,,,,,,,,,,,,,,,,,,,,,,,,,,,8,2,,,1380,,1380,529,,529,44,4,48,629,231,860,661,,661,,,,17,,17,2,,2,3262,235,3497,,,,,,,,,,2,,2,162,2,164,164,2,166,3262,235,3497,164,2,166,3426,237,3663
2025-04-13,2025-04-14,1381,,,,538,,,,48,4,,,628,230,,,662,,,,,,,,,,17,,,,,,3257,234,17,,,,,,7,,,,,,,,1,,,,,,,,,,,,,,,,1,2,,,,,,,,,,,,,,,,,,,,,,,,,,,,,,,,,,,,,,,9,2,,,1388,,1388,539,,539,48,4,52,629,232,861,662,,662,,,,17,,17,,,,3283,236,3519,,,,,,,,,,2,,2,162,2,164,164,2,166,3283,236,3519,164,2,166,3447,238,3685
2025-04-14,2025-04-15,1363,,,,533,,,,46,4,,,629,223,,,646,,,,,,,,,,17,,,,,,3217,227,17,,,,,,4,,1,,,,,,1,,,,,,,,1,,,,,,,,1,2,,,,,,,,,,,,,,,,,,,,,,,,,,,,,,,,,,,,,,,7,2,1,,1368,,1368,534,,534,47,4,51,630,225,855,646,,646,,,,17,,17,,,,3242,229,3471,,,,,,,,,,2,,2,162,2,164,164,2,166,3242,229,3471,164,2,166,3406,231,3637
2025-04-15,2025-04-16,1341,,,,529,,,,46,3,,,626,223,,,646,,,,,,,,,,19,,,,,,3188,226,19,,,,,,5,,,,,,,,1,,,,,,,,1,,,,,,,,1,2,,1,,,,,,,1,,,,,,,,,,,,,,,,,,,,,,,,,,,,,,8,2,1,1,1346,,1346,530,,530,47,3,50,627,226,853,647,,647,,,,19,,19,,,,3216,229,3445,,,,,,,,,,2,,2,163,2,165,165,2,167,3216,229,3445,165,2,167,3381,231,3612
2025-04-16,2025-04-17,1326,,,,533,,,,44,4,,,627,228,,,635,,,,,,,,,,19,,,,,,3165,232,19,,,,,,5,,,,,,,,1,,,,,,,,1,,,,,,,,1,3,1,,,,,,,,,,,,,,,,,,,,,,,,,,,,,,,,,,,,,,8,3,1,,1331,,1331,534,,534,45,4,49,629,231,860,635,,635,,,,19,,19,,,,3193,235,3428,,,,,,,,,,2,,2,159,2,161,161,2,163,3193,235,3428,161,2,163,3354,237,3591
2025-04-17,2025-04-18,1340,,,,520,,,,46,3,,,629,221,,,635,,,,,,,,,,19,,,,,,3170,224,19,,,,,,6,,,,,,,,1,,,,,,,,,,,,,,,,,3,,,,,,,,,,,,,,,,,,,,,,,,,,,,,,,,,,,,,,,7,3,,,1346,,1346,521,,521,46,3,49,629,224,853,635,,635,,,,19,,19,,,,3196,227,3423,,,,,,,,,,2,,2,159,3,162,161,3,164,3196,227,3423,161,3,164,3357,230,3587
2025-04-18,2025-04-19,1352,,,,526,,,,42,4,,,626,223,,,640,,,,,,,,,,19,,2,,,,3188,227,19,,,,,,5,,,,,,,,1,,,,,,,,,,,,,,,,,3,1,1,,,,,,,1,,,,,,,,,,,,,,,,,,,,,,,,,,,,,,6,3,2,1,1357,,1357,527,,527,42,4,46,627,227,854,641,,641,,,,19,,19,2,,2,3215,231,3446,,,,,,,,,,2,,2,159,2,161,161,2,163,3215,231,3446,161,2,163,3376,233,3609
2025-04-19,2025-04-20,1364,,,,537,,,,43,4,,,628,228,,,643,,,,,,,,,,19,,2,,,,3217,232,19,,,,,,4,,,,,,,,1,,,,,,,,,,,,,,,,,3,,,,,,,,,,,,,,,,,,,,,,,,,,,,,,,,,,,,,,,5,3,,,1368,,1368,538,,538,43,4,47,628,231,859,643,,643,,,,19,,19,2,,2,3241,235,3476,,,,,,,,,,2,,2,158,2,160,160,2,162,3241,235,3476,160,2,162,3401,237,3638
2025-04-20,2025-04-21,1368,,,,538,,,,43,4,,,628,231,,,647,,,,,,,,,,19,,,,,,3224,235,19,,,,,,3,,,,,,,,1,,,,,,,,,,,,,,,,,2,,,,,,,,,1,,,,,,,,,,,,,,,,,,,,,,,,,,,,,,4,2,1,,1371,,1371,539,,539,43,4,47,628,233,861,648,,648,,,,19,,19,,,,3248,237,3485,,,,,,,,,,2,,2,158,2,160,160,2,162,3248,237,3485,160,2,162,3408,239,3647
2025-04-21,2025-04-22,1354,,,,529,,,,37,3,,,626,228,,,643,,1,,,,,,,,19,,,,,,3189,231,20,,,,,,3,,1,,,,,,,,,,,,,,1,,,,,,,,,1,,,,,,,,,,,,,,,,,,,,,,,,,,,,,,,,,,,,,,,4,1,1,,1358,,1358,529,,529,38,3,41,626,229,855,644,,644,,,,19,,19,,,,3214,232,3446,,,,,,,,,,2,,2,161,2,163,163,2,165,3214,232,3446,163,2,165,3377,234,3611
2025-04-22,2025-04-23,1336,,,,525,,,,39,3,,,619,222,,,642,,,,,,,,,,17,,,,,,3161,225,17,,,,,,5,,2,,,,,,,,,,,,,,1,,,,,,,,,1,1,1,,,,,,,1,,,,,,,,,,,,,,,,1,,,,,,,,,,,,,,6,1,5,1,1343,,1343,525,,525,40,3,43,620,224,844,643,,643,,,,18,,18,,,,3189,227,3416,,,,,,,,,,2,,2,164,2,166,166,2,168,3189,227,3416,166,2,168,3355,229,3584
2025-04-23,2025-04-24,1350,,,,520,,,,33,5,,,621,221,,,629,,,,,,,,,,18,,,,,,3153,226,18,,,,,,7,,1,,,,,,,,,,,,,,1,,,,,,,,,,1,,,,,,,,1,,,,,,,,,,,,,,,,,,,,,,,,,,,,,,8,,3,,1358,,1358,520,,520,34,5,39,622,221,843,630,,630,,,,18,,18,,,,3182,226,3408,,,,,,,,,,2,,2,161,1,162,163,1,164,3182,226,3408,163,1,164,3345,227,3572
2025-04-24,2025-04-25,1341,,,,512,,,,31,4,1,,625,224,,,629,,,,,,,,,,17,,,,,,3138,228,18,,,,,,9,,1,,,,,,,,,,,,,,,,,,,,,,,,,,,,,,,,,,,,,,,,,,,,,,,,,,,,,,,,,,,,,,9,,1,,1351,,1351,512,,512,32,4,36,625,224,849,629,,629,,,,17,,17,,,,3166,228,3394,,,,,,,,,,2,,2,165,1,166,167,1,168,3166,228,3394,167,1,168,3333,229,3562
2025-04-25,2025-04-26,1348,,,,495,,,,28,3,1,,622,227,,,635,,,,,,,,,,17,,2,,,,3130,230,18,,,,,,8,,1,,,,,,,,,,,,,,,,,,,,,,,,1,,,,,,,,,,,,,,,,,,,,,,,,,,,,,,,,,,,,,,8,,2,,1357,,1357,495,,495,29,3,32,623,227,850,635,,635,,,,17,,17,2,,2,3158,230,3388,,,,,,,,,,2,,2,162,1,163,164,1,165,3158,230,3388,164,1,165,3322,231,3553
2025-04-26,2025-04-27,1358,,,,498,,,,30,3,1,,622,227,,,641,,,,,,,,,,17,,2,,,,3151,230,18,,,,,,10,,,,,,,,,,,,,,,,,,,,,,,,,2,,,,,,,,,,,,,,,,,,,,,,,,,,,,,,,,,,,,,,,10,2,,,1368,,1368,498,,498,31,3,34,622,229,851,641,,641,,,,17,,17,2,,2,3179,232,3411,,,,,,,,,,2,,2,160,1,161,162,1,163,3179,232,3411,162,1,163,3341,233,3574
2025-04-27,2025-04-28,1349,,,,513,,,,31,3,1,,624,227,,,641,,,,,,,,,,17,,,,,,3158,230,18,,,,,,11,,,,,,,,,,,,,,,,,,,,,,,,,3,,,,,,,,,,,,,,,,,,,,,,,,,,,,,,,,,,,,,,,11,3,,,1360,,1360,513,,513,32,3,35,624,230,854,641,,641,,,,17,,17,,,,3187,233,3420,,,,,,,,,,2,,2,160,1,161,162,1,163,3187,233,3420,162,1,163,3349,234,3583
2025-04-28,2025-04-29,1358,,,,511,,,,30,2,,,618,229,,,641,,,,,,,,,,18,,,,,,3158,231,18,,,,,,10,,,,,,,,,,,,,,,,,,,,,,,,,1,,,,,,,,,,,,,,,,,,,,,,,,,,,,,,,,,,,,,,,10,1,,,1368,,1368,511,,511,30,2,32,618,230,848,641,,641,,,,18,,18,,,,3186,232,3418,,,,,,,,,,2,,2,163,1,164,165,1,166,3186,232,3418,165,1,166,3351,233,3584
2025-04-29,2025-04-30,1350,,,,514,,,,30,2,,,612,225,,,642,,,,,,,,,,18,,,,,,3148,227,18,,,,,,9,,,,,,,,,,,,,,,,,,,,,,,,,1,1,,,,,,,,,,,,,,,,,,,,,,,,,,,,,,,,,,,,,,9,1,1,,1359,,1359,514,,514,30,2,32,613,226,839,642,,642,,,,18,,18,,,,3176,228,3404,,,,,,,,,,2,,2,165,2,167,167,2,169,3176,228,3404,167,2,169,3343,230,3573
2025-04-30,2025-05-01,1347,,,,519,,,,28,2,,,617,225,,,635,,,,,,,,,,18,,,,,,3146,227,18,,,,,,8,,2,,,,,,,,,,,,,,,,,,,,,,,2,,,,,,,,,,,,,,,,,,,,,,,,,,,,,,,,,,,,,,,8,2,2,,1357,,1357,519,,519,28,2,30,617,227,844,635,,635,,,,18,,18,,,,3174,229,3403,,,,,,,,,,2,,2,162,2,164,164,2,166,3174,229,3403,164,2,166,3338,231,3569
2025-05-01,2025-05-02,1344,,,,518,,,,34,3,,,620,234,,,634,,,,,,,,,,18,,,,,,3150,237,18,,,,,,7,,1,,,,,,,,,,,,,,,,,,,,,,,,,,,,,,,,,,,,,,,,,,,,,,,,,,,,,,,,,,,,,,7,,1,,1352,,1352,518,,518,34,3,37,620,234,854,634,,634,,,,18,,18,,,,3176,237,3413,,,,,,,,,,2,,2,161,2,163,163,2,165,3176,237,3413,163,2,165,3339,239,3578
2025-05-02,2025-05-03,1345,,,,505,,,,35,3,,,621,226,,,632,,,,,,,,,,18,,3,1,,,3141,230,18,,,,,,4,,1,,,,,,,,,,,,,,,,,,,,,,,,,1,,,,,,,1,,,,,,,,,,,,,,,,,,,,,,,,,,,,,,4,,2,1,1350,,1350,505,,505,35,3,38,621,227,848,633,,633,,,,18,,18,3,1,4,3165,231,3396,,,,,,,,,,2,,2,161,3,164,163,3,166,3165,231,3396,163,3,166,3328,234,3562
2025-05-03,2025-05-04,1348,,,,516,,,,38,3,,,629,231,,,642,,,,,,,,,,18,,3,1,,,3176,235,18,,,,,,4,,,,,,,,,,,,,,,,,,,,,,,,,,,,,,,,,,,,,,,,,,,,,,,,,,,,,,,,,,,,,,,,4,,,,1352,,1352,516,,516,38,3,41,629,231,860,642,,642,,,,18,,18,3,1,4,3198,235,3433,,,,,,,,,,2,,2,161,3,164,163,3,166,3198,235,3433,163,3,166,3361,238,3599
2025-05-04,2025-05-05,1345,,,,531,,,,39,4,,,630,232,,,641,,,,,,,,,,18,,,,,,3186,236,18,,,,,,5,,1,,,,,,,,,,,,,,,,,,,,,,1,,,,,,,,,,,,,,,,,,,,,,,,,,,,,,,,,,,,,,,,6,,1,,1351,,1351,531,,531,39,4,43,631,232,863,641,,641,,,,18,,18,,,,3211,236,3447,,,,,,,,,,2,,2,161,4,165,163,4,167,3211,236,3447,163,4,167,3374,240,3614
2025-05-05,2025-05-06,1321,,,,519,,,,40,5,,,635,226,,,631,,,,,,,,,,18,,,,,,3146,231,18,,,,,,5,,2,,,,,,,,,,,,,,,,1,,,,,,,,,1,,,,,,,,,,,,,,,,,,,,,,,,,,,,,,,,,,,,,5,,3,1,1328,,1328,519,,519,41,5,46,635,227,862,631,,631,,,,18,,18,,,,3172,232,3404,,,,,,,,,,2,,2,161,4,165,163,4,167,3172,232,3404,163,4,167,3335,236,3571
2025-05-06,2025-05-07,1316,,,,508,,,,42,5,,,636,226,,,637,,,,,,,,,,18,,,,,,3139,231,18,,,,,,7,,,,,,,,,,,,,,,,,,,,,,,,1,2,,,,,,,,,,,,,,,,,,,,,,,,,,,,,,,,,,,,,,,8,2,,,1323,,1323,508,,508,42,5,47,637,228,865,637,,637,,,,18,,18,,,,3165,233,3398,,,,,,,,,,2,,2,161,3,164,163,3,166,3165,233,3398,163,3,166,3328,236,3564
2025-05-07,2025-05-08,1308,,,,495,,,,40,4,,,633,232,,,635,,,,,,,,,,17,,,,,,3111,236,17,,,,,,4,,,,,,,,,,,,,,,,,,,,,,,,,1,,,,,,,,,,,,,,,,,,,,,,,,,,,,,,,,,,,,,,,4,1,,,1312,,1312,495,,495,40,4,44,633,233,866,635,,635,,,,17,,17,,,,3132,237,3369,,,,,,,,,,2,,2,159,2,161,161,2,163,3132,237,3369,161,2,163,3293,239,3532
2025-05-08,2025-05-09,1314,,,,497,,,,40,4,,,634,231,,,637,,,,,,,,,,17,,,,,,3122,235,17,,,,,,2,,,,,,,,,,,,,,,,,,,,,,,,,,,,,,,,,,,,,,,,,,,,,,,,,,,,,,,,,,,,,,,,2,,,,1316,,1316,497,,497,40,4,44,634,231,865,637,,637,,,,17,,17,,,,3141,235,3376,,,,,,,,,,2,,2,159,2,161,161,2,163,3141,235,3376,161,2,163,3302,237,3539
2025-05-09,2025-05-10,1301,,,,499,,,,38,2,,,638,222,,,634,,,,,,,,,,17,,2,,,,3112,224,17,,,,,,2,,,,,,,,,,1,,,,,,1,,,,,,,,,2,,,,,,,,,,,,,,,,,,,,,,,,,,,,,,,,,,,,,,,3,2,1,,1303,,1303,500,,500,39,2,41,638,224,862,634,,634,,,,17,,17,2,,2,3133,226,3359,,,,,,,,,,2,,2,160,2,162,162,2,164,3133,226,3359,162,2,164,3295,228,3523
2025-05-10,2025-05-11,1310,,,,508,,,,38,2,,,635,228,,,640,,,,,,,,,,17,,2,,,,3133,230,17,,,,,,2,,,,,,,,,,,,,,,,1,,,,,,,,,,,,,,,,,,,,,,,,,,,,,,,,,,,,,,,,,,,,,,,,3,,,,1312,,1312,508,,508,39,2,41,635,228,863,640,,640,,,,17,,17,2,,2,3153,230,3383,,,,,,,,,,2,,2,160,2,162,162,2,164,3153,230,3383,162,2,164,3315,232,3547
2025-05-11,2025-05-12,1316,,,,510,,,,41,3,,,640,226,,,640,,,,,,,,,,17,,,,,,3147,229,17,,,,,,2,,,,,,,,,,,,,,,,,,,,,,,,,1,,1,,,,,,,,,,,,,,,,,,,,,,,,,,,,,,,,,,,,,2,1,,1,1318,,1318,510,,510,41,3,44,640,228,868,640,,640,,,,17,,17,,,,3166,231,3397,,,,,,,,,,2,,2,160,2,162,162,2,164,3166,231,3397,162,2,164,3328,233,3561
2025-05-12,2025-05-13,1298,,,,508,,,,39,6,,,637,216,,,629,,,,,,,,,,17,,,,,,3111,222,17,,,,,,4,,1,,,,,,,,,,,,,,,,,,,,,,,1,,,,,,,,,,,,,,,,,,,,,,,,,,,,,,,,,,,,,,,4,1,1,,1303,,1303,508,,508,39,6,45,637,217,854,629,,629,,,,17,,17,,,,3133,223,3356,,,,,,,,,,2,,2,161,2,163,163,2,165,3133,223,3356,163,2,165,3296,225,3521
2025-05-13,2025-05-14,1282,,,,511,,,,39,8,,,634,209,,,630,,,,,,,,,,17,,,,,,3096,217,17,,,,,,4,,,,,,,,,,,,,,,,,,,,,,,,,1,,,,,,,,,,,,,,,,,,,,,,,,,,,,,,,,,,,,,,,4,1,,,1286,,1286,511,,511,39,8,47,634,210,844,630,,630,,,,17,,17,,,,3117,218,3335,,,,,,,,,,2,,2,160,1,161,162,1,163,3117,218,3335,162,1,163,3279,219,3498
2025-05-14,2025-05-15,1278,,,,498,,,,36,7,,,637,212,,,620,,,,,,,,,,17,,,,,,3069,219,17,,,,,,5,,5,,,,,,,,,,,,,,1,,,,,,,,,1,1,,,,,,,,,,,,,,,,,,,,,,,,,,,,,,,,,,,,,,6,1,6,,1288,,1288,498,,498,37,7,44,638,213,851,620,,620,,,,17,,17,,,,3098,220,3318,,,,,,,,,,2,,2,159,1,160,161,1,162,3098,220,3318,161,1,162,3259,221,3480
2025-05-15,2025-05-16,1285,,,,496,,,,38,6,,,636,209,,,618,,,,,,,,,,17,,,,,,3073,215,17,,,,,,8,,,,,,,,,,,,,,,,,,,,,,,,1,2,,1,,,,,1,,1,,,,,,,,,,,,,,,,,,,,,,,,,,,,,,10,2,1,1,1293,,1293,496,,496,38,6,44,637,212,849,620,,620,,,,17,,17,,,,3101,218,3319,,,,,,,,,,2,,2,161,1,162,163,1,164,3101,218,3319,163,1,164,3264,219,3483
2025-05-16,2025-05-17,1286,,,,488,,,,37,5,,,632,206,,,625,,,,,,,,,,17,,2,1,,,3070,212,17,,,,,,7,,1,,,,,,,,,,,,,,3,,,,,,,,1,2,,,,,,,2,,,,,,,,,,,,,,,,,,,,,,,,,,,,,,,,13,2,1,,1294,,1294,488,,488,40,5,45,633,208,841,627,,627,,,,17,,17,2,1,3,3101,214,3315,,,,,,,,,,2,,2,160,1,161,162,1,163,3101,214,3315,162,1,163,3263,215,3478
2025-05-17,2025-05-18,1296,,,,492,,,,37,5,,,629,208,,,631,,,,,,,,,,16,,2,1,,,3087,214,16,,,,,,7,,,,,,,,,,1,,,,,,3,,,,,,,,1,3,2,,,,,,2,,,,,,,,,,,,,,,,,,,,,,,,,,,,,,,,13,3,3,,1303,,1303,493,,493,40,5,45,632,211,843,633,,633,,,,16,,16,2,1,3,3119,217,3336,,,,,,,,,,2,,2,160,1,161,162,1,163,3119,217,3336,162,1,163,3281,218,3499
2025-05-18,2025-05-19,1301,,,,500,,,,39,5,,,633,209,,,633,,,,,,,,,,16,,,,,,3106,214,16,,,,,,6,,1,,,,,,,,1,,,,,,2,,1,,,,,,1,2,,,,,,,2,,,,,,,,,,,,,,,,,,,,,,,,,,,,,,,,11,2,3,,1308,,1308,501,,501,42,5,47,634,211,845,635,,635,,,,16,,16,,,,3136,216,3352,,,,,,,,,,2,,2,159,1,160,161,1,162,3136,216,3352,161,1,162,3297,217,3514
2025-05-19,2025-05-20,1297,,,,497,,,,46,6,,,631,208,,,626,,,,,,,,,,16,,,,,,3097,214,16,,,,,,4,,,,,,,,,,,,,,,,2,,,,,,,,,1,,,,,,,2,,,,,,,,,,,,,,,,,,,,,,,,,,,,,,,,8,1,,,1301,,1301,497,,497,48,6,54,631,209,840,628,,628,,,,16,,16,,,,3121,215,3336,,,,,,,,,,2,,2,162,1,163,164,1,165,3121,215,3336,164,1,165,3285,216,3501
2025-05-20,2025-05-21,1288,,,,478,,,,51,7,,,629,204,,,629,,,,,,,,,,16,,,,,,3075,211,16,,,,,,2,,1,,,,,,,,,,,,,,1,,,,,,,,,2,,,,,,,3,,,,,,,,,,,,,,,,,,,,,,,,,,,,,,,,6,2,1,,1291,,1291,478,,478,52,7,59,629,206,835,632,,632,,,,16,,16,,,,3098,213,3311,,,,,,,,,,2,,2,164,1,165,166,1,167,3098,213,3311,166,1,167,3264,214,3478
2025-05-21,2025-05-22,1283,,,,476,,,,45,7,,,634,201,,,617,,,,,,,,,,16,,,,,,3055,208,16,,,,,,5,,,,,,,,,,,,,,,,,,,,,,,,,2,,,,,,,3,,,,,,,,,,,,,,,,,,,,,,,,,,,,,,,,8,2,,,1288,,1288,476,,476,45,7,52,634,203,837,620,,620,,,,16,,16,,,,3079,210,3289,,,,,,,,,,2,,2,165,1,166,167,1,168,3079,210,3289,167,1,168,3246,211,3457
2025-05-22,2025-05-23,1292,,,,473,,,,45,7,,,633,191,,,612,,,,,,,,,,16,,,,,,3055,198,16,,,,,,5,,1,,,,,,,,,,,,,,,,,,,,,,,4,,,,,,,2,,1,,,,,,,,,,,,,,,,,,,,,,,,,,,,,,7,4,2,,1298,,1298,473,,473,45,7,52,633,195,828,615,,615,,,,16,,16,,,,3080,202,3282,,,,,,,,,,2,,2,168,1,169,170,1,171,3080,202,3282,170,1,171,3250,203,3453
2025-05-23,2025-05-24,1315,,,,463,,,,44,6,,,634,196,,,614,,,,,,,,,,16,,2,1,,,3072,203,16,,,,,,7,,1,,,,,,,,,,,,,,,,1,,,,,,,2,1,,,,,,3,,,,,,,,,,,,,,,,,,,,,,,,,,,,,,,,10,2,3,,1323,,1323,463,,463,45,6,51,635,198,833,617,,617,,,,16,,16,2,1,3,3101,205,3306,,,,,,,,,,2,,2,164,1,165,166,1,167,3101,205,3306,166,1,167,3267,206,3473
2025-05-24,2025-05-25,1319,,,,462,,,,46,8,,,639,197,,,623,,,,,,,,,,16,,2,1,,,3091,206,16,,,,,,7,,,,,,,,,,,,,,,,,,,,,,,,,2,,,,,,,2,,,,,,,,,,,,,,,,,,,,,,,,,,,,,,,,9,2,,,1326,,1326,462,,462,46,8,54,639,199,838,625,,625,,,,16,,16,2,1,3,3116,208,3324,,,,,,,,,,2,,2,164,1,165,166,1,167,3116,208,3324,166,1,167,3282,209,3491
2025-05-25,2025-05-26,1311,,,,483,,,,48,8,,,638,199,,,627,,,,,,,,,,16,,,,,,3107,207,16,,,,,,8,,1,,,,,,,,,,,,,,,,,,,,,,,2,,,,,,,2,,,,,,,,,,,,,,,,,,,,,,,,,,,,,,,,10,2,1,,1320,,1320,483,,483,48,8,56,638,201,839,629,,629,,,,16,,16,,,,3134,209,3343,,,,,,,,,,2,,2,164,1,165,166,1,167,3134,209,3343,166,1,167,3300,210,3510
2025-05-26,2025-05-27,1311,,,,498,,,,49,8,,,641,204,,,628,,,,,,,,,,16,,,,,,3127,212,16,,,,,,6,,,,,,,,,,,,,,,,,,,,,,,,,2,,,,,,,1,,,,,,,,,,,,,,,,,,,,,,,,,,,,,,,,7,2,,,1317,,1317,498,,498,49,8,57,641,206,847,629,,629,,,,16,,16,,,,3150,214,3364,,,,,,,,,,2,,2,164,1,165,166,1,167,3150,214,3364,166,1,167,3316,215,3531
2025-05-27,2025-05-28,1306,,,,485,,,,50,8,,,641,192,,,630,,,,,,,,,,17,,,,,,3112,200,17,,,,,,5,,,,,,,,,,,,,,,,,,,,,,,,,3,,1,,,,,1,,,,,,,,,,,,,,,,,,,,,,,,,,,,,,,,6,3,,1,1311,,1311,485,,485,50,8,58,641,196,837,631,,631,,,,17,,17,,,,3135,204,3339,,,,,,,,,,2,,2,165,1,166,167,1,168,3135,204,3339,167,1,168,3302,205,3507
2025-05-28,2025-05-29,1295,,,,485,,,,50,8,,,634,196,,,621,,,,,,,,,,17,,,,,,3085,204,17,,,,,,4,,1,,,,,,,,,,,,,,,,,,,,,,,3,,,,,,,,,,,,,,,,,,,,,,,,,,,,,,,,,,,,,,,4,3,1,,1300,,1300,485,,485,50,8,58,634,199,833,621,,621,,,,17,,17,,,,3107,207,3314,,,,,,,,,,2,,2,162,1,163,164,1,165,3107,207,3314,164,1,165,3271,208,3479
2025-05-29,2025-05-30,1296,,,,477,,,,46,8,,,633,192,,,628,,,,,,,,,,17,,,,,,3080,200,17,,,,,,6,,1,,,,,,1,,1,,,,,,,,,,,,,,1,3,,,,,,,,,,,,,,,,,,,,,,,,,,,,,,,,,,,,,,,8,3,2,,1303,,1303,479,,479,46,8,54,634,195,829,628,,628,,,,17,,17,,,,3107,203,3310,,,,,,,,,,2,,2,164,1,165,166,1,167,3107,203,3310,166,1,167,3273,204,3477
2025-05-30,2025-05-31,1299,,,,467,,,,46,8,,,631,191,,,618,,,,,,,,,,17,,2,,,,3063,199,17,,,,,,7,,1,,,,,,1,,,,,,,,,,1,,,,,,1,3,,1,,,,,,,,,,,,,,,,,,,,,,,,,,,,,,,,,,,,,9,3,2,1,1307,,1307,468,,468,47,8,55,632,195,827,618,,618,,,,17,,17,2,,2,3091,203,3294,,,,,,,,,,2,,2,163,1,164,165,1,166,3091,203,3294,165,1,166,3256,204,3460
2025-05-31,2025-06-01,1310,,,,465,,,,48,6,,,639,194,,,624,,,,,,,,,,17,,2,,,,3088,200,17,,,,,,6,,,,,,,,1,,,,,,,,,,,,,,,,1,3,,,,,,,,,,,,,,,,,,,,,,,,,,,,,,,,,,,,,,,8,3,,,1316,,1316,466,,466,48,6,54,640,197,837,624,,624,,,,17,,17,2,,2,3113,203,3316,,,,,,,,,,2,,2,162,1,163,164,1,165,3113,203,3316,164,1,165,3277,204,3481
2025-06-01,2025-06-02,1327,,,,462,,,,49,7,,,650,196,,,629,,,,,,,,,,17,,,,,,3117,203,17,,,,,,7,,,,,,,,1,,1,,,,,,,,,,,,,,,2,,,,,,,,,,,,,,,,,,,,,,,,,,,,,,,,,,,,,,,8,2,1,,1334,,1334,464,,464,49,7,56,650,198,848,629,,629,,,,17,,17,,,,3143,205,3348,,,,,,,,,,2,,2,162,1,163,164,1,165,3143,205,3348,164,1,165,3307,206,3513
2025-06-02,2025-06-03,1320,,,,468,,,,52,7,,,643,192,,,624,,,,,,,,,,17,,,,,,3107,199,17,,,,,,4,,,,,,,,1,,,,,,,,,,,,,,,,,1,,,,,,,,,,,,,,,,,,,,,,,,,,,,,,,,,,,,,,,5,1,,,1324,,1324,469,,469,52,7,59,643,193,836,624,,624,,,,17,,17,,,,3129,200,3329,,,,,,,,,,2,,2,165,1,166,167,1,168,3129,200,3329,167,1,168,3296,201,3497
2025-06-03,2025-06-04,1309,,,,466,,,,48,7,,,635,191,,,628,,,,,,,,,,17,,,,,,3086,198,17,,,,,,5,,,,,,,,,,,,,,,,2,,,,,,,,,1,,,,,,,,,,,,,,,,,,,,,,,,,,,,,,,,,,,,,,,7,1,,,1314,,1314,466,,466,50,7,57,635,192,827,628,,628,,,,17,,17,,,,3110,199,3309,,,,,,,,,,2,,2,166,2,168,168,2,170,3110,199,3309,168,2,170,3278,201,3479
2025-06-04,2025-06-05,1325,,,,467,,,,44,7,,,633,196,,,612,,,,,,,,,,17,,,,,,3081,203,17,,,,,,3,,,,,,,,,,,,,,,,2,,,,,,,,,,,,,,,,1,,,,,,,,,,,,,,,,,,,,,,,,,,,,,,,,6,,,,1328,,1328,467,,467,46,7,53,633,196,829,613,,613,,,,17,,17,,,,3104,203,3307,,,,,,,,,,2,,2,164,1,165,166,1,167,3104,203,3307,166,1,167,3270,204,3474
2025-06-05,2025-06-06,1326,,,,467,,,,41,7,,,630,206,,,620,,,,,,,,,,16,,,,,,3084,213,16,,,,,,2,,1,,,,,,,,,,,,,,2,,,,,,,,,,,,,,,,1,,2,,,,,,,,,,,,,,,,,,,,,,,,,,,,,,5,,3,,1329,,1329,467,,467,43,7,50,630,206,836,623,,623,,,,16,,16,,,,3108,213,3321,,,,,,,,,,2,,2,164,1,165,166,1,167,3108,213,3321,166,1,167,3274,214,3488
2025-06-06,2025-06-07,1340,,,,463,,,,38,6,,,628,197,,,625,,,,,,,,,,16,,2,,,,3096,203,16,,,,,,3,,,,,,,,,,,,,,,,2,,,,,,,,,,,1,,,,,1,,,,,,,,,,,,,,,,,,,,,,,,,,,,,,,,6,,,1,1343,,1343,463,,463,40,6,46,628,198,826,626,,626,,,,16,,16,2,,2,3118,204,3322,,,,,,,,,,2,,2,166,3,169,168,3,171,3118,204,3322,168,3,171,3286,207,3493
2025-06-07,2025-06-08,1342,,,,476,,,,41,6,,,631,206,,,631,,,,,,,,,,16,,2,,,,3123,212,16,,,,,,4,,,,,,,,,,,,,,,,1,,,,,,,,,1,,,,,,,1,,,,,,,,,,,,,,,,,,,,,,,,,,,,,,,,6,1,,,1346,,1346,476,,476,42,6,48,631,207,838,632,,632,,,,16,,16,2,,2,3145,213,3358,,,,,,,,,,2,,2,163,1,164,165,1,166,3145,213,3358,165,1,166,3310,214,3524
2025-06-08,2025-06-09,1352,,,,477,,,,45,6,,,631,211,,,639,,,,,,,,,,16,,,,,,3144,217,16,,,,,,5,,,,,,,,,,,,,,,,1,,,,,,,,,1,,,,,,,1,,,,,,,,,,,,,,,,,,,,,,,,,,,,,,,,7,1,,,1357,,1357,477,,477,46,6,52,631,212,843,640,,640,,,,16,,16,,,,3167,218,3385,,,,,,,,,,2,,2,163,1,164,165,1,166,3167,218,3385,165,1,166,3332,219,3551
2025-06-09,2025-06-10,1338,,,,481,,,,44,6,,,627,209,,,629,,,,,,,,,,16,,,,,,3119,215,16,,,,,,6,,,,,,,,,,,,,,,,1,,,,,,,,,2,,1,,,,,,,,,,,,,,,,,,,,,,,,,,,,,,,,,,,,,7,2,,1,1344,,1344,481,,481,45,6,51,627,212,839,629,,629,,,,16,,16,,,,3142,218,3360,,,,,,,,,,2,,2,164,1,165,166,1,167,3142,218,3360,166,1,167,3308,219,3527
2025-06-10,2025-06-11,1325,,,,475,,,,42,4,,,621,210,,,635,,,,,,,,,,16,,,,,,3098,214,16,,,,,,6,,,,,,,,,,,,,,,,,,,,,,,,,2,,,,,,,,,,,,,,,,,,,,,,,,,,,,,,,,,,,,,,,6,2,,,1331,,1331,475,,475,42,4,46,621,212,833,635,,635,,,,16,,16,,,,3120,216,3336,,,,,,,,,,2,,2,166,1,167,168,1,169,3120,216,3336,168,1,169,3288,217,3505
2025-06-11,2025-06-12,1319,,,,481,,,,42,4,,,625,208,,,628,,,,,,,,,,16,,,,,,3095,212,16,,,,,,4,,,,,,,,,,,,,,,,,,,,,,,,,2,,,,,,,,,,,,,,,,,,,,,,,,,,,,,,,,,,,,,,,4,2,,,1323,,1323,481,,481,42,4,46,625,210,835,628,,628,,,,16,,16,,,,3115,214,3329,,,,,,,,,,2,,2,163,1,164,165,1,166,3115,214,3329,165,1,166,3280,215,3495
2025-06-12,2025-06-13,1343,,,,473,,,,47,4,,,622,213,,,624,,,,,,,,,,16,,,,,,3109,217,16,,,,,,5,,,,,,,,,,,,,,,,,,,,,,,,,2,,,,,,,1,,,,,,,,,,,,,,,,,,,,,,,,,,,,,,,,6,2,,,1348,,1348,473,,473,47,4,51,622,215,837,625,,625,,,,16,,16,,,,3131,219,3350,,,,,,,,,,2,,2,166,1,167,168,1,169,3131,219,3350,168,1,169,3299,220,3519
2025-06-13,2025-06-14,1351,,,,468,,,,39,4,,,621,214,,,624,,,,,,,,,,16,,3,,,,3106,218,16,,,,,,5,,,,,,,,,,,,,,,,,,,,,,,,,2,,,,,,,1,,,,,,,,,,,,,,,,,,,,,,,,,,,,,,,,6,2,,,1356,,1356,468,,468,39,4,43,621,216,837,625,,625,,,,16,,16,3,,3,3128,220,3348,,,,,,,,,,2,,2,163,1,164,165,1,166,3128,220,3348,165,1,166,3293,221,3514
2025-06-14,2025-06-15,1338,,,,481,,,,44,4,,,627,217,,,632,,,,,,,,,,16,,3,,,,3125,221,16,,,,,,5,,,,,,,,,,,,,,,,,,,,,,,,,3,1,,,,,,,,1,,,,,,,,,,,,,,,,,,,,,,,,,,,,,,5,3,2,,1343,,1343,481,,481,44,4,48,628,220,848,633,,633,,,,16,,16,3,,3,3148,224,3372,,,,,,,,,,2,,2,163,1,164,165,1,166,3148,224,3372,165,1,166,3313,225,3538
2025-06-15,2025-06-16,1328,,,,480,,,,48,4,,,642,221,,,637,,,,,,,,,,16,,,,,,3135,225,16,,,,,,4,,,,,,,,,,,,,,,,,,,,,,,,1,3,,1,,,,,,,,,,,,,,,,,,,,,,,,,,,,,,,,,,,,,5,3,,1,1332,,1332,480,,480,48,4,52,643,225,868,637,,637,,,,16,,16,,,,3156,229,3385,,,,,,,,,,2,,2,163,1,164,165,1,166,3156,229,3385,165,1,166,3321,230,3551
2025-06-16,2025-06-17,1322,,,,481,,,,47,4,,,644,221,,,626,,,,,,,,,,16,,,,,,3120,225,16,,,,,,3,,,,,,,,,,,,,,,,,,,,,,,,1,3,,,,,,,,,,,,,,,,,,,,,,,,,,,,,,,,,,,,,,,4,3,,,1325,,1325,481,,481,47,4,51,645,224,869,626,,626,,,,16,,16,,,,3140,228,3368,,,,,,,,,,2,,2,162,1,163,164,1,165,3140,228,3368,164,1,165,3304,229,3533
2025-06-17,2025-06-18,1313,,,,481,,,,47,4,,,634,222,,,633,,,,,,,,,,16,,,,,,3108,226,16,,,,,,3,,1,,,,,,1,,,,,,,,,,,,,,,,1,2,,,,,,,,,1,,,,,,,,,,,,,,,,,,,,,,,,,,,,,,5,2,2,,1317,,1317,482,,482,47,4,51,635,224,859,634,,634,,,,16,,16,,,,3131,228,3359,,,,,,,,,,2,,2,163,1,164,165,1,166,3131,228,3359,165,1,166,3296,229,3525
2025-06-18,2025-06-19,1314,,,,481,,,,47,3,,,632,222,,,625,,,,,,,,,,15,,,,,,3099,225,15,,,,,,5,,2,,,,,,,,1,,,,,,,,,,,,,,,2,,,,,,,,,,,,,,,,,,,,,,,,,,,,,,,,,,,,,,,5,2,3,,1321,,1321,482,,482,47,3,50,632,224,856,625,,625,,,,15,,15,,,,3122,227,3349,,,,,,,,,,2,,2,161,2,163,163,2,165,3122,227,3349,163,2,165,3285,229,3514
2025-06-19,2025-06-20,1324,,,,489,,,,50,3,,,627,232,,,631,,,,,,,,,,14,,,,,,3121,235,14,,,,,,7,,,,,,,,,,,,,,,,,,,,,,,,,1,,,,,,,,,,,,,,,,,,,,,,,,,,,,,,,,,,,,,,,7,1,,,1331,,1331,489,,489,50,3,53,627,233,860,631,,631,,,,14,,14,,,,3142,236,3378,,,,,,,,,,2,,2,162,1,163,164,1,165,3142,236,3378,164,1,165,3306,237,3543
2025-06-20,2025-06-21,1313,,,,482,,,,48,3,,,628,232,,,629,,,,,,,,,,14,,2,,,,3102,235,14,,,,,,9,,,,,,,,,,,,,,,,,,,,,,,,,,,,,,,,,,1,,,,,,,,,,,,,,,,,,,,,,,,,,,,,,9,,1,,1322,,1322,482,,482,48,3,51,628,232,860,630,,630,,,,14,,14,2,,2,3126,235,3361,,,,,,,,,,2,,2,159,1,160,161,1,162,3126,235,3361,161,1,162,3287,236,3523
2025-06-21,2025-06-22,1331,,,,485,,,,48,3,,,638,233,,,633,,,,,,,,,,14,,2,,,,3137,236,14,,,,,,9,,,,,,,,,,,,,,,,,,,,,,,,,,,,,,,,1,,,,,,,,,,,,,,,,,,,,,,,,,,,,,,,,10,,,,1340,,1340,485,,485,48,3,51,638,233,871,634,,634,,,,14,,14,2,,2,3161,236,3397,,,,,,,,,,2,,2,159,1,160,161,1,162,3161,236,3397,161,1,162,3322,237,3559
2025-06-22,2025-06-23,1331,,,,492,,,,51,3,,,642,233,,,634,,,,,,,,,,14,,,,,,3150,236,14,,,,,,10,,1,,,,,,,,,,,,,,,,,,,,,,,2,,,,,,,1,,,,,,,,,,,,,,,,,,,,,,,,,,,,,,,,11,2,1,,1342,,1342,492,,492,51,3,54,642,235,877,635,,635,,,,14,,14,,,,3176,238,3414,,,,,,,,,,2,,2,159,1,160,161,1,162,3176,238,3414,161,1,162,3337,239,3576
2025-06-23,2025-06-24,1367,,,,490,,,,53,3,,,609,227,,,627,,,,,,,,,,14,,,,,,3146,230,14,,,,,,9,,,,,,,,,,,,,,,,,,,,,,,,,3,,,,,,,1,,,,,,,,,,,,,,,,,,,,,,,,,,,,,,,,10,3,,,1376,,1376,490,,490,53,3,56,609,230,839,628,,628,,,,14,,14,,,,3170,233,3403,,,,,,,,,,2,,2,161,1,162,163,1,164,3170,233,3403,163,1,164,3333,234,3567
2025-06-24,2025-06-25,1363,,,,482,,,,52,4,,,609,232,,,636,,,,,,,,,,14,,,,,,3142,236,14,,,,,,7,,1,,,,,,,,,,,,,,,,,,,,,,,2,,,,,,,1,,,,,,,,,,,,,,,,,,,,,,,,,,,,,,,,8,2,1,,1371,,1371,482,,482,52,4,56,609,234,843,637,,637,,,,14,,14,,,,3165,238,3403,,,,,,,,,,2,,2,159,1,160,161,1,162,3165,238,3403,161,1,162,3326,239,3565
2025-06-25,2025-06-26,1355,,,,487,,,,48,3,,,601,232,,,617,,,,,,,,,,14,,,,,,3108,235,14,,,,,,7,,1,,,,,,,,,,,,,,,,,,,,,,,1,,,,,,,1,,,,,,,,,,,,,,,,,,,,,,,,,,,,,,,,8,1,1,,1363,,1363,487,,487,48,3,51,601,233,834,618,,618,,,,14,,14,,,,3131,236,3367,,,,,,,,,,2,,2,162,1,163,164,1,165,3131,236,3367,164,1,165,3295,237,3532
2025-06-26,2025-06-27,1350,,,,481,,,,48,4,,,599,226,,,628,,,,,,,,,,14,,,,,,3106,230,14,,,,,,7,,1,,,,,,,,,,,,,,,,,,,,,,,1,,,,,,,,,,,,,,,,,,,,,,,,,,,,,,,,,,,,,,,7,1,1,,1358,,1358,481,,481,48,4,52,599,227,826,628,,628,,,,14,,14,,,,3128,231,3359,,,,,,,,,,2,,2,162,1,163,164,1,165,3128,231,3359,164,1,165,3292,232,3524
2025-06-27,2025-06-28,1349,,,,473,,,,47,4,,,594,225,,,632,,,,,,,,,,14,,2,,,,3097,229,14,,,,,,8,,1,,,,,,,,,,,,,,,,,,,,,,,1,2,,,,,,,,,,,,,,,,,,,,,,,,,,,,,,,,,,,,,,8,1,3,,1358,,1358,473,,473,47,4,51,596,226,822,632,,632,,,,14,,14,2,,2,3122,230,3352,,,,,,,,,,2,,2,162,1,163,164,1,165,3122,230,3352,164,1,165,3286,231,3517
2025-06-28,2025-06-29,1351,,,,472,,,,48,4,,,607,229,,,632,,,,,,,,,,14,,2,,,,3112,233,14,,,,,,8,,2,,,,,,,,,,,,,,,,,,,,,,1,1,,,,,,,,,,,,,,,,,,,,,,,,,,,,,,,,,,,,,,,9,1,2,,1361,,1361,472,,472,48,4,52,608,230,838,632,,632,,,,14,,14,2,,2,3137,234,3371,,,,,,,,,,2,,2,161,1,162,163,1,164,3137,234,3371,163,1,164,3300,235,3535
2025-06-29,2025-06-30,1365,,,,469,,,,52,5,,,606,231,,,630,,,,,,,,,,14,,,,,,3122,236,14,,,,,,8,,2,,,,,,,,1,,,,,,,,,,,,,,3,1,,,,,,,,,1,,,,,,,,,,,,,,,,,,,,,,,,,,,,,,11,1,4,,1375,,1375,470,,470,52,5,57,609,232,841,631,,631,,,,14,,14,,,,3151,237,3388,,,,,,,,,,2,,2,160,1,161,162,1,163,3151,237,3388,162,1,163,3313,238,3551
2025-06-30,2025-07-01,1346,,,,459,,,,57,5,,,604,230,,,624,,,,,,,,,,13,,,,,,3090,235,13,,,,,,6,,2,,,,,,,,,,,,,,,,,,,,,,2,1,,,,,,,1,,,,,,,,,,,,,,,,,,,,,,,,,,,,,,,,9,1,2,,1354,,1354,459,,459,57,5,62,606,231,837,625,,625,,,,13,,13,,,,3114,236,3350,,,,,,,,,,2,,2,160,1,161,162,1,163,3114,236,3350,162,1,163,3276,237,3513
2025-07-01,2025-07-02,1336,,,,462,,,,57,4,,,597,226,,,622,,,,,,,,,,13,,,,,,3074,230,13,,,,,,6,,1,,,,,,,,,,,,,,,,,,,,,,1,1,,,,,,,1,,,,,,,,,,,,,,,,,,,,,,,,,,,,,,,,8,1,1,,1343,,1343,462,,462,57,4,61,598,227,825,623,,623,,,,13,,13,,,,3096,231,3327,,,,,,,,,,2,,2,163,1,164,165,1,166,3096,231,3327,165,1,166,3261,232,3493
2025-07-02,2025-07-03,1330,,,,463,,,,57,4,,,597,224,,,627,,,,,,,,,,12,,,,,,3074,228,12,,,,,,3,,1,,,,,,,,,,,,,,1,,,,,,,,,1,,,,,,,,,,,,,,,,,,,,,,,,,,,,,,,,,,,,,,,4,1,1,,1334,,1334,463,,463,58,4,62,597,225,822,627,,627,,,,12,,12,,,,3091,229,3320,,,,,,,,,,2,,2,161,1,162,163,1,164,3091,229,3320,163,1,164,3254,230,3484
2025-07-03,2025-07-04,1331,,,,457,,,,53,3,,,596,223,,,630,,,,,,,,,,12,,,,,,3067,226,12,,,,,,2,,1,,,,,,,,,,,,,,1,,,,,,,,,,,1,,,,,,,,,,,,,,,,,,,,,,,,,,,,,,,,,,,,,3,,1,1,1334,,1334,457,,457,54,3,57,596,224,820,630,,630,,,,12,,12,,,,3083,227,3310,,,,,,,,,,2,,2,162,1,163,164,1,165,3083,227,3310,164,1,165,3247,228,3475
2025-07-04,2025-07-05,1340,,,,463,,,,48,2,,,605,232,,,632,,,,,,,,,,12,,2,,,,3090,234,12,,,,,,3,,,,,,,,,,,,,,,,1,,,,,,,,,3,,,,,,,,,,,,,,,,,,,,,,,,,,,,,,,,,,,,,,,4,3,,,1343,,1343,463,,463,49,2,51,605,235,840,632,,632,,,,12,,12,2,,2,3106,237,3343,,,,,,,,,,2,,2,160,1,161,162,1,163,3106,237,3343,162,1,163,3268,238,3506
2025-07-05,2025-07-06,1338,,,,462,,,,52,3,,,606,231,,,638,,,,,,,,,,12,,2,,,,3098,234,12,,,,,,4,,1,,,,,,,,,,,,,,1,,,,,,,,,3,,,,,,,,,,,,,,,,,,,,,,,,,,,,,,,,,,,,,,,5,3,1,,1343,,1343,462,,462,53,3,56,606,234,840,638,,638,,,,12,,12,2,,2,3116,237,3353,,,,,,,,,,2,,2,160,1,161,162,1,163,3116,237,3353,162,1,163,3278,238,3516
2025-07-06,2025-07-07,1344,,,,470,,,,53,3,,,607,233,,,638,,,,,,,,,,12,,,,,,3112,236,12,,,,,,5,,,,,,,,,,,,,,,,1,,,,,,,,,2,,,,,,,,,,,,,,,,,,,,,,,,,,,,,,,,,,,,,,,6,2,,,1349,,1349,470,,470,54,3,57,607,235,842,638,,638,,,,12,,12,,,,3130,238,3368,,,,,,,,,,2,,2,160,1,161,162,1,163,3130,238,3368,162,1,163,3292,239,3531
2025-07-07,2025-07-08,1325,,,,473,,,,51,3,,,600,225,,,635,,,,,,,,,,12,,,,,,3084,228,12,,,,,,2,,,,,,,,,,,,,,,,1,,,,,,,,,1,,,,,,,,,,,,,,,,,,,,,,,,,,,,,,,,,,,,,,,3,1,,,1327,,1327,473,,473,52,3,55,600,226,826,635,,635,,,,12,,12,,,,3099,229,3328,,,,,,,,,,2,,2,160,1,161,162,1,163,3099,229,3328,162,1,163,3261,230,3491
2025-07-08,2025-07-09,1312,,,,460,,,,52,4,,,595,221,,,635,,,,,,,,,,12,,,,,,3054,225,12,,,,,,2,,,,,,,,,,,,,,,,,,,,,,,,,1,,,,,,,,,,,,,,,,,,,,,,,,,,,,,,,,,,,,,,,2,1,,,1314,,1314,460,,460,52,4,56,595,222,817,635,,635,,,,12,,12,,,,3068,226,3294,,,,,,,,,,2,,2,162,1,163,164,1,165,3068,226,3294,164,1,165,3232,227,3459
2025-07-09,2025-07-10,1297,,,,445,,,,51,2,,,590,225,,,627,,,,,,,,,,12,,,,,,3010,227,12,,,,,,2,,,,,,,,,,,,,,,,,,,,,,,,,1,,,,,,,,,,,,,,,,,,,,,,,,,,,,,,,,,,,,,,,2,1,,,1299,,1299,445,,445,51,2,53,590,226,816,627,,627,,,,12,,12,,,,3024,228,3252,,,,,,,,,,2,,2,162,,162,164,,164,3024,228,3252,164,,164,3188,228,3416
2025-07-10,2025-07-11,1301,,,,431,,,,46,3,,,591,215,,,627,,,,,,,,,,12,,,,,,2996,218,12,,,,,,3,,,,,,,,,,,,,,,,,,,,,,,,,1,,,,,,,,,,,,,,,,,,,,,,,,,,,,,,,,,,,,,,,3,1,,,1304,,1304,431,,431,46,3,49,591,216,807,627,,627,,,,12,,12,,,,3011,219,3230,,,,,,,,,,2,,2,163,,163,165,,165,3011,219,3230,165,,165,3176,219,3395
2025-07-11,2025-07-12,1308,,,,424,,,,47,3,,,593,216,,,632,,,,,,,,,,12,,2,,,,3006,219,12,,,,,,2,,,,,,,,,,,,,,,,,,,,,,,,,1,,,,,,,,,,,,,,,,,,,,,,,,,,,,,,,,,,,,,,,2,1,,,1310,,1310,424,,424,47,3,50,593,217,810,632,,632,,,,12,,12,2,,2,3020,220,3240,,,,,,,,,,2,,2,161,,161,163,,163,3020,220,3240,163,,163,3183,220,3403
2025-07-12,2025-07-13,1313,,,,431,,,,49,3,,,593,217,,,637,,,,,,,,,,12,,2,,,,3025,220,12,,,,,,3,,,,,,,,,,,,,,,,,,,,,,,,,1,,,,,,,,,,,,,,,,,,,,,,,,,,,,,,,,,,,,,,,3,1,,,1316,,1316,431,,431,49,3,52,593,218,811,637,,637,,,,12,,12,2,,2,3040,221,3261,,,,,,,,,,2,,2,160,,160,162,,162,3040,221,3261,162,,162,3202,221,3423
2025-07-13,2025-07-14,1330,,,,437,,,,53,3,,,594,221,,,638,,,,,,,,,,12,,,,,,3052,224,12,,,,,,7,,,,,,,,,,,,,,,,,,,,,,,,,1,,,,,,,,,,,,,,,,,,,,,,,,,,,,,,,,,,,,,,,7,1,,,1337,,1337,437,,437,53,3,56,594,222,816,638,,638,,,,12,,12,,,,3071,225,3296,,,,,,,,,,2,,2,159,,159,161,,161,3071,225,3296,161,,161,3232,225,3457
2025-07-14,2025-07-15,1323,,,,432,,,,57,3,,,597,220,,,624,,,,,,,,,,12,,,,,,3033,223,12,,,,,,5,,,,,,,,,,,,,,,,,,,,,,,,,1,,,,,,,,,,,,,,,,,,,,,,,,,,,,,,,,,,,,,,,5,1,,,1328,,1328,432,,432,57,3,60,597,221,818,624,,624,,,,12,,12,,,,3050,224,3274,,,,,,,,,,2,,2,161,,161,163,,163,3050,224,3274,163,,163,3213,224,3437
2025-07-15,2025-07-16,1322,,,,433,,,,54,3,,,590,222,,,622,,,,,,,,,,12,,,,,,3021,225,12,,,,,,5,,1,,,,,,,,,,,,,,,,,,,,,,,1,,1,,,,,,,,,,,,,,,,,,,,,,,,,,,,,,,,,,,,,5,1,1,1,1328,,1328,433,,433,54,3,57,590,224,814,622,,622,,,,12,,12,,,,3039,227,3266,,,,,,,,,,2,,2,164,,164,166,,166,3039,227,3266,166,,166,3205,227,3432
2025-07-16,2025-07-17,1307,,,,442,,,,51,4,,,589,220,,,614,,,,,,,,,,12,,,,,,3003,224,12,,,,,,7,,,,,,,,,,,,,,,,,,,,,,,,,1,,,,,,,1,,,,,,,,,,,,,,,,,,,,,,,,,,,,,,,,8,1,,,1314,,1314,442,,442,51,4,55,589,221,810,615,,615,,,,12,,12,,,,3023,225,3248,,,,,,,,,,2,,2,159,,159,161,,161,3023,225,3248,161,,161,3184,225,3409
2025-07-17,2025-07-18,1336,,,,442,,,,51,5,,,586,217,,,609,,,,,,,,,,12,,,,,,3024,222,12,,,,,,7,,,,,,,,,,,,,,,,,,,,,,,,1,1,,1,,,,,1,,,,,,,,,,,,,,,,,,,,,,,,,,,,,,,,9,1,,1,1343,,1343,442,,442,51,5,56,587,219,806,610,,610,,,,12,,12,,,,3045,224,3269,,,,,,,,,,2,,2,159,,159,161,,161,3045,224,3269,161,,161,3206,224,3430
2025-07-18,2025-07-19,1330,,,,435,,,,55,5,,,585,224,,,613,,,,,,12,,,,,,2,,,,3020,229,12,,,,,,5,,,,,,,,,,,,,,,,,,1,,,,,,,1,1,,,,,,,,,,,,,,1,,1,,,,,,,,,,,,,,,,,,,,,,6,1,3,,1335,,1335,435,,435,56,5,61,586,225,811,613,,613,14,,14,,,,2,,2,3041,230,3271,,,,,,,,,,2,,2,157,,157,159,,159,3041,230,3271,159,,159,3200,230,3430
2025-07-19,2025-07-20,1329,,,,435,,,,57,5,,,589,224,,,630,,,,,,,,,,12,,2,,,,3042,229,12,,,,,,5,,,,,,,,,,,,,,,,,,,,,,,,1,1,,,,,,,1,,,,,,,,,,,,,,,,,,,,,,,,,,,,,,,,7,1,,,1334,,1334,435,,435,57,5,62,590,225,815,631,,631,,,,12,,12,2,,2,3061,230,3291,,,,,,,,,,2,,2,157,,157,159,,159,3061,230,3291,159,,159,3220,230,3450
2025-07-20,2025-07-21,1330,,,,446,,,,59,5,,,590,229,,,632,,,,,,,,,,12,,,,,,3057,234,12,,,,,,4,,2,,,,,,,,,,,,,,,,,,,,,,,1,,,,,,,1,,1,,,,,,,,,,,,,,,,,,,,,,,,,,,,,,5,1,3,,1336,,1336,446,,446,59,5,64,590,230,820,634,,634,,,,12,,12,,,,3077,235,3312,,,,,,,,,,2,,2,157,,157,159,,159,3077,235,3312,159,,159,3236,235,3471
2025-07-21,2025-07-22,1326,,,,443,,,,60,4,,,585,235,,,634,,,,,,,,,,12,,,,,,3048,239,12,,,,,,4,,,,,,,,,,,,,,,,,,,,,,,,,1,,,,,,,2,,1,,,,,,,,,,,,,,,,,,,,,,,,,,,,,,6,1,1,,1330,,1330,443,,443,60,4,64,585,236,821,637,,637,,,,12,,12,,,,3067,240,3307,,,,,,,,,,2,,2,158,,158,160,,160,3067,240,3307,160,,160,3227,240,3467
2025-07-22,2025-07-23,1308,,,,441,,,,55,3,,,582,230,,,636,,,,,,,,,,12,,,,,,3022,233,12,,,,,,4,,1,,,,,,,,,,,,,,,,,,,,,,,3,,,,,,,2,,1,,,,,,,,,,,,,,,,,,,,,,,,,,,,,,6,3,2,,1313,,1313,441,,441,55,3,58,582,233,815,639,,639,,,,12,,12,,,,3042,236,3278,,,,,,,,,,2,,2,162,,162,164,,164,3042,236,3278,164,,164,3206,236,3442
2025-07-23,2025-07-24,1310,,,,440,,,,50,3,,,578,229,,,628,,,,,,,,,,12,,,,,,3006,232,12,,,,,,4,,,,,,,,,,,,,,,,,,,,,,,,1,2,1,,,,,,1,,,,,,,,,,,,,,,,,,,,,,,,,,,,,,,,6,2,1,,1314,,1314,440,,440,50,3,53,580,231,811,629,,629,,,,12,,12,,,,3025,234,3259,,,,,,,,,,2,,2,158,,158,160,,160,3025,234,3259,160,,160,3185,234,3419
2025-07-24,2025-07-25,1316,,,,427,,,,56,1,,,578,235,,,633,,,,,,,,,,13,,,,,,3010,236,13,,,,,,3,,,,,,,,,,,,,,,,,,,,,,,,1,2,,,,,,,1,,,,,,,,,,,,,,,,,,,,,,,,,,,,,,,,5,2,,,1319,,1319,427,,427,56,1,57,579,237,816,634,,634,,,,13,,13,,,,3028,238,3266,,,,,,,,,,2,,2,160,,160,162,,162,3028,238,3266,162,,162,3190,238,3428
2025-07-25,2025-07-26,1352,,,,425,,,,62,2,,,547,224,,,632,,,,,,,,,,13,,2,,,,3020,226,13,,,,,,2,,1,,,,,,,,,,,,,,,,,,,,,,,3,1,,,,,,1,,,,,,,,,,,,,,,,,,,,,,,,,,,,,,,,3,3,2,,1355,,1355,425,,425,62,2,64,548,227,775,633,,633,,,,13,,13,2,,2,3038,229,3267,,,,,,,,,,2,,2,161,1,162,163,1,164,3038,229,3267,163,1,164,3201,230,3431
2025-07-26,2025-07-27,1390,,,,427,,,,60,3,,,548,225,,,642,,,,,,,,,,13,,2,,,,3069,228,13,,,,,,3,,,,,,,,1,,,,,,,,,,,,,,,,1,3,,,,,,,1,,,,,,,,,,,,,,,,,,,,,,,,,,,,,,,,6,3,,,1393,,1393,428,,428,60,3,63,549,228,777,643,,643,,,,13,,13,2,,2,3088,231,3319,,,,,,,,,,2,,2,159,,159,161,,161,3088,231,3319,161,,161,3249,231,3480
2025-07-27,2025-07-28,1400,,,,429,,,,63,3,,,548,228,,,645,,,,,,,,,,12,,,,,,3085,231,12,,,,,,6,,2,,,,,,,,,,,,,,,,,,,,,,1,3,,1,,,,,1,,,,,,,,,,,,,,,,,,,,,,,,,,,,,,,,8,3,2,1,1408,,1408,429,,429,63,3,66,549,232,781,646,,646,,,,12,,12,,,,3107,235,3342,,,,,,,,,,2,,2,159,,159,161,,161,3107,235,3342,161,,161,3268,235,3503
2025-07-28,2025-07-29,1415,,,,434,,,,57,3,,,538,225,,,637,,,,,,,,,,12,,,,,,3081,228,12,,,,,,4,,,,,,,,,,,,,,,,1,,,,,,,,,3,1,1,,,,,1,,,,,,,,,,,,,,,,,,,,,,,,,,,,,,,,6,3,1,1,1419,,1419,434,,434,58,3,61,539,229,768,638,,638,,,,12,,12,,,,3100,232,3332,,,,,,,,,,2,,2,161,,161,163,,163,3100,232,3332,163,,163,3263,232,3495
2025-07-29,2025-07-30,1376,,,,435,,,,58,5,,,530,222,,,641,,,,,,,,,,12,,,,,,3040,227,12,,,,,,3,,2,,,,,,,,,,,,,,,,,,,,,,,2,,,,,,,,,,,,,,,,,,,,,,,,,,,,,,,,,,,,,,,3,2,2,,1381,,1381,435,,435,58,5,63,530,224,754,641,,641,,,,12,,12,,,,3057,229,3286,,,,,,,,,,2,,2,163,,163,165,,165,3057,229,3286,165,,165,3222,229,3451
2025-07-30,2025-07-31,1378,,,,432,,,,56,4,,,534,223,,,629,,,,,,,,,,12,,,,,,3029,227,12,,,,,,5,,,,,,,,,,,,,,,,1,,,1,,,,,,2,,,,,,,1,,,,,,,,,,,,,,,,,,,,,,,,,,,,,,,,7,2,,1,1383,,1383,432,,432,57,5,62,534,225,759,630,,630,,,,12,,12,,,,3048,230,3278,,,,,,,,,,2,,2,157,,157,159,,159,3048,230,3278,159,,159,3207,230,3437
2025-07-31,2025-08-01,1375,,,,417,,,,54,7,,,528,213,,,634,,,,,,,,,,12,,,,,,3008,220,12,,,,,,7,,1,,,,,,,,,,,,,,1,,,,,,,,,2,,,,,,,1,,,,,,,,,,,,,,,,,,,,,,,,,,,,,,,,9,2,1,,1383,,1383,417,,417,55,7,62,528,215,743,635,,635,,,,12,,12,,,,3030,222,3252,,,,,,,,,,2,,2,157,,157,159,,159,3030,222,3252,159,,159,3189,222,3411
2025-08-01,2025-08-02,1365,,,,415,,,,52,7,,,523,211,,,634,,,,,,,,,,12,,2,,,,2991,218,12,,,,,,7,,1,,,,,,,,,,,,,,1,,,,,,,,,5,,1,,,,,1,,1,,,,,,,,,,,,,,,,,,,,,,,,,,,,,,9,5,2,1,1373,,1373,415,,415,53,7,60,523,217,740,636,,636,,,,12,,12,2,,2,3014,224,3238,,,,,,,,,,2,,2,159,,159,161,,161,3014,224,3238,161,,161,3175,224,3399
2025-08-02,2025-08-03,1380,,,,419,,,,49,8,,,521,214,,,640,,,,,,,,,,12,,2,,,,3011,222,12,,,,,,7,,,,,,,,,,,,,,,,1,,,,,,,,,3,,,,,,,2,,,,,,,,,,,,,,,,,,,,,,,,,,,,,,,,10,3,,,1387,,1387,419,,419,50,8,58,521,217,738,642,,642,,,,12,,12,2,,2,3033,225,3258,,,,,,,,,,2,,2,159,,159,161,,161,3033,225,3258,161,,161,3194,225,3419
2025-08-03,2025-08-04,1400,,,,423,,,,58,8,,,523,218,,,638,,,,,,,,,,12,,,,,,3042,226,12,,,,,,8,,,,,,,,,,,,,,,,1,,,,,,,,,4,,,,,,,1,,,,,,,,,,,,,,,,,,,,,,,,,,,,,,,,10,4,,,1408,,1408,423,,423,59,8,67,523,222,745,639,,639,,,,12,,12,,,,3064,230,3294,,,,,,,,,,2,,2,159,,159,161,,161,3064,230,3294,161,,161,3225,230,3455
2025-08-04,2025-08-05,1393,,,,424,,,,54,7,,,528,216,,,624,,,,,,,,,,12,,,,,,3023,223,12,,,,,,4,,1,,,,,,1,,,,,,,,1,,,,,,,,1,4,1,,,,,,1,,,,,,,,,,,,,,,,,,,,,,,,,,,,,,,,8,4,2,,1398,,1398,425,,425,55,7,62,530,220,750,625,,625,,,,12,,12,,,,3045,227,3272,,,,,,,,,,2,,2,160,,160,162,,162,3045,227,3272,162,,162,3207,227,3434
2025-08-05,2025-08-06,1379,,,,419,,,,52,6,,,536,217,,,624,,,,,,,,,,12,,,,,,3010,223,12,,,,,,7,,1,,,,,,1,,,,,,,,2,,,,,,,,1,3,,,,,,,1,,1,,,,,,,,,,,,,,,,,,,,,,,,,,,,,,12,3,2,,1387,,1387,420,,420,54,6,60,537,220,757,626,,626,,,,12,,12,,,,3036,226,3262,,,,,,,,,,2,,2,159,,159,161,,161,3036,226,3262,161,,161,3197,226,3423
2025-08-06,2025-08-07,1373,,,,419,,,,53,8,,,540,208,,,612,,,,,,,,,,11,,,,,,2997,216,11,,,,,,6,,,,,,,,1,,,,,,,,2,,,,,,,,,3,,,,,,,,,,,,,,,,,,,,,,,,,,,,,,,,,,,,,,,9,3,,,1379,,1379,420,,420,55,8,63,540,211,751,612,,612,,,,11,,11,,,,3017,219,3236,,,,,,,,,,2,,2,158,,158,160,,160,3017,219,3236,160,,160,3177,219,3396
2025-08-07,2025-08-08,1376,,,,412,,,,51,8,,,533,207,,,613,,,,,,,,,,12,,,,,,2985,215,12,,,,,,5,,,,,,,,1,,,,,,,,1,,,,,,,,,2,1,,,,,,,,,,,,,,,,,,,,,,,,,,,,,,,,,,,,,,7,2,1,,1381,,1381,413,,413,52,8,60,534,209,743,613,,613,,,,12,,12,,,,3005,217,3222,,,,,,,,,,2,,2,161,,161,163,,163,3005,217,3222,163,,163,3168,217,3385
2025-08-08,2025-08-09,1358,,,,410,,,,50,8,,,530,206,,,623,,,,,,,,,,12,,2,,,,2973,214,12,,,,,,4,,,,,,,,,,,,,,,,2,,,,,,,,,2,,,,,,,,,,,,,,,,,,,,,,,,,,,,,,,,,,,,,,,6,2,,,1362,,1362,410,,410,52,8,60,530,208,738,623,,623,,,,12,,12,2,,2,2991,216,3207,,,,,,,,,,2,,2,158,,158,160,,160,2991,216,3207,160,,160,3151,216,3367
2025-08-09,2025-08-10,1379,,,,407,,,,53,9,,,527,202,,,632,,,,,,,,,,12,,2,,,,3000,211,12,,,,,,6,,1,,,,,,,,,,,,,,2,,,,,,,,,2,,,,,,,,,,,,,,,,,,,,,,,,,,,,,,,,,,,,,,,8,2,1,,1386,,1386,407,,407,55,9,64,527,204,731,632,,632,,,,12,,12,2,,2,3021,213,3234,,,,,,,,,,2,,2,157,1,158,159,1,160,3021,213,3234,159,1,160,3180,214,3394
2025-08-10,2025-08-11,1390,,,,414,,,,59,9,,,527,205,,,632,,,,,,,,,,12,,,,,,3022,214,12,,,,,,7,,,,,,,,,,1,,,,,,1,,,,,,,,,2,,,,,,,,,,,,,,,,,,,,,,,,,,,,,,,,,,,,,,,8,2,1,,1397,,1397,415,,415,60,9,69,527,207,734,632,,632,,,,12,,12,,,,3043,216,3259,,,,,,,,,,2,,2,157,,157,159,,159,3043,216,3259,159,,159,3202,216,3418
2025-08-11,2025-08-12,1366,,,,422,,,,59,8,,,530,204,,,613,,,,,,,,,,12,,,,,,2990,212,12,,,,,,6,,,,,,,,,,1,,,,,,1,,,,,,,,,2,,,,,,,,,,,,,,,,,,,,,,,,,,,,,,,,,,,,,,,7,2,1,,1372,,1372,423,,423,60,8,68,530,206,736,613,,613,,,,12,,12,,,,3010,214,3224,,,,,,,,,,2,,2,157,,157,159,,159,3010,214,3224,159,,159,3169,214,3383
2025-08-12,2025-08-13,1372,,,,416,,,,57,6,,,526,201,,,616,,,,,,,,,,12,,,,,,2987,207,12,,,,,,8,,,,,,,,,,1,,,,,,1,,,,,,,,,3,2,,,,,,,,,,,,,,,,,,,,,,,,,,,,,,,,,,,,,,9,3,3,,1380,,1380,417,,417,58,6,64,528,204,732,616,,616,,,,12,,12,,,,3011,210,3221,,,,,,,,,,2,,2,160,1,161,162,1,163,3011,210,3221,162,1,163,3173,211,3384
2025-08-13,2025-08-14,1365,,,,423,,,,57,5,,,522,203,,,603,,,,,,,,,,10,,,,,,2970,208,10,,,,,,6,,3,,,,,,,,,,,,,,1,,,,,,,,,2,,,,,,,,,,,,,,,,,,,,,,,,,,,,,,,,,,,,,,,7,2,3,,1374,,1374,423,,423,58,5,63,522,205,727,603,,603,,,,10,,10,,,,2990,210,3200,,,,,,,,,,2,,2,164,2,166,166,2,168,2990,210,3200,166,2,168,3156,212,3368
2025-08-14,2025-08-15,1391,,,,416,,,,56,10,,,520,205,,,609,,,,,,,,,,10,,,,,,2992,215,10,,,,,,8,,,,,,,,,,,,,,,,1,,,,,,,,1,1,,,,,,,,,,,,,,,,,,,,,,,,,,,,,,,,,,,,,,,10,1,,,1399,,1399,416,,416,57,10,67,521,206,727,609,,609,,,,10,,10,,,,3012,216,3228,,,,,,,,,,2,,2,162,2,164,164,2,166,3012,216,3228,164,2,166,3176,218,3394
2025-08-16,2025-08-17,1418,,,,421,,,,56,10,,,519,212,,,620,,,,,,,,,,10,,2,,,,3036,222,10,,,,,,5,,,,,,,,1,,1,,,,,,,,,,,,,,1,2,,,,,,,,,,,,,,,,,,,,,,,,,,,,,,,,,,,,,,,7,2,1,,1423,,1423,423,,423,56,10,66,520,214,734,620,,620,,,,10,,10,2,,2,3054,224,3278,,,,,,,,,,2,,2,159,2,161,161,2,163,3054,224,3278,161,2,163,3215,226,3441
2025-08-17,2025-08-18,1416,,,,426,,,,63,10,,,527,216,,,619,,,,,,,,,,10,,,,,,3051,226,10,,,,,,5,,,,,,,,1,,,,,,,,,,,,,,,,1,3,,,,,,,,,,,,,,,,,,,,,,,,,,,,,,,,,,,,,,,7,3,,,1421,,1421,427,,427,63,10,73,528,219,747,619,,619,,,,10,,10,,,,3068,229,3297,,,,,,,,,,2,,2,159,2,161,161,2,163,3068,229,3297,161,2,163,3229,231,3460
2025-08-18,2025-08-19,1392,,,,427,,,,60,8,,,529,213,,,607,,,,,,,,,,10,,,,,,3015,221,10,,,,,,4,,,,,,,,,,,,,,,,,,1,,,,,,1,2,,1,,,,,,,1,,,,,,,,,,,,,,,,,,,,,,,,,,,,,,5,2,2,1,1396,,1396,427,,427,61,8,69,530,216,746,608,,608,,,,10,,10,,,,3032,224,3256,,,,,,,,,,2,,2,159,2,161,161,2,163,3032,224,3256,161,2,163,3193,226,3419
2025-08-19,2025-08-20,1386,,,,421,,,,62,7,,,528,215,,,615,,,,,,,,,,10,,,,,,3012,222,10,,,,,,3,,1,,,,,,,,,,,,,,,,,,,,,,1,2,,1,,,,,,,,,,,,,,,,,,,,,,,,,,,,,,,,,,,,,4,2,1,1,1390,,1390,421,,421,62,7,69,529,218,747,615,,615,,,,10,,10,,,,3027,225,3252,,,,,,,,,,2,,2,158,2,160,160,2,162,3027,225,3252,160,2,162,3187,227,3414
2025-08-20,2025-08-21,1373,,,,422,,,,60,5,,,523,221,,,606,,,,,,,,,,10,,,,,,2984,226,10,,,,,,3,,,,,,,,1,,,,,,,,,,1,,,,,,1,2,,,,,,,,,,,,,,,,,,,,,,,,,,,,,,,,,,,,,,,5,2,1,,1376,,1376,423,,423,61,5,66,524,223,747,606,,606,,,,10,,10,,,,3000,228,3228,,,,,,,,,,2,,2,158,2,160,160,2,162,3000,228,3228,160,2,162,3160,230,3390
2025-08-21,2025-08-22,1382,,,,422,,,,58,5,,,521,222,,,603,,,,,,,,,,10,,,,,,2986,227,10,,,,,,2,,,,,,,,,,,,,,,,2,,1,,,,,,,1,,,,,,,,,1,,,,,,,,,,,,,,,,,,,,,,,,,,,,,,4,1,2,,1384,,1384,422,,422,61,5,66,521,223,744,604,,604,,,,10,,10,,,,3002,228,3230,,,,,,,,,,2,,2,157,2,159,159,2,161,3002,228,3230,159,2,161,3161,230,3391
2025-08-22,2025-08-23,1382,,,,415,,,,57,4,,,525,212,,,608,,,,,,,,,,10,,4,1,,,2991,217,10,,,,,,5,,2,,,,,,,,,,,,,,2,,1,,,,,,,2,1,1,,,,,,,,,,,,,,,,,,,,,,,,,,,,,,,,,,,,,7,2,4,1,1389,,1389,415,,415,60,4,64,526,215,741,608,,608,,,,10,,10,4,1,5,3012,220,3232,,,,,,,,,,2,,2,156,2,158,158,2,160,3012,220,3232,158,2,160,3170,222,3392
2025-08-23,2025-08-24,1396,,,,413,,,,59,4,,,525,217,,,613,,,,,,,,,,10,,4,1,,,3010,222,10,,,,,,6,,2,,,,,,,,,,,,,,3,,,,,,,,1,3,,,,,,,,,1,,,,,,,,,,,,,,,,,,,,,,,,,,,,,,10,3,3,,1404,,1404,413,,413,62,4,66,526,220,746,614,,614,,,,10,,10,4,1,5,3033,225,3258,,,,,,,,,,2,,2,156,2,158,158,2,160,3033,225,3258,158,2,160,3191,227,3418
2025-08-24,2025-08-25,1413,,,,423,,,,63,4,,,520,222,,,618,,,,,,,,,,10,,,,,,3037,226,10,,,,,,5,,,,,,,,,,,,,,,,2,,,,,,,,,4,,,,,,,1,,,,,,,,,,,,,,,,,,,,,,,,,,,,,,,,8,4,,,1418,,1418,423,,423,65,4,69,520,226,746,619,,619,,,,10,,10,,,,3055,230,3285,,,,,,,,,,2,,2,156,2,158,158,2,160,3055,230,3285,158,2,160,3213,232,3445
2025-08-25,2025-08-26,1406,,,,438,,,,56,4,,,516,218,,,615,,,,,,,,,,10,,,,,,3031,222,10,,,,,,5,,,,,,,,,,,,,,,,1,,,,,,,,,2,,,,,,,1,,,,,,,,,,,,,,,,,,,,,,,,,,,,,,,,7,2,,,1411,,1411,438,,438,57,4,61,516,220,736,616,,616,,,,10,,10,,,,3048,224,3272,,,,,,,,,,2,,2,160,2,162,162,2,164,3048,224,3272,162,2,164,3210,226,3436
2025-08-26,2025-08-27,1401,,,,437,,,,56,4,,,515,211,,,612,,,,,,,,,,10,,,,,,3021,215,10,,,,,,7,,,,,,,,,,1,,,,,,1,,,,,,,,,2,,1,,,,,1,,,,,,,,,,,,,,,,,,,,,,,,,,,,,,,,9,2,1,1,1408,,1408,438,,438,57,4,61,515,214,729,613,,613,,,,10,,10,,,,3041,218,3259,,,,,,,,,,2,,2,164,2,166,166,2,168,3041,218,3259,166,2,168,3207,220,3427
2025-08-27,2025-08-28,1414,,,,435,,,,52,4,,,523,211,,,602,,,,,,,,,,10,,,,,,3026,215,10,,,,,,4,,,,,,,,,,,,,,,,1,,,,,,,,,3,1,,2,,,,1,,,,,,,,,,,,,,,,,,,,,,,,,,,,2,,,,6,3,1,,1418,,1418,435,,435,53,4,57,524,214,738,603,,605,,,,10,,10,,,,3045,218,3263,,,,,,,,,,2,,2,161,2,163,163,2,165,3045,218,3263,163,2,165,3208,220,3428
2025-08-28,2025-08-29,1417,,,,444,,,,50,4,,,528,211,,,605,,,,,,,,,,10,,,,,,3044,215,10,,,,,,4,,,,,,,,,,,,,,,,1,,,,,,,,,2,,2,,,,,1,,,,,,,,,,,,,,,,,,,,,,,,,,,,,,,,6,2,,2,1421,,1421,444,,444,51,4,55,528,215,743,606,,606,,,,10,,10,,,,3060,219,3279,,,,,,,,,,2,,2,161,3,164,163,3,166,3060,219,3279,163,3,166,3223,222,3445
2025-08-29,2025-08-30,1422,,,,442,,,,54,6,,,534,213,,,605,,,,,,,,,,10,,4,1,,,3061,220,10,,,,,,3,,1,,,,,,,,,,,,,,,,,,,,,,,3,,,,,,,1,,,,,,,,,,,,,,,,,,,,,,,,,,,,,,,,4,3,1,,1426,,1426,442,,442,54,6,60,534,216,750,606,,606,,,,10,,10,4,1,5,3076,223,3299,,,,,,,,,,2,,2,160,5,165,162,5,167,3076,223,3299,162,5,167,3238,228,3466
2025-08-30,2025-08-31,1430,,,,442,,,,54,6,,,542,222,,,606,,,,,,,,,,10,,4,1,,,3078,229,10,,,,,,4,,,,,,,,,,,,,,,,,,,,,,,,,3,1,1,,,,,1,,,,,,,,,,,,,,,,,,,,,,,,,,,,,,,,5,3,1,1,1434,,1434,442,,442,54,6,60,543,226,769,607,,607,,,,10,,10,4,1,5,3094,233,3327,,,,,,,,,,2,,2,159,4,163,161,4,165,3094,233,3327,161,4,165,3255,237,3492
2025-08-31,2025-09-01,1441,,,,454,,,,54,6,,,541,227,,,611,,,,,,,,,,10,,,,,,3101,233,10,,,,,,4,,,,,,,,,,,,,,,,,,,,,,,,,3,2,,,,,,,,,,,,,,,,,,,,,,,,,,,,,,,,,,,,,,4,3,2,,1445,,1445,454,,454,54,6,60,543,230,773,611,,611,,,,10,,10,,,,3117,236,3353,,,,,,,,,,2,,2,159,4,163,161,4,165,3117,236,3353,161,4,165,3278,240,3518
2025-09-01,2025-09-02,1453,,,,459,,,,51,7,,,543,229,,,612,,,,,,,,,,10,,,,,,3118,236,10,,,,,,5,,1,,,,,,,,,,,,,,,,,,,,,,,3,,,,,,,,,,,,,,,,,,,,,,,,,,,,,,,,,,,,,,,5,3,1,,1459,,1459,459,,459,51,7,58,543,232,775,612,,612,,,,10,,10,,,,3134,239,3373,,,,,,,,,,2,,2,160,4,164,162,4,166,3134,239,3373,162,4,166,3296,243,3539
2025-09-02,2025-09-03,1420,,,,457,,,,53,7,,,540,229,,,611,,,,,,,,,,11,,,,,,3081,236,11,,,,,,6,,1,,,,,,,,,,,,,,,,1,,,,,,,2,,,,,,,,,,,,,,,,,,,,,,,,,,,,,,,,,,,,,,,6,2,2,,1427,,1427,457,,457,54,7,61,540,231,771,611,,611,,,,11,,11,,,,3100,238,3338,,,,,,,,,,2,,2,165,4,169,167,4,171,3100,238,3338,167,4,171,3267,242,3509
2025-09-03,2025-09-04,1418,,,,450,,,,56,7,,,536,231,,,602,,,,,,,,,,11,,,,,,3062,238,11,,,,,,7,,1,,,,,,,,,,,,,,,,,,,,,,,3,2,,,,,,,,,,,,,,,,,,,,,,,,,,,,,,,,,,,,,,7,3,3,,1426,,1426,450,,450,56,7,63,538,234,772,602,,602,,,,11,,11,,,,3083,241,3324,,,,,,,,,,2,,2,167,4,171,169,4,173,3083,241,3324,169,4,173,3252,245,3497
2025-09-04,2025-09-05,1413,,,,445,,,,56,7,,,535,223,,,604,,,,,,,,,,11,,,,,,3053,230,11,,,,,,6,,2,,,,,,,,,,,,,,,,,,,,,,1,2,,1,,,,,,,,,,,,,,,,,,,,,,,,,,,,,,,,,,,,,7,2,2,1,1421,,1421,445,,445,56,7,63,536,226,762,604,,604,,,,11,,11,,,,3073,233,3306,,,,,,,,,,2,,2,171,4,175,173,4,177,3073,233,3306,173,4,177,3246,237,3483
2025-09-05,2025-09-06,1417,,,,435,,,,54,7,,,537,219,,,601,,,,,,,,,,11,,3,1,,,3047,227,11,,,,,,7,,1,,,,,,,,,,,,,,,,,,,,,,1,3,2,,,,,,,,,,,,,,,,,,,,,,,,,,,,,,,,,,,,,,8,3,3,,1425,,1425,435,,435,54,7,61,540,222,762,601,,601,,,,11,,11,3,1,4,3069,230,3299,,,,,,,,,,2,,2,173,4,177,175,4,179,3069,230,3299,175,4,179,3244,234,3478
2025-09-06,2025-09-07,1427,,,,446,,,,57,7,,,539,225,,,609,,,,,,,,,,11,,3,1,,,3081,233,11,,,,,,8,,,,,,,,,,,,,,,,,,1,,,,,,2,2,,,,,,,,,,,,,,,,,,,,,,,,,,,,,,,,,,,,,,,10,2,1,,1435,,1435,446,,446,58,7,65,541,227,768,609,,609,,,,11,,11,3,1,4,3103,235,3338,,,,,,,,,,2,,2,166,4,170,168,4,172,3103,235,3338,168,4,172,3271,239,3510
2025-09-07,2025-09-08,1437,,,,450,,,,59,8,,,542,232,,,612,,,,,,,,,,11,,,,,,3100,240,11,,,,,,8,,,,,,,,,,,,,,,,,,,,,,,,2,3,,,,,,,,,,,,,,,,,,,,,,,,,,,,,,,,,,,,,,,10,3,,,1445,,1445,450,,450,59,8,67,544,235,779,612,,612,,,,11,,11,,,,3121,243,3364,,,,,,,,,,2,,2,166,4,170,168,4,172,3121,243,3364,168,4,172,3289,247,3536
2025-09-08,2025-09-09,1423,,,,451,,,,60,9,,,539,235,,,600,,,,,,,,,,11,,,,,,3073,244,11,,,,,,7,,2,,,,,,,,,,,,,,,,,,,,,,2,2,,,,,,,,,,,,,,,,,,,,,,,,,,,,,,,,,,,,,,,9,2,2,,1432,,1432,451,,451,60,9,69,541,237,778,600,,600,,,,11,,11,,,,3095,246,3341,,,,,,,,,,2,,2,171,3,174,173,3,176,3095,246,3341,173,3,176,3268,249,3517
2025-09-09,2025-09-10,1425,,,,454,,,,58,8,,,537,238,,,599,,,,,,,,,,11,,,,,,3073,246,11,,,,,,5,,,,,,,,,,,,,,,,,,,,,,,,1,2,1,2,,,,,,,1,,,,,,,,,,,,,,,,,,,,,,,,,,,,,,6,2,2,2,1430,,1430,454,,454,58,8,66,539,242,781,600,,600,,,,11,,11,,,,3092,250,3342,,,,,,,,,,2,,2,174,3,177,176,3,179,3092,250,3342,176,3,179,3268,253,3521
2025-09-10,2025-09-11,1441,,,,454,,,,54,10,,,537,232,,,596,,,,,,,,,,11,,,,,,3082,242,11,,,,,,3,,1,,,,,,,,,,,,,,,1,,,,,,,,1,,,,,,,,,,,,,,,,,,,,,,,,,,,,,,,,,,,,,,,3,2,1,,1445,,1445,454,,454,54,11,65,537,233,770,596,,596,,,,11,,11,,,,3097,244,3341,,,,,,,,,,2,,2,174,4,178,176,4,180,3097,244,3341,176,4,180,3273,248,3521
2025-09-11,2025-09-12,1431,,,,452,,,,52,7,,,536,230,,,600,,,,,,,,,,11,,,,,,3071,237,11,,,,,,4,,2,,,,,,,,,,,,,,,1,1,,,,,,,2,,1,,,,,,,,,,,,,,,,,,,,,,,,,,,,,,,,,,,,,4,3,3,1,1437,,1437,452,,452,53,8,61,536,233,769,600,,600,,,,11,,11,,,,3089,241,3330,,,,,,,,,,2,,2,172,3,175,174,3,177,3089,241,3330,174,3,177,3263,244,3507
2025-09-12,2025-09-13,1449,,,,444,,,,53,7,,,527,229,,,599,,,,,,,,,,11,,3,1,,,3075,237,11,,,,,,6,,2,,,,,,,,1,,,,,,1,1,,,,,,,,3,,,,,,,,,,,,,,,,,,,,,,,,,,,,,,,,,,,,,,,7,4,3,,1457,,1457,445,,445,54,8,62,527,232,759,599,,599,,,,11,,11,3,1,4,3096,241,3337,,,,,,,,,,2,,2,173,3,176,175,3,178,3096,241,3337,175,3,178,3271,244,3515
2025-09-13,2025-09-14,1468,,,,445,,,,52,7,,,541,232,,,599,,,,,,,,,,11,,3,1,,,3108,240,11,,,,,,7,,1,,,,,,,,,,,,,,1,1,,,,,,,,3,,,,,,,,,,,,,,,,,,,,,,,,,,,,,,,,,,,,,,,8,4,1,,1476,,1476,445,,445,53,8,61,541,235,776,599,,599,,,,11,,11,3,1,4,3128,244,3372,,,,,,,,,,2,,2,171,3,174,173,3,176,3128,244,3372,173,3,176,3301,247,3548
2025-09-14,2025-09-15,1481,,,,455,,,,58,7,,,544,237,,,599,,,,,,,,,,11,,,,,,3137,244,11,,,,,,5,,1,,,,,,,,,,,,,,,1,,,,,,,1,3,,,,,,,,,,,,,,,,,,,,,,,,,,,,,,,,,,,,,,,6,4,1,,1487,,1487,455,,455,58,8,66,545,240,785,599,,599,,,,11,,11,,,,3155,248,3403,,,,,,,,,,2,,2,171,3,174,173,3,176,3155,248,3403,173,3,176,3328,251,3579
2025-09-15,2025-09-16,1459,,,,462,,,,60,7,,,545,232,,,589,,,,,,,,,,11,,,,,,3115,239,11,,,,,,6,,,,,,,,,,,,,,,,,1,,,,,,,1,1,,1,,,,,1,,,,,,,,,,,,,,,,,,,,,,,,,,,,,,,,8,2,,1,1465,,1465,462,,462,60,8,68,546,234,780,590,,590,,,,11,,11,,,,3134,242,3376,,,,,,,,,,2,,2,171,3,174,173,3,176,3134,242,3376,173,3,176,3307,245,3552
2025-09-16,2025-09-17,1471,,,,461,,,,58,5,,,537,230,,,590,,,,,,,,,,11,,,,,,3117,235,11,,,,,,6,,,,,,,,,,,,,,,,,1,,,,,,,1,,,1,,,,,,,,,,,,,,,,,,,,,,,,,,,,,,,,,,,,,7,1,,1,1477,,1477,461,,461,58,6,64,538,231,769,590,,590,,,,11,,11,,,,3135,237,3372,,,,,,,,,,2,,2,171,4,175,173,4,177,3135,237,3372,173,4,177,3308,241,3549
2025-09-17,2025-09-18,1475,,,,458,,,,59,6,,,543,228,,,573,,,,,,,,,,10,,,,,,3108,234,10,,,,,,5,,1,,,,,,,,,,,,,,,1,,,,,,,1,,,1,,,,,,,,,,,,,,,,,,,,,,,,,,,,,,,,,,,,,6,1,1,1,1481,,1481,458,,458,59,7,66,544,229,773,573,,573,,,,10,,10,,,,3125,236,3361,,,,,,,,,,2,,2,168,4,172,170,4,174,3125,236,3361,170,4,174,3295,240,3535
2025-09-18,2025-09-19,1496,,,,442,,,,53,6,,,538,221,,,574,,,,,,,,,,10,,,,,,3103,227,10,,,,,,4,,2,,,,,,,,1,,,,,,,,,,,,,,1,,,,,,,,,,,,,,,,,,,,,,,,,,,,,,,,,,,,,,,,5,,3,,1502,,1502,443,,443,53,6,59,539,221,760,574,,574,,,,10,,10,,,,3121,227,3348,,,,,,,,,,2,,2,170,4,174,172,4,176,3121,227,3348,172,4,176,3293,231,3524
2025-09-19,2025-09-20,1492,,,,441,,,,53,9,,,540,218,,,582,,,,,,,,,,10,,3,1,,,3111,228,10,,,,,,5,,2,,,,,,1,,,,,,,,,,,,,,,,1,,,1,,,,,,,1,,,,,,,,,,,,,,,,,,,,,,,,,,,,,,7,,3,1,1499,,1499,442,,442,53,9,62,541,219,760,583,,583,,,,10,,10,3,1,4,3131,229,3360,,,,,,,,,,2,,2,171,3,174,173,3,176,3131,229,3360,173,3,176,3304,232,3536
2025-09-20,2025-09-21,1494,,,,446,,,,53,9,,,549,220,,,597,,,,,,,,,,10,,3,1,,,3142,230,10,,,,,,5,,1,,,,,,1,,,,,,,,,,,,,,,,1,2,,,,,,,1,,,,,,,,,,,,,,,,,,,,,,,,,,,,,,,,8,2,1,,1500,,1500,447,,447,53,9,62,550,222,772,598,,598,,,,10,,10,3,1,4,3161,232,3393,,,,,,,,,,2,,2,171,3,174,173,3,176,3161,232,3393,173,3,176,3334,235,3569
2025-09-21,2025-09-22,1495,,,,452,,,,55,9,,,555,222,,,601,,,,,,,,,,10,,,,,,3158,231,10,,,,,,5,,1,,,,,,1,,,,,,,,,,,,,,,,1,2,,,,,,,1,,,,,,,,,,,,,,,,,,,,,,,,,,,,,,,,8,2,1,,1501,,1501,453,,453,55,9,64,556,224,780,602,,602,,,,10,,10,,,,3177,233,3410,,,,,,,,,,2,,2,170,3,173,172,3,175,3177,233,3410,172,3,175,3349,236,3585
2025-09-22,2025-09-23,1490,,,,450,,,,52,9,,,558,219,,,591,,,,,,,,,,10,,,,,,3141,228,10,,,,,,4,,1,,,,,,1,,,,,,,,,,,,,,,,1,3,,1,,,,,,,,,,,,,,,,,,,,,,,,,,,,,,,,,,,,,6,3,1,1,1495,,1495,451,,451,52,9,61,559,223,782,591,,591,,,,10,,10,,,,3158,232,3390,,,,,,,,,,2,,2,172,3,175,174,3,177,3158,232,3390,174,3,177,3332,235,3567
2025-09-23,2025-09-24,1469,,,,448,,,,52,8,,,562,229,,,597,,,,,,,,,,10,,,,,,3128,237,10,,,,,,4,,,,,,,,,,,,,,,,,,,,,,,,1,2,,,,,,,,,,,,,,,,,,,,,,,,,,,,,,,,,,,,,,,5,2,,,1473,,1473,448,,448,52,8,60,563,231,794,597,,597,,,,10,,10,,,,3143,239,3382,,,,,,,,,,2,,2,173,3,176,175,3,178,3143,239,3382,175,3,178,3318,242,3560
2025-09-24,2025-09-25,1471,,,,446,,,,52,7,,,554,228,,,600,,,,,,,,,,10,,,,,,3123,235,10,,,,,,3,,2,,,,,,,,,,,,,,,,1,2,,,,,,2,,,,,,,,,,,,,,,,,,,,,,,,,,,,,,,,,,,,,,,3,2,3,2,1476,,1476,446,,446,53,9,62,554,230,784,600,,600,,,,10,,10,,,,3139,239,3378,,,,,,,,,,2,,2,174,3,177,176,3,179,3139,239,3378,176,3,179,3315,242,3557
2025-09-25,2025-09-26,1453,,,,450,,,,50,6,,,552,230,,,601,,,,,,,,,,11,,,,,,3106,236,11,,,,,,5,,2,,,,,,,,,,,,,,1,1,,,,,,,,1,1,1,,,,,,,,,,,,,,,,,,,,,,,,,,,,,,,,,,,,,6,2,3,1,1460,,1460,450,,450,51,7,58,553,232,785,601,,601,,,,11,,11,,,,3126,239,3365,,,,,,,,,,2,,2,173,3,176,175,3,178,3126,239,3365,175,3,178,3301,242,3543
2025-09-26,2025-09-27,1455,,,,438,,,,50,7,,,555,227,,,602,,,,,,,,,,11,,3,1,,,3103,235,11,,,,,,3,,3,,,,,,,,,,,,,,,1,,,,,,,,1,1,1,,,,,,,1,,,,,,,,,,,,,,,,,,,,,,,,,,,,,,3,2,5,1,1461,,1461,438,,438,50,8,58,556,229,785,603,,603,,,,11,,11,3,1,4,3122,238,3360,,,,,,,,,,2,,2,170,3,173,172,3,175,3122,238,3360,172,3,175,3294,241,3535
2025-09-27,2025-09-28,1453,,,,446,,,,50,10,,,563,227,,,612,,,,,,,,,,11,,3,1,,,3127,238,11,,,,,,4,,,,,,,,,,1,,,,,,,1,1,,,,,,,1,,,,,,,1,,,,,,,,,,,,,,,,,,,,,,,,,,,,,,,,5,2,2,,1457,,1457,447,,447,51,11,62,563,228,791,613,,613,,,,11,,11,3,1,4,3145,240,3385,,,,,,,,,,2,,2,169,3,172,171,3,174,3145,240,3385,171,3,174,3316,243,3559
2025-09-28,2025-09-29,1442,,,,459,,,,53,10,,,567,230,,,614,,,,,,,,,,11,,,,,,3135,240,11,,,,,,5,,1,,,,,,,,,,,,,,,1,,,,,,,,1,1,,,,,,1,,1,,,,,,,,,,,,,,,,,,,,,,,,,,,,,,6,2,3,,1448,,1448,459,,459,53,11,64,568,231,799,616,,616,,,,11,,11,,,,3155,242,3397,,,,,,,,,,2,,2,168,3,171,170,3,173,3155,242,3397,170,3,173,3325,245,3570
2025-09-29,2025-09-30,1446,,,,453,,,,53,8,,,562,220,,,601,,,,,,,,,,11,,,,,,3115,228,11,,,,,,5,,1,,,,,,,,,,,,,,,1,,,,,,,,,,1,,,,,,,,,,,,,,,,,,,,,,,,,,,,,,,,,,,,,5,1,1,1,1452,,1452,453,,453,53,9,62,562,221,783,601,,601,,,,11,,11,,,,3132,230,3362,,,,,,,,,,2,,2,171,4,175,173,4,177,3132,230,3362,173,4,177,3305,234,3539
2025-09-30,2025-10-01,1440,,,,451,,,,51,7,,,557,220,,,607,,,,,,,,,,10,,,,,,3106,227,10,,,,,,6,,1,,,,,,,,,,,,,,,1,,,,,,,,1,,,,,,,,,,,,,,,,,,,,,,,,,,,,,,,,,,,,,,,6,2,1,,1447,,1447,451,,451,51,8,59,557,221,778,607,,607,,,,10,,10,,,,3123,229,3352,,,,,,,,,,2,,2,170,4,174,172,4,176,3123,229,3352,172,4,176,3295,233,3528
2025-10-01,2025-10-02,1446,,,,449,,,,54,8,,,559,220,,,595,,,,,,,,,,10,,,,,,3103,228,10,,,,,,4,,,,,,,,,,,,,,,,,1,1,,,,,,,2,,,,,,,,,,,,,,,,,,,,,,,,,,,,,,,,,,,,,,,4,3,1,,1450,,1450,449,,449,55,9,64,559,222,781,595,,595,,,,10,,10,,,,3118,231,3349,,,,,,,,,,2,,2,164,3,167,166,3,169,3118,231,3349,166,3,169,3284,234,3518
2025-10-02,2025-10-03,1453,,,,451,,,,47,6,,,554,226,,,601,,,,,,,,,,11,,,,,,3106,232,11,,,,,,5,,,,,,,,,,,,,,,,,,,,,,,,,4,,,,,,,,,,,,,,,,,,,,,,,,,,,,,,,,,,,,,,,5,4,,,1458,,1458,451,,451,47,6,53,554,230,784,601,,601,,,,11,,11,,,,3122,236,3358,,,,,,,,,,2,,2,166,3,169,168,3,171,3122,236,3358,168,3,171,3290,239,3529
2025-10-03,2025-10-04,1464,,,,451,,,,48,8,,,555,222,,,595,,,,,,,,,,11,,3,1,,,3116,231,11,,,,,,6,,1,,,,,,,,,,,,,,,,,,,,,,,4,,,,,,,,,,,,,,,,,,,,,,,,,,,,,,,,,,,,,,,6,4,1,,1471,,1471,451,,451,48,8,56,555,226,781,595,,595,,,,11,,11,3,1,4,3134,235,3369,,,,,,,,,,2,,2,165,3,168,167,3,170,3134,235,3369,167,3,170,3301,238,3539
2025-10-04,2025-10-05,1474,,,,453,,,,53,8,,,560,224,,,601,,,,,,,,,,11,,3,1,,,3144,233,11,,,,,,6,,1,,,,,,,,,,,,,,,,,,,,,,,5,,,,,,,,,,,,,,,,,,,,,,,,,,,,,,,,,,,,,,,6,5,1,,1481,,1481,453,,453,53,8,61,560,229,789,601,,601,,,,11,,11,3,1,4,3162,238,3400,,,,,,,,,,2,,2,164,3,167,166,3,169,3162,238,3400,166,3,169,3328,241,3569
2025-10-05,2025-10-06,1471,,,,459,,,,56,8,,,561,227,,,613,,,,,,,,,,11,,,,,,3160,235,11,,,,,,8,,,,,,,,,,,,,,,,,,,,,,,,,4,,,,,,,,,,,,,,,,,,,,,,,,,,,,,,,,,,,,,,,8,4,,,1479,,1479,459,,459,56,8,64,561,231,792,613,,613,,,,11,,11,,,,3179,239,3418,,,,,,,,,,2,,2,164,3,167,166,3,169,3179,239,3418,166,3,169,3345,242,3587
2025-10-06,2025-10-07,1461,,,,448,,,,54,7,,,565,229,,,604,,,,,,,,,,11,,,,,,3132,236,11,,,,,,7,,,,,,,,,,,,,,,,,,,,,,,,,1,1,,,,,,,,,,,,,,,,,,,,,,,,,,,,,,,,,,,,,,7,1,1,,1468,,1468,448,,448,54,7,61,566,230,796,604,,604,,,,11,,11,,,,3151,237,3388,,,,,,,,,,2,,2,166,3,169,168,3,171,3151,237,3388,168,3,171,3319,240,3559
2025-10-07,2025-10-08,1455,,,,448,,,,46,6,,,562,222,,,606,,,,,,,,,,11,,,,,,3117,228,11,,,,,,3,,,,,,,,,,,,,,,,1,,,,,,,,,2,,,,,,,,,,,,,,,,,,,,,,,,,,,,,,,,,,,,,,,4,2,,,1458,,1458,448,,448,47,6,53,562,224,786,606,,606,,,,11,,11,,,,3132,230,3362,,,,,,,,,,2,,2,164,2,166,166,2,168,3132,230,3362,166,2,168,3298,232,3530
2025-10-08,2025-10-09,1451,,,,456,,,,47,7,,,557,216,,,579,,,,,,,,,,11,,,,,,3090,223,11,,,,,,2,,,,,,,,,,,,,,,,1,,,,,,,,,1,,,,,,,,,,,,,,,,,,,,,,,,,,,,,,,,,,,,,,,3,1,,,1453,,1453,456,,456,48,7,55,557,217,774,579,,579,,,,11,,11,,,,3104,224,3328,,,,,,,,,,2,,2,165,2,167,167,2,169,3104,224,3328,167,2,169,3271,226,3497
2025-10-09,2025-10-10,1461,,,,452,,,,42,7,,,553,213,,,582,,,,,,,,,,11,,,,,,3090,220,11,,,,,,4,,1,,,,,,,,1,,,,,,,,,1,,,,,,2,,,,,,,,,,,,,,,,,,,,,,,,,,,,,,,,,,,,,,,4,2,2,1,1466,,1466,453,,453,42,8,50,553,215,768,582,,582,,,,11,,11,,,,3107,223,3330,,,,,,,,,,2,,2,165,4,169,167,4,171,3107,223,3330,167,4,171,3274,227,3501
2025-10-10,2025-10-11,1450,,,,446,,,,46,7,,,550,217,,,586,,,,,,,,,,11,,3,1,,,3081,225,11,,,,,,2,,,,,,,,,,,,,,,,,,,,,,,,,,,,,,,,,,,,,,,,,,,,,,,,,,,,,,,,,,,,,,,,2,,,,1452,,1452,446,,446,46,7,53,550,217,767,586,,586,,,,11,,11,3,1,4,3094,225,3319,,,,,,,,,,2,,2,164,2,166,166,2,168,3094,225,3319,166,2,168,3260,227,3487
2025-10-11,2025-10-12,1456,,,,449,,,,47,7,,,549,219,,,595,,,,,,,,,,11,,3,1,,,3099,227,11,,,,,,2,,1,,,,,,,,,,,,,,,,,,,,,,,,,,,,,,,,,,,,,,,,,,,,,,,,,,,,,,,,,,,,,,2,,1,,1459,,1459,449,,449,47,7,54,549,219,768,595,,595,,,,11,,11,3,1,4,3113,227,3340,,,,,,,,,,2,,2,164,2,166,166,2,168,3113,227,3340,166,2,168,3279,229,3508
2025-10-12,2025-10-13,1463,,,,450,,,,46,7,,,554,219,,,601,,,,,,,,,,11,,,,,,3114,226,11,,,,,,5,,2,,,,,,,,,,,,,,,,,,,,,,,,,,,,,,,,,,,,,,,,,,,,,,,,,,,,,,,,,,,,,,5,,2,,1470,,1470,450,,450,46,7,53,554,219,773,601,,601,,,,11,,11,,,,3132,226,3358,,,,,,,,,,2,,2,164,2,166,166,2,168,3132,226,3358,166,2,168,3298,228,3526
2025-10-13,2025-10-14,1464,,,,454,,,,48,5,,,557,228,,,606,,,,,,,,,,11,,,,,,3129,233,11,,,,,,8,,,,,,,,,,,,,,,,1,,,,,,,,,,,,,,,,,,,,,,,,,,,,,,,,,,,,,,,,,,,,,,,,9,,,,1472,,1472,454,,454,49,5,54,557,228,785,606,,606,,,,11,,11,,,,3149,233,3382,,,,,,,,,,2,,2,165,2,167,167,2,169,3149,233,3382,167,2,169,3316,235,3551
2025-10-14,2025-10-15,1473,,,,448,,,,50,5,,,556,218,,,604,,,,,,,,,,11,,,,,,3131,223,11,,,,,,4,,2,,,,,,,,,,,,,,1,,,,,,,,,,,1,,,,,,,1,,,,,,,,,,,,,,,,,,,,,,,,,,,,,,5,,3,1,1479,,1479,448,,448,51,5,56,556,219,775,605,,605,,,,11,,11,,,,3150,224,3374,,,,,,,,,,2,,2,165,2,167,167,2,169,3150,224,3374,167,2,169,3317,226,3543
2025-10-15,2025-10-16,1457,,,,447,,,,49,5,,,562,219,,,586,,,,,,,,,,11,,,,,,3101,224,11,,,,,,4,,1,,,,,,,,2,,,,,,1,,,1,,,,,,2,,,,,,,,,,,,,,,,,,,,,,,,,,,,,,,,,,,,,,,5,2,3,1,1462,,1462,449,,449,50,6,56,562,221,783,586,,586,,,,11,,11,,,,3120,227,3347,,,,,,,,,,2,,2,163,2,165,165,2,167,3120,227,3347,165,2,167,3285,229,3514
2025-10-16,2025-10-17,1465,,,,445,,,,49,5,,,564,219,,,585,,,,,,,,,,11,,,,,,3108,224,11,,,,,,5,,3,,,,,,,,,,,,,,1,1,,,,,,,1,2,1,,,,,,,,1,,,,,,,,,,,,,,,,,,,,,,,,,,,,,,7,3,5,,1473,,1473,445,,445,50,6,56,566,221,787,586,,586,,,,11,,11,,,,3131,227,3358,,,,,,,,,,2,,2,165,2,167,167,2,169,3131,227,3358,167,2,169,3298,229,3527
2025-10-17,2025-10-18,1472,,,,447,,,,44,4,,,563,216,,,589,,,,,,,,,,11,,3,1,,,3118,221,11,,,,,,5,,1,,,,,,,,,,,,,,1,1,,,,,,,1,,,,,,,,1,,,,,,,,,,,,,,,,,,,,,,,,,,,,,,,,8,1,1,,1478,,1478,447,,447,45,5,50,564,216,780,590,,590,,,,11,,11,3,1,4,3138,222,3360,,,,,,,,,,2,,2,163,2,165,165,2,167,3138,222,3360,165,2,167,3303,224,3527
2025-10-18,2025-10-19,1474,,,,455,,,,44,4,,,561,219,,,601,,,,,,,,,,11,,3,1,,,3138,224,11,,,,,,4,,,,,,,,,,,,,,,,1,1,1,,,,,,1,,,,,,,,1,,,,,,,,,,,,,,,,,,,,,,,,,,,,,,,,7,1,1,,1478,,1478,455,,455,46,5,51,562,219,781,602,,602,,,,11,,11,3,1,4,3157,225,3382,,,,,,,,,,2,,2,164,2,166,166,2,168,3157,225,3382,166,2,168,3323,227,3550
2025-10-19,2025-10-20,1483,,,,466,,,,40,4,,,562,220,,,601,,,,,,,,,,11,,,,,,3152,224,11,,,,,,6,,,,,,,,,,,,,,,,2,1,1,,,,,,,,,1,,,,,1,,,,,,,,,,,,,,,,,,,,,,,,,,,,,,,,9,1,1,1,1489,,1489,466,,466,43,5,48,562,221,783,602,,602,,,,11,,11,,,,3173,226,3399,,,,,,,,,,2,,2,163,2,165,165,2,167,3173,226,3399,165,2,167,3338,228,3566
2025-10-20,2025-10-21,1489,,,,455,,,,47,4,,,565,217,,,595,,,,,,,,,,11,,,,,,3151,221,11,,,,,,4,,2,,,,,,,,,,,,,,4,1,,,,,,,,2,,,,,,,1,,,,,,,,,,,,,,,,,,,,,,,,,,,,,,,,9,3,2,,1495,,1495,455,,455,51,5,56,565,219,784,596,,596,,,,11,,11,,,,3173,224,3397,,,,,,,,,,2,,2,164,3,167,166,3,169,3173,224,3397,166,3,169,3339,227,3566
2025-10-21,2025-10-22,1460,,,,452,,,,50,4,,,564,219,,,591,,,,,,,,,,11,,,,,,3117,223,11,,,,,,6,,,,,,,,,,1,,,,,,4,1,,,,,,,,,,1,,,,,1,,,,,,,,,,,,,,,,,,,,,,,,,,,,,,,,11,1,1,1,1466,,1466,453,,453,54,5,59,564,220,784,592,,592,,,,11,,11,,,,3140,225,3365,,,,,,,,,,2,,2,166,2,168,168,2,170,3140,225,3365,168,2,170,3308,227,3535
2025-10-22,2025-10-23,1486,,,,455,,,,43,2,,,548,219,,,588,,,,,,,,,,12,,,,,,3120,221,12,,,,,,5,,,,,,,,,,1,,,,,,4,1,1,,,,,,,2,,,,,,,1,,1,,,,,,,,,,,,,,,,,,,,,,,,,,,,,,10,3,3,,1491,,1491,456,,456,48,3,51,548,221,769,590,,590,,,,12,,12,,,,3145,224,3369,,,,,,,,,,2,,2,164,2,166,166,2,168,3145,224,3369,166,2,168,3311,226,3537
2025-10-23,2025-10-24,1501,,,,447,,,,46,2,,,545,213,,,591,,,,,,,,,,12,,,,,,3130,215,12,,,,,,3,,1,,,,,,1,,,,,,,,4,1,,,,,,,,2,,1,,,,,2,,2,,,,,,,,,,,,,,,,,,,,,,,,,,,,,,10,3,3,1,1505,,1505,448,,448,50,3,53,545,216,761,595,,595,,,,12,,12,,,,3155,219,3374,,,,,,,,,,2,,2,166,2,168,168,2,170,3155,219,3374,168,2,170,3323,221,3544
2025-10-24,2025-10-26,1493,,,,454,,,,51,2,,,546,220,,,595,,,,,,,,,,12,,3,1,,,3142,223,12,,,,,,8,,2,,,,,,1,,,,,,,,4,1,1,,,,,,,1,1,,,,,,1,,,,,,,,,,,,,,,,,,,,,,,,,,,,,,,,14,2,4,,1503,,1503,455,,455,56,3,59,547,221,768,596,,596,,,,12,,12,3,1,4,3172,225,3397,,,,,,,,,,2,,2,164,2,166,166,2,168,3172,225,3397,166,2,168,3338,227,3565
2025-10-26,2025-10-27,1501,,,,459,,,,51,2,,,567,229,,,602,,,,,,,,,,11,,,,,,3180,231,11,,,,,,4,,,,,,,,1,,1,,,,,,4,1,,,,,,,1,2,,,,,,,,,,,,,,,,,,,,,,,,,,,,,,,,,,,,,,,10,3,1,,1505,,1505,461,,461,55,3,58,568,231,799,602,,602,,,,11,,11,,,,3202,234,3436,,,,,,,,,,2,,2,163,2,165,165,2,167,3202,234,3436,165,2,167,3367,236,3603
2025-10-27,2025-10-28,1503,,,,458,,,,54,3,,,563,225,,,601,,,,,,,,,,11,,,,,,3179,228,11,,,,,,4,,1,,,,,,1,,,,,,,,3,1,,,,,,,,2,,1,,,,,,,1,,,,,,,,,,,,,,,,,,,,,,,,,,,,,,8,3,2,1,1508,,1508,459,,459,57,4,61,563,228,791,602,,602,,,,11,,11,,,,3200,232,3432,,,,,,,,,,2,,2,162,2,164,164,2,166,3200,232,3432,164,2,166,3364,234,3598
2025-10-28,2025-10-29,1511,,,,454,,,,50,3,,,558,224,,,598,,,,,,,,,,11,,,,,,3171,227,11,,,,,,3,,4,,,,,,,,1,,,,,,3,1,1,,,,,,1,1,,,,,,,,,,,,,,,,,,,,,,,,,,,,,,,,,,,,,,,7,2,6,,1518,,1518,455,,455,54,4,58,559,225,784,598,,598,,,,11,,11,,,,3195,229,3424,,,,,,,,,,2,,2,161,2,163,163,2,165,3195,229,3424,163,2,165,3358,231,3589
2025-10-29,2025-10-30,1503,,,,446,,,,51,2,,,558,225,,,588,,,,,,,,,,11,,,,,,3146,227,11,,,,,,2,,,,,,,,1,,,,,,,,3,1,1,,,,,,1,1,1,1,,,,,,,1,,,,,,,,,,,,,,,,,,,,,,,,,,,,,,7,2,3,1,1505,,1505,447,,447,55,3,58,560,227,787,589,,589,,,,11,,11,,,,3167,230,3397,,,,,,,,,,2,,2,165,3,168,167,3,170,3167,230,3397,167,3,170,3334,233,3567
2025-10-30,2025-10-31,1513,,,,436,,,,56,2,,,564,229,,,594,,,,,,,,,,11,,,,,,3163,231,11,,,,,,2,,3,,,,,,1,,,,,,,,1,,,1,,,,,1,1,,,,,,,,,,,,,,,,,,,,,,,,,,,,,,,,,,,,,,,5,1,3,1,1518,,1518,437,,437,57,3,60,565,230,795,594,,594,,,,11,,11,,,,3182,233,3415,,,,,,,,,,2,,2,168,3,171,170,3,173,3182,233,3415,170,3,173,3352,236,3588
2025-10-31,2025-11-01,1509,,,,426,,,,58,2,,,567,224,,,606,,,,,,,,,,11,,3,1,,,3169,227,11,,,,,,2,,1,,,,,,1,,,,,,,,,1,1,,,,,,1,2,,,,,,,,,1,,,,,,,,,,,,,,,,,,,,,,,,,,,,,,4,3,3,,1512,,1512,427,,427,59,3,62,568,226,794,607,,607,,,,11,,11,3,1,4,3187,230,3417,,,,,,,,,,2,,2,171,3,174,173,3,176,3187,230,3417,173,3,176,3360,233,3593
2025-11-01,2025-11-02,1508,,,,436,,,,60,2,,,566,230,,,617,,,,,,,,,,11,,3,1,,,3190,233,11,,,,,,2,,,,,,,,1,,,,,,,,,1,,,,,,,1,2,,,,,,,1,,,,,,,,,,,,,,,,,,,,,,,,,,,,,,,,5,3,,,1510,,1510,437,,437,60,3,63,567,232,799,618,,618,,,,11,,11,3,1,4,3206,236,3442,,,,,,,,,,2,,2,168,3,171,170,3,173,3206,236,3442,170,3,173,3376,239,3615
2025-11-02,2025-11-03,1512,,,,448,,,,59,3,,,570,229,,,621,,,,,,,,,,11,,,,,,3210,232,11,,,,,,2,,2,,,,,,,,,,,,,,,1,1,,,,,,1,2,,2,,,,,1,,,,,,,,,,,,,,,,,,,,,,,,,,,,,,,,4,3,3,2,1516,,1516,448,,448,60,4,64,571,233,804,622,,622,,,,11,,11,,,,3228,237,3465,,,,,,,,,,2,,2,169,3,172,171,3,174,3228,237,3465,171,3,174,3399,240,3639
2025-11-03,2025-11-04,1506,,,,452,,,,59,4,,,571,233,,,609,,,,,,,,,,11,,,,,,3197,237,11,,,,,,3,,,,,,,,,,,,,,,,2,1,1,,,,,,,1,,,,,,,1,,,,,,,,,,,,,,,,,,,,,,,,,,,,,,,,6,2,1,,1509,,1509,452,,452,62,5,67,571,234,805,610,,610,,,,11,,11,,,,3215,239,3454,,,,,,,,,,2,,2,168,3,171,170,3,173,3215,239,3454,170,3,173,3385,242,3627
2025-11-04,2025-11-05,1486,,,,445,,,,57,3,,,567,231,,,610,,,,,,,,,,11,,,,,,3165,234,11,,,,,,3,,5,,,,,,,,,,,,,,2,1,,,,,,,,2,,,,,,,1,,,,,,,,,,,,,,,,,,,,,,,,,,,,,,,,6,3,5,,1494,,1494,445,,445,59,4,63,567,233,800,611,,611,,,,11,,11,,,,3187,237,3424,,,,,,,,,,2,,2,168,3,171,170,3,173,3187,237,3424,170,3,173,3357,240,3597
2025-11-05,2025-11-06,1482,,,,438,,,,51,3,,,569,232,,,610,,,,,,,,,,11,,,,,,3150,235,11,,,,,,2,,1,,,,,,,,2,,,,,,1,1,1,,,,,,,3,1,,,,,,1,,,,,,,,,,,,,,,,,,,,,,,,,,,,,,,,4,4,5,,1485,,1485,440,,440,53,4,57,570,235,805,611,,611,,,,11,,11,,,,3170,239,3409,,,,,,,,,,2,,2,164,3,167,166,3,169,3170,239,3409,166,3,169,3336,242,3578
2025-11-06,2025-11-07,1472,,,,443,,,,54,3,,,563,237,,,613,,,,,,,,,,11,,,,,,3145,240,11,,,,,,2,,1,,,,,,2,,,,,,,,2,1,,,,,,,1,2,,,,,,,,,,,,,,,,,,,,,,,,,,,,,,,,,,,,,,,7,3,1,,1475,,1475,445,,445,56,4,60,564,239,803,613,,613,,,,11,,11,,,,3164,243,3407,,,,,,,,,,2,,2,169,3,172,171,3,174,3164,243,3407,171,3,174,3335,246,3581
2025-11-07,2025-11-08,1468,,,,448,,,,56,3,,,561,234,,,618,,,,,,,,,,11,,4,1,,,3155,238,11,,,,,,2,,,,,,,,2,,,,,,,,2,1,,,,,,,1,2,,1,,,,,,,1,,,,,,,,,,,,,,,,,,,,,,,,,,,,,,7,3,1,1,1470,,1470,450,,450,58,4,62,562,237,799,619,,619,,,,11,,11,4,1,5,3174,242,3416,,,,,,,,,,2,,2,169,4,173,171,4,175,3174,242,3416,171,4,175,3345,246,3591
2025-11-08,2025-11-09,1484,,,,454,,,,53,4,,,574,242,,,619,,,,,,,,,,11,,4,1,,,3188,247,11,,,,,,4,,2,,,,,,2,,1,,,,,,2,1,,,,,,,1,2,1,,,,,,,,,,,,,,,,,,,,,,,,,,,,,,,,,,,,,,9,3,4,,1490,,1490,457,,457,55,5,60,576,244,820,619,,619,,,,11,,11,4,1,5,3212,250,3462,,,,,,,,,,2,,2,166,3,169,168,3,171,3212,250,3462,168,3,171,3380,253,3633
2025-11-09,2025-11-10,1489,,,,460,,,,54,4,,,575,248,,,627,,,,,,,,,,11,,,,,,3205,252,11,,,,,,3,,1,,,,,,3,,,,,,,,3,1,,,,,,,1,1,,,,,,,,,,,,,,,,,,,,,,,,,,,,,,,,,,,,,,,10,2,1,,1493,,1493,463,,463,57,5,62,576,249,825,627,,627,,,,11,,11,,,,3227,254,3481,,,,,,,,,,2,,2,166,3,169,168,3,171,3227,254,3481,168,3,171,3395,257,3652
2025-11-10,2025-11-11,1499,,,,453,,,,54,3,,,577,243,,,627,,,,,,,,,,11,,,,,,3210,246,11,,,,,,3,,,,,,,,3,,,,,,,,3,,1,,,,,,1,,,1,,,,,,,,,,,,,,,,,,,,,,,,,,,,,,,,,,,,,10,,1,1,1502,,1502,456,,456,58,3,61,578,244,822,627,,627,,,,11,,11,,,,3232,247,3479,,,,,,,,,,2,,2,166,3,169,168,3,171,3232,247,3479,168,3,171,3400,250,3650
2025-11-11,2025-11-12,1499,,,,460,,,,53,3,,,578,247,,,628,,,,,,,,,,11,,,,,,3218,250,11,,,,,,5,,,,,,,,2,,,,,,,,3,1,,,,,,,1,3,,1,,,,,,,,,,,,,,,,,,,,,,,,,,,,,,,,,,,,,11,4,,1,1504,,1504,462,,462,56,4,60,579,251,830,628,,628,,,,11,,11,,,,3240,255,3495,,,,,,,,,,2,,2,170,3,173,172,3,175,3240,255,3495,172,3,175,3412,258,3670
2025-11-12,2025-11-13,1521,,,,462,,,,51,3,,,557,245,,,617,,,,,,,,,,11,,,,,,3208,248,11,,,,,,3,,,,,,,,2,,,,,,,,3,1,,,,,,,,3,,1,,,,,,,1,,,,,,,,,,,,,,,,,,,,,,,,,,,,,,8,4,1,1,1524,,1524,464,,464,54,4,58,557,249,806,618,,618,,,,11,,11,,,,3228,253,3481,,,,,,,,,,2,,2,165,3,168,167,3,170,3228,253,3481,167,3,170,3395,256,3651
2025-11-13,2025-11-14,1506,,,,461,,,,52,2,,,565,251,,,625,,,,,,,,,,11,,,,,,3209,253,11,,,,,,2,,,,,,1,,,,,,,,,,2,1,,,,,,,1,3,,,,,,,,,,,,,,,,,,,,,,,,,,,,,,,,,,,,,1,,5,4,,,1508,,1508,462,,462,54,3,57,566,254,820,625,,625,,,,11,,11,,,,3226,257,3483,,,,,,,,,,2,,2,168,3,171,170,3,173,3226,257,3483,170,3,173,3396,260,3656
2025-11-14,2025-11-15,1528,,,,455,,,,50,2,,,564,262,,,632,,,,,,,,,,11,,6,1,,,3235,265,11,,,,,,3,,1,,,,1,,,,,,,,,,2,1,,,,,,,1,2,,,,,,,,,1,,,,,,,,,,,,,,,,,,,,,,,,,,,,1,,6,3,2,,1532,,1532,456,,456,52,3,55,565,264,829,633,,633,,,,11,,11,6,1,7,3255,268,3523,,,,,,,,,,2,,2,169,3,172,171,3,174,3255,268,3523,171,3,174,3426,271,3697
2025-11-15,2025-11-16,1542,,,,464,,,,50,2,,,564,265,,,634,,,,,,,,,,11,,4,1,,,3258,268,11,,,,,,3,,1,,,,,,,,,,,,,,2,1,,,,,,,1,2,,,,,,,,,,,,,,,,,,,,,,,,,,,,,,,,,,,,,,,6,3,1,,1546,,1546,464,,464,52,3,55,565,267,832,634,,634,,,,11,,11,4,1,5,3276,271,3547,,,,,,,,,,2,,2,168,3,171,170,3,173,3276,271,3547,170,3,173,3446,274,3720
2025-11-16,2025-11-17,1549,,,,469,,,,55,2,,,571,271,,,634,,,,,,,,,,10,,,,,,3278,273,10,,,,,,5,,,,,,,,,,,,,,,,2,1,,,,,,,1,3,,,,,,,,,,,,,,,,,,,,,,,,,,,,,,,,,,,,,,,8,4,,,1554,,1554,469,,469,57,3,60,572,274,846,634,,634,,,,10,,10,,,,3296,277,3573,,,,,,,,,,2,,2,168,3,171,170,3,173,3296,277,3573,170,3,173,3466,280,3746
2025-11-17,2025-11-18,1541,,,,459,,,,54,2,,,570,258,,,621,,,,,,,,,,10,,,,,,3245,260,10,,,,,,5,,2,,,,,,,,1,,,,,,2,1,,,,,,,,2,1,,,,,,,,,,,,,,,,,,,,,,,,,,,,,,,,,,,,,,7,3,4,,1548,,1548,460,,460,56,3,59,571,260,831,621,,621,,,,10,,10,,,,3266,263,3529,,,,,,,,,,2,,2,167,3,170,169,3,172,3266,263,3529,169,3,172,3435,266,3701
2025-11-18,2025-11-19,1537,,,,465,,,,45,2,,,563,250,,,623,,,,,,,,,,10,,,,,,3233,252,10,,,,,,5,,1,,,,,,,,,,,,,,2,1,1,,,,,,,,,,,,,,,,,,,,,,,,,,,,,,,,,,,,,,,,,,,,,,7,1,2,,1543,,1543,465,,465,48,3,51,563,250,813,623,,623,,,,10,,10,,,,3252,253,3505,,,,,,,,,,2,,2,167,3,170,169,3,172,3252,253,3505,169,3,172,3421,256,3677
2025-11-19,2025-11-20,1542,,,,459,,,,46,3,,,564,245,,,612,,,,,,,,,,10,,,,,,3223,248,10,,,,,,6,,2,,,,,,,,,,,,,,2,1,,,,,,,,1,,,,,,,,,,,,,,,,,,,,,,,,,,,,,,,,,,,,,,,8,2,2,,1550,,1550,459,,459,48,4,52,564,246,810,612,,612,,,,10,,10,,,,3243,250,3493,,,,,,,,,,2,,2,164,3,167,166,3,169,3243,250,3493,166,3,169,3409,253,3662
2025-11-20,2025-11-21,1539,,,,452,,,,48,3,,,559,238,,,612,,,,,,,,,,10,,,,,,3210,241,10,,,,,,8,,,,,,,,,,,,,,,,1,1,,,,,,,,1,,,,,,,,,,,,,,,,,,,,,,,,,,,,,,,,,,,,,,,9,2,,,1547,,1547,452,,452,49,4,53,559,239,798,612,,612,,,,10,,10,,,,3229,243,3472,,,,,,,,,,2,,2,169,3,172,171,3,174,3229,243,3472,171,3,174,3400,246,3646
2025-11-21,2025-11-22,1550,,,,443,,,,50,3,,,557,246,,,609,,,,,,,,,,10,,1,1,,,3210,250,10,,,,,,3,,1,,,,,,,,,,,,,,1,1,,,,,,,1,,,,,,,,,,,,,,,,,,,,,,,,,,,,,,,,,,,,,,,,5,1,1,,1554,,1554,443,,443,51,4,55,558,246,804,609,,609,,,,10,,10,1,1,2,3226,251,3477,,,,,,,,,,2,,2,167,3,170,169,3,172,3226,251,3477,169,3,172,3395,254,3649
2025-11-22,2025-11-23,1558,,,,459,,,,47,3,,,563,247,,,610,,,,,,,,,,10,,2,1,,,3239,251,10,,,,,,4,,,,,,,,,,,,,,,,1,1,,,,,,,1,,,,,,,,,,,,,,,,,,,,,,,,,,,,,,,,,,,,,,,,6,1,,,1562,,1562,459,,459,48,4,52,564,247,811,610,,610,,,,10,,10,2,1,3,3255,252,3507,,,,,,,,,,2,,2,167,3,170,169,3,172,3255,252,3507,169,3,172,3424,255,3679
2025-11-23,2025-11-24,1575,,,,467,,,,50,4,,,563,252,,,619,,,,,,,,,,10,,1,,,,3275,256,10,,,,,,4,,1,,,,,,,,,,,,,,1,1,,,,,,,1,1,,,,,,,,,,,,,,,,,,,,,,,,,,,,,,,,,,,,,,,6,2,1,,1580,,1580,467,,467,51,5,56,564,253,817,619,,619,,,,10,,10,1,,1,3292,258,3550,,,,,,,,,,2,,2,168,3,171,170,3,173,3292,258,3550,170,3,173,3462,261,3723
2025-11-24,2025-11-25,1555,,,,465,,,,48,3,,,560,252,,,611,,,,,,,,,,10,,,,,,3239,255,10,,,,,,2,,1,,,,,,,,,,,,,,2,1,,,,,,,1,1,,1,,,,,,,,,,,,,,,,,,,,,,,,,,,,,,,,,,,,,5,2,1,1,1558,,1558,465,,465,50,4,54,561,254,815,611,,611,,,,10,,10,,,,3255,258,3513,,,,,,,,,,2,,2,167,3,170,169,3,172,3255,258,3513,169,3,172,3424,261,3685
2025-11-25,2025-11-26,1535,,,,464,,,,43,2,,,555,253,,,609,,,,,,,,,,10,,,,,,3206,255,10,,,,,,3,,1,,,,,,,,1,,,,,,2,1,,,,,,,1,1,,2,,,,,,,1,,,,,,,,,,,,,,,,,,,,,,,,,,,,,,6,2,3,2,1539,,1539,465,,465,45,3,48,556,256,812,610,,610,,,,10,,10,,,,3225,259,3484,,,,,,,,,,2,,2,168,3,171,170,3,173,3225,259,3484,170,3,173,3395,262,3657
2025-11-26,2025-11-27,1517,,,,462,,,,45,2,,,555,255,,,613,,,,,,,,,,10,,,,,,3192,257,10,,,,,,3,,3,,,,,,,,,,,,,,2,1,,,,,,,1,2,1,,,,,,,,,,,,,,,,,,,,,,,,,,,,,,,,,,,,,,6,3,4,,1523,,1523,462,,462,47,3,50,557,257,814,613,,613,,,,10,,10,,,,3212,260,3472,,,,,,,,,,2,,2,163,3,166,165,3,168,3212,260,3472,165,3,168,3377,263,3640
2025-11-27,2025-11-28,1524,,,,470,,,,45,2,,,558,260,,,614,,,,,,,,,,10,,,,,,3211,262,10,,,,,,3,,,,,,,,,,,,,,,,2,1,,,,,,,1,1,,,,,,,,,,,,,,,,,,,,,,,,,,,,,,,,,,,,,,,6,2,,,1527,,1527,470,,470,47,3,50,559,261,820,614,,614,,,,10,,10,,,,3227,264,3491,,,,,,,,,,2,,2,162,3,165,164,3,167,3227,264,3491,164,3,167,3391,267,3658
2025-11-28,2025-11-29,1516,,,,472,,,,46,2,,,564,260,,,617,,,,,,,,,,10,,1,1,,,3216,263,10,,,,,,4,,,,,,,,,,,,,,,,1,1,,,,,,,1,,1,,,,,,,,,,,,,,,,,,,,,,,,,,,,,,,,,,,,,,6,1,1,,1520,,1520,472,,472,47,3,50,566,260,826,617,,617,,,,10,,10,1,1,2,3233,264,3497,,,,,,,,,,2,,2,162,3,165,164,3,167,3233,264,3497,164,3,167,3397,267,3664
2025-11-29,2025-11-30,1514,,,,473,,,,46,2,,,565,260,,,622,,,,,,,,,,10,,2,1,,,3222,263,10,,,,,,5,,1,,,,,,,,,,,,,,1,1,,,,,,,2,,,,,,,,,,,,,,,,,,,,,,,,,,,,,,,,,,,,,,,,8,1,1,,1520,,1520,473,,473,47,3,50,567,260,827,622,,622,,,,10,,10,2,1,3,3241,264,3505,,,,,,,,,,2,,2,162,3,165,164,3,167,3241,264,3505,164,3,167,3405,267,3672
2025-11-30,2025-12-01,1521,,,,476,,,,45,2,,,565,260,,,626,,,,,,,,,,10,,1,,,,3234,262,10,,,,,,7,,1,,,,,,,,1,,,,,,1,1,,,,,,,2,3,,,,,,,,,,,,,,,,,,,,,,,,,,,,,,,,,,,,,,,10,4,2,,1529,,1529,477,,477,46,3,49,567,263,830,626,,626,,,,10,,10,1,,1,3256,266,3522,,,,,,,,,,2,,2,162,3,165,164,3,167,3256,266,3522,164,3,167,3420,269,3689
2025-12-01,2025-12-02,1529,,,,465,,,,49,2,,,566,254,,,620,,,,,,,,,,10,,,,,,3229,256,10,,,,,,7,,1,,,,,,,,,,,,,,1,1,,,,,,,1,3,,,,,,,,,1,,,,,,,,,,,,,,,,,,,,,,,,,,,,,,9,4,2,,1537,,1537,465,,465,50,3,53,567,257,824,621,,621,,,,10,,10,,,,3250,260,3510,,,,,,,,,,2,,2,162,3,165,164,3,167,3250,260,3510,164,3,167,3414,263,3677
2025-12-02,2025-12-03,1523,,,,469,,,,48,3,,,564,246,,,613,,,,,,,,,,10,,,,,,3217,249,10,,,,,,6,,2,,,,,,,,,,,,,,1,1,1,,,,,,1,3,,,,,,,,,,,,,,,,,,,,,,,,,,,,,,,,,,,,,,,8,4,3,,1531,,1531,469,,469,50,4,54,565,249,814,613,,613,,,,10,,10,,,,3238,253,3491,,,,,,,,,,2,,2,163,3,166,165,3,168,3238,253,3491,165,3,168,3403,256,3659
2025-12-03,2025-12-04,1516,,,,461,,,,46,3,,,553,237,,,599,,,,,,,,,,10,,,,,,3175,240,10,,,,,,8,,1,,,,,,,,1,,,,,,1,1,,,,,,,1,3,,1,,,,,,,,,,,,,,,,,,,,,,,,,,,,,,,,,,,,,10,4,2,1,1525,,1525,462,,462,47,4,51,554,241,795,599,,599,,,,10,,10,,,,3197,245,3442,,,,,,,,,,2,,2,163,2,165,165,2,167,3197,245,3442,165,2,167,3362,247,3609
2025-12-04,2025-12-05,1519,,,,452,,,,51,2,,,547,229,,,599,,,,,,,,,,10,,,,,,3168,231,10,,,,,,9,,1,,,,,,,,,,,,,,1,1,,,,,,,1,4,,,,,,,,,,,,,,,,,,,,,,,,,,,,,,,,,,,,,,,11,5,1,,1529,,1529,452,,452,52,3,55,548,233,781,599,,599,,,,10,,10,,,,3190,236,3426,,,,,,,,,,2,,2,163,2,165,165,2,167,3190,236,3426,165,2,167,3355,238,3593
2025-12-05,2025-12-06,1533,,,,443,,,,47,3,,,542,225,,,600,,,,,,,,,,10,,1,,,,3166,228,10,,,,,,7,,,,,,,,,,,,,,,,,1,,,,,,,1,2,,,,,,,,,,,,,,,,,,,,,,,,,,,,,,,,,,,,,,,8,3,,,1540,,1540,443,,443,47,4,51,543,227,770,600,,600,,,,10,,10,1,,1,3184,231,3415,,,,,,,,,,2,,2,163,2,165,165,2,167,3184,231,3415,165,2,167,3349,233,3582
2025-12-06,2025-12-07,1539,,,,438,,,,48,3,,,548,228,,,614,,,,,,,,,,10,,2,,,,3189,231,10,,,,,,7,,,,,,,,,,,,,,,,,1,1,,,,,,1,2,,,,,,,1,,,,,,,,,,,,,,,,,,,,,,,,,,,,,,,,9,3,1,,1546,,1546,438,,438,49,4,53,549,230,779,615,,615,,,,10,,10,2,,2,3209,234,3443,,,,,,,,,,2,,2,163,2,165,165,2,167,3209,234,3443,165,2,167,3374,236,3610
2025-12-07,2025-12-08,1539,,,,451,,,,51,3,,,548,229,,,619,,,,,,,,,,10,,1,,,,3209,232,10,,,,,,7,,1,,,,,,,,,,,,,,,1,,,,,,,1,2,,,,,,,1,,,,,,,,,,,,,,,,,,,,,,,,,,,,,,,,9,3,1,,1547,,1547,451,,451,51,4,55,549,231,780,620,,620,,,,10,,10,1,,1,3229,235,3464,,,,,,,,,,2,,2,163,2,165,165,2,167,3229,235,3464,165,2,167,3394,237,3631
2025-12-08,2025-12-09,1519,,,,453,,,,50,2,,,553,230,,,600,,,,,,,,,,10,,,,,,3175,232,10,,,,,,5,,1,,,,,,,,,,,,,,,1,,,,,,,,1,,,,,,,1,,1,,,,,,,,,,,,,,,,,,,,,,,,,,,,,,6,2,2,,1525,,1525,453,,453,50,3,53,553,231,784,602,,602,,,,10,,10,,,,3193,234,3427,,,,,,,,,,2,,2,165,2,167,167,2,169,3193,234,3427,167,2,169,3360,236,3596
2025-12-09,2025-12-10,1506,,,,446,,,,48,2,,,546,231,,,605,,,,,,,,,,10,,,,,,3151,233,10,,,,,,1,,1,,,,,,,,1,,,,,,,1,,,,,,,,1,1,,,,,,,,,,,,,,,,,,,,,,,,,,,,,,,,,,,,,,1,2,3,,1508,,1508,447,,447,48,3,51,547,232,779,605,,605,,,,10,,10,,,,3165,235,3400,,,,,,,,,,2,,2,167,2,169,169,2,171,3165,235,3400,169,2,171,3334,237,3571
2025-12-10,2025-12-12,1511,,,,452,,,,48,3,,,547,234,,,586,,,,,,,,,,10,,,,,,3144,237,10,,,,,,2,,,,,,,,,,,,,,,,,1,,,,,,,,1,,,,,,,1,,,,,,,,,,,,,,,,,,,,,,,,,,,,,,,,3,2,,,1513,,1513,452,,452,48,4,52,547,235,782,587,,587,,,,10,,10,,,,3157,239,3396,,,,,,,,,,2,,2,165,2,167,167,2,169,3157,239,3396,167,2,169,3324,241,3565
2025-12-12,2025-12-13,1517,,,,447,,,,46,5,,,534,230,,,574,,,,,,,,,,10,,1,,,,3119,235,10,,,,,,1,,,,,,,,,,,,,,,,1,1,,,,,,,,1,,,,,,,1,,,,,,,,,,,,,,,,,,,,,,,,,,,,,,,,3,2,,,1518,,1518,447,,447,47,6,53,534,231,765,575,,575,,,,10,,10,1,,1,3132,237,3369,,,,,,,,,,2,,2,165,2,167,167,2,169,3132,237,3369,167,2,169,3299,239,3538
2025-12-13,2025-12-14,1524,,,,451,,,,45,5,,,533,234,,,592,,,,,,,,,,10,,2,,,,3147,239,10,,,,,,2,,,,,,,,1,,,,,,,,1,1,,,,,,,,1,,1,,,,,1,,,,,,,,,,,,,,,,,,,,,,,,,,,,,,,,5,2,,1,1526,,1526,452,,452,46,6,52,533,236,769,593,,593,,,,10,,10,2,,2,3162,242,3404,,,,,,,,,,2,,2,163,2,165,165,2,167,3162,242,3404,165,2,167,3327,244,3571
2025-12-14,2025-12-15,1535,,,,461,,,,44,6,,,537,235,,,592,,,,,,,,,,10,,1,,,,3170,241,10,,,,,,2,,,,,,,,1,,,,,,,,1,1,,,,,,,,,,,,,,,1,,,,,,,,,,,,,,,,,,,,,,,,,,,,,,,,5,1,,,1537,,1537,462,,462,45,7,52,537,235,772,593,,593,,,,10,,10,1,,1,3185,242,3427,,,,,,,,,,2,,2,163,2,165,165,2,167,3185,242,3427,165,2,167,3350,244,3594
2025-12-15,2025-12-16,1503,,,,458,,,,45,5,,,539,230,,,601,,,,,,,,,,11,,,,,,3146,235,11,,,,,,,,1,,,,,,1,,1,,,,,,1,1,,,,,,,,,,,,,,,1,,,,,,,,,,,,,,,,,,,,,,,,,,,,,,,,3,1,2,,1504,,1504,460,,460,46,6,52,539,230,769,602,,602,,,,11,,11,,,,3162,236,3398,,,,,,,,,,2,,2,164,2,166,166,2,168,3162,236,3398,166,2,168,3328,238,3566
2025-12-16,2025-12-17,1486,,,,456,,,,47,4,,,540,223,,,601,,,,,,,,,,11,,,,,,3130,227,11,,,,,,,,1,,,,,,1,,1,,,,,,,1,,,,,,,,,,,,,,,,,,,,,,,,,,,,,,,,,,,,,,,,,,,,,,,1,1,2,,1487,,1487,458,,458,47,5,52,540,223,763,601,,601,,,,11,,11,,,,3144,228,3372,,,,,,,,,,2,,2,163,2,165,165,2,167,3144,228,3372,165,2,167,3309,230,3539
2025-12-17,2025-12-18,1471,,,,450,,,,49,3,,,536,221,,,588,,,,,,,,,,11,,,,,,3094,224,11,,,,,,1,,1,,,,,,2,,,,,,,,,1,1,,,,,,,,1,,,,,,,,,,,,,,,,,,,,,,,,,,,,,,,,,,,,,,3,1,3,,1473,,1473,452,,452,50,4,54,537,221,758,588,,588,,,,11,,11,,,,3111,225,3336,,,,,,,,,,2,,2,161,2,163,163,2,165,3111,225,3336,163,2,165,3274,227,3501
2025-12-18,2025-12-19,1463,,,,437,,,,52,5,,,538,213,,,592,,,,,,,,,,11,,,,,,3082,218,11,,,,,,2,,1,,,,,,,,,,,,,,2,1,,,,,,,,1,,,,,,,,,1,,,,,,,,,,,,,,,,,,,,,,,,,,,,,,4,2,2,,1466,,1466,437,,437,54,6,60,538,214,752,593,,593,,,,11,,11,,,,3099,220,3319,,,,,,,,,,2,,2,159,2,161,161,2,163,3099,220,3319,161,2,163,3260,222,3482
2025-12-19,2025-12-20,1473,,,,434,,,,52,7,,,524,208,,,598,,,,,,,,,,11,,1,,,,3082,215,11,,,,,,2,,,,,,,,,,,,,,,,2,1,1,,,,,,,1,,,,,,,,,,,,,,,,,,,,,,,,,,,,,,,,,,,,,,,4,2,1,,1475,,1475,434,,434,55,8,63,524,209,733,598,,598,,,,11,,11,1,,1,3098,217,3315,,,,,,,,,,2,,2,159,2,161,161,2,163,3098,217,3315,161,2,163,3259,219,3478
2025-12-20,2025-12-21,1477,,,,426,,,,54,7,,,533,211,,,606,,,,,,,,,,11,,2,,,,3098,218,11,,,,,,3,,1,,,,,,,,,,,,,,2,1,,,,,,,,1,,,,,,,,,,,,,,,,,,,,,,,,,,,,,,,,,,,,,,,5,2,1,,1481,,1481,426,,426,56,8,64,533,212,745,606,,606,,,,11,,11,2,,2,3115,220,3335,,,,,,,,,,2,,2,159,2,161,161,2,163,3115,220,3335,161,2,163,3276,222,3498
2025-12-21,2025-12-22,1474,,,,438,,,,54,7,,,549,213,,,606,,,,,,,,,,11,,1,,,,3122,220,11,,,,,,3,,,,,,,,,,,,,,,,2,1,,,,,,,,2,,,,,,,,,,,,,,,,,,,,,,,,,,,,,,,,,,,,,,,5,3,,,1477,,1477,438,,438,56,8,64,549,215,764,606,,606,,,,11,,11,1,,1,3138,223,3361,,,,,,,,,,2,,2,159,2,161,161,2,163,3138,223,3361,161,2,163,3299,225,3524
2025-12-22,2025-12-23,1465,,,,430,,,,47,7,,,547,210,,,598,,,,,,,,,,11,,,,,,3087,217,11,,,,,,2,,1,,,,,,,,,,,,,,2,1,,,,,,,,2,,,,,,,,,,,,,,,,,,,,,,,,,,,,,,,,,,,,,,,4,3,1,,1468,,1468,430,,430,49,8,57,547,212,759,598,,598,,,,11,,11,,,,3103,220,3323,,,,,,,,,,2,,2,160,2,162,162,2,164,3103,220,3323,162,2,164,3265,222,3487
2025-12-23,2025-12-24,1453,,,,424,,,,44,7,,,549,209,,,599,,,,,,,,,,11,,,,,,3069,216,11,,,,,,1,,1,,,,,,,,,,,,,,2,1,,,,,,,,1,,1,,,,,,,,,,,,,,,,,,,,,,,,,,,,,,,,,,,,,3,2,1,1,1455,,1455,424,,424,46,8,54,549,211,760,599,,599,,,,11,,11,,,,3084,219,3303,,,,,,,,,,2,,2,160,2,162,162,2,164,3084,219,3303,162,2,164,3246,221,3467
2025-12-24,2025-12-25,1426,,,,421,,,,45,8,,,547,204,,,595,,,,,,,,,,11,,,,,,3034,212,11,,,,,,3,,,,,,,,,,1,,,,,,1,1,,,,,,,1,1,,,,,,,1,,,,,,,,,,,,,,,,,,,,,,,,,,,,,,,,6,2,1,,1429,,1429,422,,422,46,9,55,548,205,753,596,,596,,,,11,,11,,,,3052,214,3266,,,,,,,,,,2,,2,160,2,162,162,2,164,3052,214,3266,162,2,164,3214,216,3430
2025-12-25,2025-12-26,1431,,,,421,,,,47,7,,,547,206,,,595,,,,,,,,,,11,,,,,,3041,213,11,,,,,,2,,1,,,,,,,,,,,,,,1,1,,,,,,,1,,,1,,,,,,,1,,,,,,,,,,,,,,,,,,,,,,,,,,,,,,4,1,2,1,1434,,1434,421,,421,48,8,56,548,207,755,596,,596,,,,11,,11,,,,3058,215,3273,,,,,,,,,,2,,2,160,2,162,162,2,164,3058,215,3273,162,2,164,3220,217,3437
2025-12-26,2025-12-27,1416,,,,424,,,,44,7,,,543,209,,,605,,,,,,,,,,11,,1,,,,3033,216,11,,,,,,2,,,,,,,,,,,,,,,,1,1,,,,,,,3,2,,,,,,,,,1,,,,,,,,,,,,,,,,,,,,,,,,,,,,,,6,3,1,,1418,,1418,424,,424,45,8,53,546,211,757,606,,606,,,,11,,11,1,,1,3051,219,3270,,,,,,,,,,2,,2,160,2,162,162,2,164,3051,219,3270,162,2,164,3213,221,3434
2025-12-27,2025-12-28,1426,,,,427,,,,45,7,,,547,208,,,607,,,,,,11,,,,,,2,,,,3054,215,11,,,,,,3,,,,,,,,,,,,,,,,,1,,,,,,,2,2,,,,,,,,,,,,,,,,,,,,,,,,,,,,,,,,,,,,,,,5,3,,,1429,,1429,427,,427,45,8,53,549,210,759,607,,607,11,,11,,,,2,,2,3070,218,3288,,,,,,,,,,2,,2,160,2,162,162,2,164,3070,218,3288,162,2,164,3232,220,3452
2025-12-28,2025-12-29,1433,,,,430,,,,46,7,,,552,208,,,604,,,,,,,,,,11,,1,,,,3066,215,11,,,,,,3,,,,,,,,,,,,,,,,,1,1,,,,,,2,2,,1,,,,,,,1,,,,,,,,,,,,,,,,,,,,,,,,,,,,,,5,3,2,1,1436,,1436,430,,430,47,8,55,554,211,765,605,,605,,,,11,,11,1,,1,3084,219,3303,,,,,,,,,,2,,2,160,2,162,162,2,164,3084,219,3303,162,2,164,3246,221,3467
2025-12-29,2025-12-30,1424,,,,434,,,,49,7,,,557,207,,,601,,,,,,,,,,11,,,,,,3065,214,11,,,,,,3,,1,,,,,,,,,,,,,,1,1,,,,,,,1,2,1,,,,,,,,1,,,,,,,,,,,,,,,,,,,,,,,,,,,,,,5,3,3,,1428,,1428,434,,434,50,8,58,559,209,768,602,,602,,,,11,,11,,,,3084,217,3301,,,,,,,,,,2,,2,160,2,162,162,2,164,3084,217,3301,162,2,164,3246,219,3465
2025-12-30,2025-12-31,1409,,,,429,,,,49,4,,,560,211,,,604,,,,,,,,,,11,,,,,,3051,215,11,,,,,,4,,,,,,,,,,1,,,,,,1,1,,,,,,,1,1,,,,,,,,,,,,,,,,,,,,,,,,,,,,,,,,,,,,,,,6,2,1,,1413,,1413,430,,430,50,5,55,561,212,773,604,,604,,,,11,,11,,,,3069,217,3286,,,,,,,,,,2,,2,160,2,162,162,2,164,3069,217,3286,162,2,164,3231,219,3450
2025-12-31,2026-01-01,1414,,,,427,,,,50,4,,,554,207,,,601,,,,,,,,,,11,,,,,,3046,211,11,,,,,,4,,,,,,,,,,,,,,,,1,1,,,,,,,,1,,,,,,,,,1,,,,,,,,,,,,,,,,,,,,,,,,,,,,,,5,2,1,,1418,,1418,427,,427,51,5,56,554,208,762,602,,602,,,,11,,11,,,,3063,213,3276,,,,,,,,,,2,,2,158,2,160,160,2,162,3063,213,3276,160,2,162,3223,215,3438
2026-01-01,2026-01-02,1434,,,,426,,,,50,4,,,556,210,,,605,,,,,,,,,,11,,,,,,3071,214,11,,,,,,7,,,,,,,,,,,,,,,,1,,,,,,,,,,1,,,,,,,,,,,,,,,,,,,,,,,,,,,,,,,,,,,,,,8,,1,,1441,,1441,426,,426,51,4,55,557,210,767,605,,605,,,,11,,11,,,,3091,214,3305,,,,,,,,,,2,,2,158,2,160,160,2,162,3091,214,3305,160,2,162,3251,216,3467
2026-01-02,2026-01-03,1444,,,,434,,,,43,4,,,554,214,,,616,,,,,,,,,,11,,1,,,,3092,218,11,,,,,,4,,1,,,,,,,,,,,,,,1,,,,,,,,,,,,,,,,,,,,,,,,,,,,,,,,,,,,,,,,,,,,,,,,5,,1,,1449,,1449,434,,434,44,4,48,554,214,768,616,,616,,,,11,,11,1,,1,3109,218,3327,,,,,,,,,,2,,2,158,2,160,160,2,162,3109,218,3327,160,2,162,3269,220,3489
2026-01-03,2026-01-04,1463,,,,438,,,,45,4,,,556,214,,,615,,,,,,,,,,11,,2,,,,3119,218,11,,,,,,4,,1,,,,,,,,,,,,,,1,,,,,,,,,,,,,,,,,,,,,,,,,,,,,,,,,,,,,,,,,,,,,,,,5,,1,,1468,,1468,438,,438,46,4,50,556,214,770,615,,615,,,,11,,11,2,,2,3136,218,3354,,,,,,,,,,2,,2,158,2,160,160,2,162,3136,218,3354,160,2,162,3296,220,3516
2026-01-04,2026-01-05,1472,,,,445,,,,48,4,,,556,220,,,616,,,,,,,,,,11,,1,,,,3138,224,11,,,,,,3,,1,,,,,,,,,,,,,,1,,,,,,,,,,1,,,,,,,,,,,,,,,,,,,,,,,,,,,,,,,,,,,,,,4,,2,,1476,,1476,445,,445,49,4,53,557,220,777,616,,616,,,,11,,11,1,,1,3155,224,3379,,,,,,,,,,2,,2,158,2,160,160,2,162,3155,224,3379,160,2,162,3315,226,3541
2026-01-05,2026-01-06,1461,,,,442,,,,45,4,,,551,219,,,607,,,,,,,,,,11,,,,,,3106,223,11,,,,,,2,,,,,,,,,,,,,,,,1,,,,,,,,1,2,,1,,,,,,,,,,,,,,,,,,,,,,,,,,,,,,,,,,,,,4,2,,1,1463,,1463,442,,442,46,4,50,552,222,774,607,,607,,,,11,,11,,,,3121,226,3347,,,,,,,,,,2,,2,161,2,163,163,2,165,3121,226,3347,163,2,165,3284,228,3512
2026-01-06,2026-01-07,1469,,,,440,,,,42,4,,,550,225,,,609,,,,,,,,,,11,,,,,,3110,229,11,,,,,,3,,,,,,,,,,,,,,,,2,,,,,,,,1,2,,,,,,,1,,,,,,,,,,,,,,,,,,,,,,,,,,,,,,,,7,2,,,1472,,1472,440,,440,44,4,48,551,227,778,610,,610,,,,11,,11,,,,3128,231,3359,,,,,,,,,,2,,2,161,2,163,163,2,165,3128,231,3359,163,2,165,3291,233,3524
2026-01-07,2026-01-08,1474,,,,441,,,,39,3,,,551,225,,,594,,,,,,,,,,10,,,,,,3099,228,10,,,,,,2,,,,,,,,,,,,,,,,1,,,,,,,,1,1,1,,,,,,1,,,,,,,,,,,,,,,,,,,,,,,,,,,,,,,,5,1,1,,1476,,1476,441,,441,40,3,43,553,226,779,595,,595,,,,10,,10,,,,3115,229,3344,,,,,,,,,,2,,2,157,2,159,159,2,161,3115,229,3344,159,2,161,3274,231,3505
2026-01-08,2026-01-09,1493,,,,443,,,,41,5,,,539,223,,,591,,,,,,,,,,11,,,,,,3107,228,11,,,,,,3,,,,,,,,,,,,,,,,1,,,,,,,,1,1,,,,,,,,,,,,,,,,,,,,,,,,,,,,,,,,,,,,,,,5,1,,,1496,,1496,443,,443,42,5,47,540,224,764,591,,591,,,,11,,11,,,,3123,229,3352,,,,,,,,,,2,,2,162,2,164,164,2,166,3123,229,3352,164,2,166,3287,231,3518
2026-01-09,2026-01-10,1497,,,,435,,,,41,4,,,535,218,,,594,,,,,,,,,,11,,2,2,,,3104,224,11,,,,,,4,,,,,,,,,,,,,,,,,,,,,,,,1,2,1,1,,,,,,,1,,,,,,,,,,,,,,,,,,,,,,,,,,,,,,5,2,2,1,1501,,1501,435,,435,41,4,45,537,221,758,595,,595,,,,11,,11,2,2,4,3122,227,3349,,,,,,,,,,2,,2,160,3,163,162,3,165,3122,227,3349,162,3,165,3284,230,3514
2026-01-10,2026-01-11,1495,,,,440,,,,39,6,,,551,217,,,598,,,,,,,,,,11,,3,2,,,3126,225,11,,,,,,5,,2,,,,,,,,,,,,,,1,,,,,,,,1,3,,,,,,,,,,,,,,,,,,,,,,,,,,,,,,,,,,,,,,,7,3,2,,1502,,1502,440,,440,40,6,46,552,220,772,598,,598,,,,11,,11,3,2,5,3146,228,3374,,,,,,,,,,2,,2,157,3,160,159,3,162,3146,228,3374,159,3,162,3305,231,3536
2026-01-11,2026-01-12,1491,,,,439,,,,40,6,,,554,220,,,605,,,,,,,,,,11,,2,2,,,3131,228,11,,,,,,8,,,,,,,,,,,,,,,,1,,,,,,,,1,4,,1,,,,,,,,,,,,,,,,,,,,,,,,,,,,,,,,,,,,,10,4,,1,1499,,1499,439,,439,41,6,47,555,225,780,605,,605,,,,11,,11,2,2,4,3152,233,3385,,,,,,,,,,2,,2,157,3,160,159,3,162,3152,233,3385,159,3,162,3311,236,3547
2026-01-12,2026-01-13,1479,,,,439,,,,43,3,,,556,218,,,590,,,,,,,,,,11,,,,,,3107,221,11,,,,1,,6,,1,,,,,,,,,,,,,,1,,,1,,,,,,3,,,,,,,,,,,,,,,,,,,,,,,,,,,,,,,,,,,,,1,,7,3,1,1,1487,,1487,439,,439,44,4,48,556,221,777,590,,590,,,,11,,11,,,,3127,225,3352,,,,,,,,,,2,,2,158,3,161,160,3,163,3127,225,3352,160,3,163,3287,228,3515
2026-01-13,2026-01-14,1479,,,,436,,,,47,4,,,553,218,,,586,,,,,,,,,,11,,,,,,3101,222,11,,,,1,,6,,,,,,,,,,,,,,,,1,,,,,,,,,1,1,1,,,,,,,,,,,,,,,,,,,,,,,,,,,,,,,,,,,1,,7,1,1,1,1486,,1486,436,,436,48,4,52,554,220,774,586,,586,,,,11,,11,,,,3121,224,3345,,,,,,,,,,2,,2,159,3,162,161,3,164,3121,224,3345,161,3,164,3282,227,3509
2026-01-14,2026-01-15,1478,,,,415,,,,46,5,,,549,218,,,578,,,,,,,,,,11,,,,,,3066,223,11,,,,1,,5,,,,,,,,,,,,,,,,1,,,,,,,,,1,1,,,,,,,,,,,,,,,,,,,,,,,,,,,,,,,,,,,,1,,6,1,1,,1484,,1484,415,,415,47,5,52,550,219,769,578,,578,,,,11,,11,,,,3085,224,3309,,,,,,,,,,2,,2,158,3,161,160,3,163,3085,224,3309,160,3,163,3245,227,3472
2026-01-15,2026-01-16,1483,,,,417,,,,42,6,,,550,214,,,586,,,,,,,,,,11,,,,,,3078,220,11,,,,1,,6,,,,,,,,,,,,,,,,1,,,,,,,,1,1,,,,,,,,,,,,,,,,,,,,,,,,,,,,,,,,,,,,,1,,8,1,,,1490,,1490,417,,417,43,6,49,551,215,766,586,,586,,,,11,,11,,,,3098,221,3319,,,,,,,,,,2,,2,158,3,161,160,3,163,3098,221,3319,160,3,163,3258,224,3482
2026-01-16,2026-01-17,1496,,,,412,,,,42,3,,,548,219,,,587,,,,,,,,,,11,,,1,,,3085,223,11,,,,1,,7,,1,,,,,,,,,,,,,,,,,,,,,,1,2,,,,,,,,,,,,,,,,,,,,,,,,,,,,,,,,,,,,,1,,8,2,1,,1505,,1505,412,,412,42,3,45,549,221,770,587,,587,,,,11,,11,,1,1,3106,225,3331,,,,,,,,,,2,,2,157,2,159,159,2,161,3106,225,3331,159,2,161,3265,227,3492
2026-01-17,2026-01-18,1477,,,,423,,,,44,3,,,559,224,,,590,,,,,,,,,,11,,2,1,,,3095,228,11,,,,,,6,,1,,,,,,,,,,,,,,,,,,,,,,1,3,,,,,,,,,,,,,,,,,,,,,,,,,,,,,,,,,,,,,,,7,3,1,,1484,,1484,423,,423,44,3,47,560,227,787,590,,590,,,,11,,11,2,1,3,3114,231,3345,,,,,,,,,,2,,2,157,2,159,159,2,161,3114,231,3345,159,2,161,3273,233,3506
2026-01-18,2026-01-19,1480,,,,434,,,,46,3,,,556,229,,,589,,,,,,,,,,11,,2,,,,3107,232,11,,,,,,6,,,,,,,,,,,,,,,,,,,,,,,,1,5,,,,,,,,,,,,,,,,,,,,,,,,,,,,,,,,,,,,,,,7,5,,,1486,,1486,434,,434,46,3,49,557,234,791,589,,589,,,,11,,11,2,,2,3125,237,3362,,,,,,,,,,2,,2,157,2,159,159,2,161,3125,237,3362,159,2,161,3284,239,3523
2026-01-19,2026-01-20,1489,,,,437,,,,45,2,,,557,235,,,595,,,,,,,,,,11,,,,,,3123,237,11,,,,,,4,,,,,,,,,,,,,,,,,,,,,,,,,4,,,,,,,,,,,,,,,,,,,,,,,,,,,,,,,,,,,,,,,4,4,,,1493,,1493,437,,437,45,2,47,557,239,796,595,,595,,,,11,,11,,,,3138,241,3379,,,,,,,,,,2,,2,157,2,159,159,2,161,3138,241,3379,159,2,161,3297,243,3540
2026-01-20,2026-01-21,1480,,,,425,,,,47,2,,,553,234,,,597,,,,,,,,,,11,,,,,,3102,236,11,,,,,,5,,1,,,,,,,,,,,,,,,,,,,,,,,2,1,,,,,,,,,,,,,,,,,,,,,,,,,,,,,,,,,,,,,,5,2,2,,1486,,1486,425,,425,47,2,49,554,236,790,597,,597,,,,11,,11,,,,3120,238,3358,,,,,,,,,,2,,2,158,2,160,160,2,162,3120,238,3358,160,2,162,3280,240,3520
2026-01-21,2026-01-22,1484,,,,419,,,,45,4,,,553,233,,,584,,,,,,,,,,11,,,,,,3085,237,11,,,,,,5,,,,,,,,,,,,,,,,1,,,,,,,,,5,,,,,,,,,,,,,,,,,,,,,,,,,,,,,,,,,,,,,,,6,5,,,1489,,1489,419,,419,46,4,50,553,238,791,584,,584,,,,11,,11,,,,3102,242,3344,,,,,,,,,,2,,2,160,2,162,162,2,164,3102,242,3344,162,2,164,3264,244,3508
2026-01-22,2026-01-23,1450,,,,410,,,,47,2,,,556,232,,,586,,,,,,,,,,11,,,,,,3049,234,11,,,,,,2,,1,,,,,,,,,,,,,,3,,,,,,,,,3,,,,,,,,,,,,,,,,,,,,,,,,,,,,,,,,,,,,,,,5,3,1,,1453,,1453,410,,410,50,2,52,556,235,791,586,,586,,,,11,,11,,,,3066,237,3303,,,,,,,,,,2,,2,164,2,166,166,2,168,3066,237,3303,166,2,168,3232,239,3471
2026-01-23,2026-01-24,1459,,,,420,,,,44,2,,,542,232,,,579,,,,,,,,,,11,,1,1,,,3045,235,11,,,,,,1,,,,,,,,,,,,,,,,2,,,,,,,,,2,,,,,,,,,,,,,,,,,,,,,,,,,,,,,,,,,,,,,,,3,2,,,1460,,1460,420,,420,46,2,48,542,234,776,579,,579,,,,11,,11,1,1,2,3059,237,3296,,,,,,,,,,2,,2,163,2,165,165,2,167,3059,237,3296,165,2,167,3224,239,3463
2026-01-24,2026-01-25,1467,,,,423,,,,48,2,,,545,235,,,587,,,,,,,,,,11,,2,1,,,3072,238,11,,,,,,1,,1,,,,,,,,,,,,,,1,,,,,,,,,2,,,,,,,,,,,,,,,,,,,,,,,,,,,,,,,,,,,,,,,2,2,1,,1469,,1469,423,,423,49,2,51,545,237,782,587,,587,,,,11,,11,2,1,3,3086,240,3326,,,,,,,,,,2,,2,159,2,161,161,2,163,3086,240,3326,161,2,163,3247,242,3489
2026-01-25,2026-01-26,1475,,,,420,,,,53,3,,,545,239,,,587,,,,,,,,,,11,,1,,,,3081,242,11,,,,,,1,,,,,,,,,,,,,,,,1,,,,,,,,,2,,,,,,,,,,,,,,,,,,,,,,,,,,,,,,,,,,,,,,,2,2,,,1476,,1476,420,,420,54,3,57,545,241,786,587,,587,,,,11,,11,1,,1,3094,244,3338,,,,,,,,,,2,,2,158,2,160,160,2,162,3094,244,3338,160,2,162,3254,246,3500
2026-01-26,2026-01-27,1479,,,,419,,,,54,3,,,547,241,,,584,,,,,,,,,,11,,,,,,3083,244,11,,,,,,2,,1,,,,,,,,1,,,,,,,,,,,,,,,1,,,,,,,,,,,,,,,,,,,,,,,,,,,,,,,,,,,,,,,2,1,2,,1482,,1482,420,,420,54,3,57,547,242,789,584,,584,,,,11,,11,,,,3098,245,3343,,,,,,,,,,2,,2,158,2,160,160,2,162,3098,245,3343,160,2,162,3258,247,3505
2026-01-27,2026-01-28,1459,,,,432,,,,51,3,,,557,238,,,585,,,,,,,,,,11,,,,,,3084,241,11,,,,,,2,,3,,,,,,,,,,,,,,,,,,,,,,,1,,,,,,,,,,,,,,,,,,,,,,,,,,,,,,,,,,,,,,,2,1,3,,1464,,1464,432,,432,51,3,54,557,239,796,585,,585,,,,11,,11,,,,3100,242,3342,,,,,,,,,,2,,2,157,2,159,159,2,161,3100,242,3342,159,2,161,3259,244,3503
2026-01-28,2026-01-29,1435,,,,429,,,,52,3,,,552,232,,,581,,,,,,,,,,11,,,,,,3049,235,11,,,,,,3,,,,,,,,,,,,,,,,1,,,,,,,,,1,,,,,,,,,,,,,,,,,,,,,,,,,,,,,,,,,,,,,,,4,1,,,1438,,1438,429,,429,53,3,56,552,233,785,581,,581,,,,11,,11,,,,3064,236,3300,,,,,,,,,,2,,2,160,2,162,162,2,164,3064,236,3300,162,2,164,3226,238,3464
2026-01-29,2026-01-30,1437,,,,418,,,,50,4,,,549,231,,,586,,,,,,,,,,11,,,,,,3040,235,11,,,,,,6,,,,,,,,,,,,,,,,,,,,,,,,,1,,1,,,,,,,,,,,,,,,,,,,,,,,,,,,,,,,,,,,,,6,1,,1,1443,,1443,418,,418,50,4,54,549,233,782,586,,586,,,,11,,11,,,,3057,237,3294,,,,,,,,,,2,,2,159,2,161,161,2,163,3057,237,3294,161,2,163,3218,239,3457
2026-01-30,2026-01-31,1442,,,,415,,,,44,2,,,548,230,,,572,,,,,,,,,,11,,1,,,,3022,232,11,,,,,,4,,,,,,,,,,,,,,,,,,,,,,,,,1,,,,,,,,,,,,,,,,,,,,,,,,,,,,,,,,,,,,,,,4,1,,,1446,,1446,415,,415,44,2,46,548,231,779,572,,572,,,,11,,11,1,,1,3037,233,3270,,,,,,,,,,2,,2,158,2,160,160,2,162,3037,233,3270,160,2,162,3197,235,3432
2026-01-31,2026-02-01,1452,,,,416,,,,43,3,,,559,234,,,570,,,,,,,,,,11,,2,,,,3042,237,11,,,,,,4,,,,,,,,1,,,,,,,,,,,,,,,,,2,1,,,,,,,,,,,,,,,,,,,,,,,,,,,,,,,,,,,,,,5,2,1,,1456,,1456,417,,417,43,3,46,560,236,796,570,,570,,,,11,,11,2,,2,3059,239,3298,,,,,,,,,,2,,2,157,2,159,159,2,161,3059,239,3298,159,2,161,3218,241,3459
2026-02-01,2026-02-02,1456,,,,416,,,,46,3,,,571,236,,,572,,,,,,,,,,11,,1,,,,3062,239,11,,,,,,6,,,,,,,,1,,1,,,,,,,,,,,,,,,3,,,,,,,,,,,,,,,,,,,,,,,,,,,,,,,,,,,,,,,7,3,1,,1462,,1462,418,,418,46,3,49,571,239,810,572,,572,,,,11,,11,1,,1,3081,242,3323,,,,,,,,,,2,,2,157,2,159,159,2,161,3081,242,3323,159,2,161,3240,244,3484
2026-02-02,2026-02-03,1451,,,,413,,,,46,3,,,571,233,,,575,,,,,,,,,,11,,,,,,3056,236,11,,,,,,4,,2,,,,,,,,1,,,,,,1,,1,,,,,,,3,,,,,,,,,,,,,,,,,,,,,,,,,,,,,,,,,,,,,,,5,3,4,,1457,,1457,414,,414,48,3,51,571,236,807,575,,575,,,,11,,11,,,,3076,239,3315,,,,,,,,,,2,,2,158,2,160,160,2,162,3076,239,3315,160,2,162,3236,241,3477
2026-02-03,2026-02-04,1447,,,,416,,,,43,3,,,557,230,,,581,,,,,,,,,,11,,,,,,3044,233,11,,,,,,4,,,,,,,,,,,,,,,,2,,,,,,,,,3,,,,,,,,,,,,,,,,,,,,,,,,,,,,,,,,,,,,,,,6,3,,,1451,,1451,416,,416,45,3,48,557,233,790,581,,581,,,,11,,11,,,,3061,236,3297,,,,,,,,,,2,,2,162,2,164,164,2,166,3061,236,3297,164,2,166,3225,238,3463
2026-02-04,2026-02-05,1451,,,,419,,,,40,4,,,551,232,,,570,,,,,,,,,,11,,,,,,3031,236,11,,,,,,4,,,,,,,,,,,,,,,,1,,1,,,,,,1,1,,,,,,,,,,,,,,,,,,,,,,,,,,,,,,,,,,,,,,,6,1,1,,1455,,1455,419,,419,42,4,46,552,233,785,570,,570,,,,11,,11,,,,3049,237,3286,,,,,,,,,,2,,2,161,2,163,163,2,165,3049,237,3286,163,2,165,3212,239,3451
2026-02-05,2026-02-06,1468,,,,414,,,,43,5,,,555,220,,,569,,,,,,,,,,11,,,,,,3049,225,11,,,,,,2,,1,,,,,,,,,,,,,,2,,,,,,,,1,3,,,,,,,,,,,,,,,,,,,,,,,,,,,,,,,,,,,,,,,5,3,1,,1471,,1471,414,,414,45,5,50,556,223,779,569,,569,,,,11,,11,,,,3066,228,3294,,,,,,,,,,2,,2,163,2,165,165,2,167,3066,228,3294,165,2,167,3231,230,3461
2026-02-06,2026-02-07,1483,,,,396,,,,41,7,,,543,213,,,541,,,,,,,,,,11,,,,,,3004,220,11,,,,,,2,,2,,,,,,,,,,,,,,2,,,,,,,,1,3,,,,,,,,,,,,,,,,,,,,,,,,,,,,,,,,,,,,,,,5,3,2,,1487,,1487,396,,396,43,7,50,544,216,760,541,,541,,,,11,,11,,,,3022,223,3245,,,,,,,,,,2,,2,162,2,164,164,2,166,3022,223,3245,164,2,166,3186,225,3411
2026-02-07,2026-02-08,1490,,,,399,,,,43,8,,,550,216,,,549,,,,,,,,,,11,,2,,,,3033,224,11,,,,,,3,,1,,,,,,,,1,,,,,,1,,,,,,,,,1,,,,,,,,,,,,,,,,,,,,,,,,,,,,,,,,,,,,,,,4,1,2,,1494,,1494,400,,400,44,8,52,550,217,767,549,,549,,,,11,,11,2,,2,3050,225,3275,,,,,,,,,,2,,2,162,2,164,164,2,166,3050,225,3275,164,2,166,3214,227,3441
2026-02-08,2026-02-09,1484,,,,414,,,,43,8,,,548,218,,,550,,,,,,,,,,11,,2,,,,3041,226,11,,,,,,4,,1,,,,,,,,,,,,,,1,,,,,,,,,2,,,,,,,,,,,,,,,,,,,,,,,,,,,,,,,,,,,,,,,5,2,1,,1489,,1489,414,,414,44,8,52,548,220,768,550,,550,,,,11,,11,2,,2,3058,228,3286,,,,,,,,,,2,,2,162,2,164,164,2,166,3058,228,3286,164,2,166,3222,230,3452
2026-02-09,2026-02-10,1473,,,,416,,,,45,6,,,547,218,,,534,,,,,,,,,,11,,,,,,3015,224,11,,,,,,1,,,,,,,,,,,,,,,,,,,,,,,,,1,,,,,,,,,,,,,,,,,,,,,,,,,,,,,,,,,,,,,,,1,1,,,1474,,1474,416,,416,45,6,51,547,219,766,534,,534,,,,11,,11,,,,3027,225,3252,,,,,,,,,,2,,2,163,2,165,165,2,167,3027,225,3252,165,2,167,3192,227,3419
2026-02-10,2026-02-11,1472,,,,407,,,,41,5,,,544,223,,,535,,,,,,,,,,11,,,,,,2999,228,11,,,,,,2,,,,,,,,,,,,,,,,,,,,,,,,,2,,,,,,,,,,,,,,,,,,,,,,,,,,,,,,,,,,,,,,,2,2,,,1474,,1474,407,,407,41,5,46,544,225,769,535,,535,,,,11,,11,,,,3012,230,3242,,,,,,,,,,2,,2,162,2,164,164,2,166,3012,230,3242,164,2,166,3176,232,3408
2026-02-11,2026-02-12,1497,,,,401,,,,36,4,,,539,228,,,523,,,,,,,,,,11,,,,,,2996,232,11,,,,,,2,,1,,,,,,,,,,,,,,,,,,,,,,,2,,,,,,,,,,,,,,,,,,,,,,,,,,,,,,,,,,,,,,,2,2,1,,1500,,1500,401,,401,36,4,40,539,230,769,523,,523,,,,11,,11,,,,3010,234,3244,,,,,,,,,,2,,2,162,2,164,164,2,166,3010,234,3244,164,2,166,3174,236,3410
2026-02-12,2026-02-14,1493,,,,407,,,,40,3,,,546,224,,,523,,,,,,,,,,11,,,,,,3009,227,11,,,,,,1,,1,,,,,,,,,,,,,,,,,,,,,,,2,,1,,,,,,,,,,,,,,,,,,,,,,,,,,,,,,,,,,,,,1,2,1,1,1495,,1495,407,,407,40,3,43,546,227,773,523,,523,,,,11,,11,,,,3022,230,3252,,,,,,,,,,2,,2,163,2,165,165,2,167,3022,230,3252,165,2,167,3187,232,3419
2026-02-14,2026-02-15,1483,,,,400,,,,43,4,,,556,226,,,530,,,,,,,,,,11,,1,,,,3013,230,11,,,,,,3,,,,,,,,,,,,,,,,,,,,,,,,,2,,,,,,,,,1,,,,,,,,,,,,,,,,,,,,,,,,,,,,,,3,2,1,,1486,,1486,400,,400,43,4,47,556,228,784,531,,531,,,,11,,11,1,,1,3028,232,3260,,,,,,,,,,2,,2,160,2,162,162,2,164,3028,232,3260,162,2,164,3190,234,3424
2026-02-15,2026-02-16,1473,,,,410,,,,46,5,,,564,225,,,533,,,,,,,,,,11,,1,,,,3027,230,11,,,,,,3,,,,,,,,,,,,,,,,,,,,,,,,,2,,,,,,,,,,,,,,,,,,,,,,,,,,,,,,,,,,,,,,,3,2,,,1476,,1476,410,,410,46,5,51,564,227,791,533,,533,,,,11,,11,1,,1,3041,232,3273,,,,,,,,,,2,,2,160,2,162,162,2,164,3041,232,3273,162,2,164,3203,234,3437
2026-02-16,2026-02-17,1483,,,,418,,,,40,7,,,567,229,,,539,,,,,,,,,,11,,,,,,3047,236,11,,,,,,3,,,,,,,,,,,,,,,,,,,,,,,,,3,,,,,,,,,,,,,,,,,,,,,,,,,,,,,,,,,,,,,,,3,3,,,1486,,1486,418,,418,40,7,47,567,232,799,539,,539,,,,11,,11,,,,3061,239,3300,,,,,,,,,,2,,2,161,2,163,163,2,165,3061,239,3300,163,2,165,3224,241,3465
2026-02-17,2026-02-18,1468,,,,412,,,,41,5,,,556,228,,,546,,,,,,,,,,11,,,,,,3023,233,11,,,,,,4,,1,,,,,,,,,,,,,,,,,,,,,,,2,,,,,,,,,,,,,,,,,,,,,,,,,,,,,,,,,,,,,,,4,2,1,,1473,,1473,412,,412,41,5,46,556,230,786,546,,546,,,,11,,11,,,,3039,235,3274,,,,,,,,,,2,,2,165,2,167,167,2,169,3039,235,3274,167,2,169,3206,237,3443
2026-02-18,2026-02-20,1466,,,,403,,,,46,5,,,543,223,,,535,,,,,,,,,,11,,,,,,2993,228,11,,,,,,4,,1,,,,,,,,,,,,,,,,,,,,,,,1,,,,,,,,,,,,,,,,,,,,,,,,,,,,,,,,,,,,,,,4,1,1,,1471,,1471,403,,403,46,5,51,543,224,767,535,,535,,,,11,,11,,,,3009,229,3238,,,,,,,,,,2,,2,158,3,161,160,3,163,3009,229,3238,160,3,163,3169,232,3401
2026-02-19,2026-03-02,1463,,,,398,,,,44,4,,,545,225,,,537,,,,,,,,,,11,,,,,,2987,229,11,,,,,,5,,,,,,,,,,1,,,,,,,,,,,,,,,1,,,,,,,,,,,,,,,,,,,,,,,,,,,,,,,,,,,,,,,5,1,1,,1468,,1468,399,,399,44,4,48,545,226,771,537,,537,,,,11,,11,,,,3004,230,3234,,,,,,,,,,2,,2,153,3,156,155,3,158,3004,230,3234,155,3,158,3159,233,3392
2026-03-02,2026-03-03,1447,,,,430,,,,40,7,,,547,225,,,526,,,,,,,,,10,,,,,,,2990,242,,,,,,,4,,1,,,,,,,,,,,,,,1,,,,,,,,,2,,,,,,,,,,,,,,,,,,,,,,,,,,,,,,,,,,,,,,,5,2,1,,1452,,1452,430,,430,41,7,48,547,227,774,526,,526,,,,,10,10,,,,2996,244,3240,,,,,,,,,,2,,2,156,2,158,158,2,160,2996,244,3240,158,2,160,3154,246,3400
2026-03-03,2026-03-04,1443,,,,415,,,,39,6,,,550,225,,,522,,,,,,,,,,10,,,,,,2969,231,10,,,,,,2,,1,,,,,,,,,,,,,,1,,,,,,,,,3,1,,,,,,,,,,,,,,,,,,,,,,,,,,,,,,,,,,,,,,3,3,2,,1446,,1446,415,,415,40,6,46,551,228,779,522,,522,,,,10,,10,,,,2984,234,3218,,,,,,,,,,2,,2,158,2,160,160,2,162,2984,234,3218,160,2,162,3144,236,3380
2026-03-04,2026-03-05,1439,,,,412,,,,42,4,,,545,221,,,514,,,,,,,,,,9,,,,,,2952,225,9,,,,,,4,,,,,,,,1,,,,,,,,1,,,,,,,,,1,,1,,,,,,,,,,,,,,,,,,,,,,,,,,,,,,,,,,,,,6,1,,1,1443,,1443,413,,413,43,4,47,545,223,768,514,,514,,,,9,,9,,,,2967,227,3194,,,,,,,,,,2,,2,155,2,157,157,2,159,2967,227,3194,157,2,159,3124,229,3353
2026-03-05,2026-03-06,1455,,,,404,,,,44,4,,,542,221,,,514,,,,,,,,,,9,,,,,,2959,225,9,,,,,,6,,,,,,,,1,,,,,,,,1,,,,,,,,,2,,,,,,,,,,,,,,,,,,,,,,,,,,,,,,,,,,,,,,,8,2,,,1461,,1461,405,,405,45,4,49,542,223,765,514,,514,,,,9,,9,,,,2976,227,3203,,,,,,,,,,2,,2,159,2,161,161,2,163,2976,227,3203,161,2,163,3137,229,3366
2026-03-06,2026-03-07,1451,,,,417,,,,44,4,,,542,221,,,511,,,,,,,,,,10,,,,,,2965,225,10,,,,,,2,,2,,,,,,1,,,,,,,,1,,,,,,,,,1,,1,,,,,,,,,,,,,,,,,,,,,,,,,,,,,,,,,,,,,4,1,2,1,1455,,1455,418,,418,45,4,49,542,223,765,511,,511,,,,10,,10,,,,2981,227,3208,,,,,,,,,,2,,2,156,2,158,158,2,160,2981,227,3208,158,2,160,3139,229,3368
2026-03-07,2026-03-08,1463,,,,423,,,,46,4,,,542,224,,,517,,,,,,,,,,10,,1,,,,2992,228,10,,,,,,5,,,,,,,,1,,,,,,,,1,,,,,,,,,2,,,,,,,,,,,,,,,,,,,,,,,,,,,,,,,,,,,,,,,7,2,,,1468,,1468,424,,424,47,4,51,542,226,768,517,,517,,,,10,,10,1,,1,3009,230,3239,,,,,,,,,,2,,2,156,2,158,158,2,160,3009,230,3239,158,2,160,3167,232,3399
2026-03-08,2026-03-09,1466,,,,430,,,,47,4,,,544,230,,,515,,,,,,,,,,10,,1,,,,3003,234,10,,,,,,5,,,,,,,,1,,,,,,,,1,,,,,,,,,3,,,,,,,,,2,,,,,,,,,,,,,,,,,,,,,,,,,,,,,,7,3,2,,1471,,1471,431,,431,48,4,52,544,233,777,517,,517,,,,10,,10,1,,1,3022,237,3259,,,,,,,,,,2,,2,155,2,157,157,2,159,3022,237,3259,157,2,159,3179,239,3418
2026-03-09,2026-03-10,1456,,,,430,,,,44,4,,,539,221,,,527,,,,,,,,,,10,,,,,,2996,225,10,,,,,,4,,1,,,,,,,,,,,,,,1,,,,,,,,,2,,,,,,,,,,,,,,,,,,,,,,,,,,,,,,,,,,,,,,,5,2,1,,1461,,1461,430,,430,45,4,49,539,223,762,527,,527,,,,10,,10,,,,3012,227,3239,,,,,,,,,,2,,2,155,2,157,157,2,159,3012,227,3239,157,2,159,3169,229,3398
2026-03-10,2026-03-11,1436,,,,429,,,,40,3,,,532,220,,,530,,,,,,,,,,10,,,,,,2967,223,10,,,,,,4,,,,,,,,,,1,,,,,,1,,,,,,,,,,,1,,,,,,,1,,,,,,,,,,,,,,,,,,,,,,,,,,,,,,5,,2,1,1440,,1440,430,,430,41,3,44,532,221,753,531,,531,,,,10,,10,,,,2984,224,3208,,,,,,,,,,2,,2,159,2,161,161,2,163,2984,224,3208,161,2,163,3145,226,3371
2026-03-11,2026-03-12,1431,,,,422,,,,43,3,,,540,222,,,522,,,,,,,,,,10,,,,,,2958,225,10,,,,,,2,,,,,,,,,,,,,,,,1,,,,,,,,,1,,,,,,,2,,,,,,,,,,,,,,,,,,,,,,,,,,,,,,,,5,1,,,1433,,1433,422,,422,44,3,47,540,223,763,524,,524,,,,10,,10,,,,2973,226,3199,,,,,,,,,,2,,2,153,2,155,155,2,157,2973,226,3199,155,2,157,3128,228,3356
2026-03-12,2026-03-13,1428,,,,419,,,,41,3,,,530,220,,,521,,,,,,,,,,9,,,,,,2939,223,9,,,,,,3,,2,,,,,,,,1,,,,,,2,,,,,,,,,1,,1,,,,,2,,,,,,,,,,,,,,,,,,,,,,,,,,,,,,,,7,1,3,1,1433,,1433,420,,420,43,3,46,530,222,752,523,,523,,,,9,,9,,,,2958,225,3183,,,,,,,,,,2,,2,157,2,159,159,2,161,2958,225,3183,159,2,161,3117,227,3344
2026-03-13,2026-03-14,1434,,,,421,,,,43,3,,,534,219,,,520,,,,,,,,,,9,,,,,,2952,222,9,,,,,,4,,,,,,,,,,,,,,,,1,,,,,,,,,1,,,,,,,1,,,,,,,,,,,,,,,,,,,,,,,,,,,,,,,,6,1,,,1438,,1438,421,,421,44,3,47,534,220,754,521,,521,,,,9,,9,,,,2967,223,3190,,,,,,,,,,2,,2,158,2,160,160,2,162,2967,223,3190,160,2,162,3127,225,3352
2026-03-14,2026-03-15,1438,,,,421,,,,44,3,,,542,223,,,528,,,,,,,,,,9,,1,,,,2974,226,9,,,,,,5,,1,,,,,,,,,,,,,,1,,,,,,,,,1,,,,,,,1,,,,,,,,,,,,,,,,,,,,,,,,,,,,,,,,7,1,1,,1444,,1444,421,,421,45,3,48,542,224,766,529,,529,,,,9,,9,1,,1,2991,227,3218,,,,,,,,,,2,,2,157,2,159,159,2,161,2991,227,3218,159,2,161,3150,229,3379
2026-03-15,2026-03-16,1434,,,,427,,,,44,3,,,550,226,,,530,,,,,,,,,,9,,1,,,,2986,229,9,,,,,,4,,2,,,,,,,,,,,,,,1,,,,,,,,,1,,1,,,,,1,,,,,,,,,,,,,,,,,,,,,,,,,,,,,,,,6,1,2,1,1440,,1440,427,,427,45,3,48,550,228,778,531,,531,,,,9,,9,1,,1,3003,231,3234,,,,,,,,,,2,,2,156,2,158,158,2,160,3003,231,3234,158,2,160,3161,233,3394
2026-03-16,2026-03-17,1429,,,,430,,,,45,4,,,544,218,,,526,,,,,,,,,,9,,,,,,2974,222,9,,,,,,4,,,,,,,,,,1,,,,,,1,,,,,,,,,1,,,,,,,1,,,,,,,,,,,,,,,,,,,,,,,,,,,,,,,,6,1,1,,1433,,1433,431,,431,46,4,50,544,219,763,527,,527,,,,9,,9,,,,2990,223,3213,,,,,,,,,,2,,2,156,2,158,158,2,160,2990,223,3213,158,2,160,3148,225,3373
2026-03-17,2026-03-18,1418,,,,422,,,,38,3,,,546,222,,,533,,,,,,,,,,9,,,,,,2957,225,9,,,,,,1,,,,,,,,,,,,,,,,1,,,,,,,,,1,,,,,,,1,,,,,,,,,,,,,,,,,,,,,,,,,,,,,,,,3,1,,,1419,,1419,422,,422,39,3,42,546,223,769,534,,534,,,,9,,9,,,,2969,226,3195,,,,,,,,,,2,,2,157,2,159,159,2,161,2969,226,3195,159,2,161,3128,228,3356
2026-03-18,2026-03-19,1404,,,,426,,,,43,2,,,549,226,,,524,,,,,,,,,,8,,,,,,2946,228,8,,,,,,4,,,,,,,,,,,,,,,,1,,,,,,,,,,,,,,,,,,,,,,,,,,,,,,,,,,,,,,,,,,,,,,,,5,,,,1408,,1408,426,,426,44,2,46,549,226,775,524,,524,,,,8,,8,,,,2959,228,3187,,,,,,,,,,2,,2,160,2,162,162,2,164,2959,228,3187,162,2,164,3121,230,3351
2026-03-19,2026-03-20,1409,,,,425,,,,41,2,,,546,215,,,524,,,,,,,,,,8,,,,,,2945,217,8,,,,,,2,,,,,,,,,,,,,,,,2,,,,,,,,,,,,,,,,,,,,,,,,,,,,,,,,,,,,,,,,,,,,,,,,4,,,,1411,,1411,425,,425,43,2,45,546,215,761,524,,524,,,,8,,8,,,,2957,217,3174,,,,,,,,,,2,,2,160,2,162,162,2,164,2957,217,3174,162,2,164,3119,219,3338
2026-03-20,2026-03-21,1394,,,,428,,,,36,2,,,543,215,,,528,,,,,,,,,,8,,1,,,,2930,217,8,,,,,,4,,2,,,,,,,,,,,,,,2,,1,,,,,,,,,,,,,,,,1,,,,,,,,,,,,,,,,,,,,,,,,,,,,,,6,,4,,1400,,1400,428,,428,39,2,41,543,215,758,529,,529,,,,8,,8,1,,1,2948,217,3165,,,,,,,,,,2,,2,159,2,161,161,2,163,2948,217,3165,161,2,163,3109,219,3328
2026-03-21,2026-03-22,1403,,,,429,,,,40,2,,,547,220,,,537,,,,,,,,,,8,,2,,,,2958,222,8,,,,,,6,,1,,,,,,,,,,,,,,1,,,,,,,,,,,,,,,,,,,,,,,,,,,,,,,,,,,,,,,,,,,,,,,,7,,1,,1410,,1410,429,,429,41,2,43,547,220,767,537,,537,,,,8,,8,2,,2,2974,222,3196,,,,,,,,,,2,,2,157,2,159,159,2,161,2974,222,3196,159,2,161,3133,224,3357
2026-03-22,2026-03-23,1410,,,,435,,,,43,2,,,550,222,,,542,,,,,,,,,,8,,2,,,,2982,224,8,,,,,,8,,,,,,,,1,,,,,,,,1,,,,,,,,,,,,,,,,,,,,,,,,,,,,,,,,,,,,,,,,,,,,,,,,10,,,,1418,,1418,436,,436,44,2,46,550,222,772,542,,542,,,,8,,8,2,,2,3000,224,3224,,,,,,,,,,2,,2,157,2,159,159,2,161,3000,224,3224,159,2,161,3159,226,3385
2026-03-23,2026-03-24,1415,,,,435,,,,40,2,,,556,224,,,529,,,,,,,,,,8,,,,,,2975,226,8,,,,,,6,,,,,,,,1,,,,,,,,,,,,,,,,,,1,2,,,,,1,,,,,,,,,,,,,,,,,,,,,,,,,,,,,,,,8,,1,2,1421,,1421,436,,436,40,2,42,557,226,783,530,,530,,,,8,,8,,,,2992,228,3220,,,,,,,,,,2,,2,156,2,158,158,2,160,2992,228,3220,158,2,160,3150,230,3380
2026-03-24,2026-03-25,1410,,,,423,,,,44,3,,,551,225,,,524,,,,,,,,,,8,,,,,,2952,228,8,,,,,,7,,1,,,,,,1,,1,,,,,,,,,,,,,,,2,1,,,,,,1,,1,,,,,,,,,,,,,,,,,,,,,,,,,,,,,,9,2,4,,1418,,1418,425,,425,44,3,47,552,227,779,526,,526,,,,8,,8,,,,2973,230,3203,,,,,,,,,,2,,2,163,2,165,165,2,167,2973,230,3203,165,2,167,3138,232,3370
2026-03-25,2026-03-26,1388,,,,427,,,,46,3,,,541,223,,,521,,,,,,,,,,8,,,,,,2923,226,8,,,,,,11,,1,,,,,,1,,,,,,,,,,,,,,,,,3,,1,,,,,1,,,,,,,,,,,,,,,,,,,,,,,,,,,,,,,,13,3,1,1,1400,,1400,428,,428,46,3,49,541,227,768,522,,522,,,,8,,8,,,,2945,230,3175,,,,,,,,,,2,,2,157,2,159,159,2,161,2945,230,3175,159,2,161,3104,232,3336
2026-03-26,2026-03-27,1403,,,,415,,,,45,2,,,542,220,,,522,,,,,,,,,,8,,,,,,2927,222,8,,,,,,10,,,,,,,,,,,,,,,,,,,,,,,,,2,,1,,,,,1,,,,,,,,,,,,,,,,,,,,,,,,,,,,,,,,11,2,,1,1413,,1413,415,,415,45,2,47,542,223,765,523,,523,,,,8,,8,,,,2946,225,3171,,,,,,,,,,2,,2,158,2,160,160,2,162,2946,225,3171,160,2,162,3106,227,3333
2026-03-27,2026-03-28,1417,,,,419,,,,43,3,,,538,223,,,509,,,,,,,,,,8,,,,,,2926,226,8,,,,,,5,,1,,,,,,,,,,,,,,,,,,,,,,,1,,,,,,,1,,,,,,,,,,,,,,,,,,,,,,,,,,,,,,,,6,1,1,,1423,,1423,419,,419,43,3,46,538,224,762,510,,510,,,,8,,8,,,,2941,227,3168,,,,,,,,,,2,,2,159,2,161,161,2,163,2941,227,3168,161,2,163,3102,229,3331
2026-03-28,2026-03-29,1422,,,,422,,,,42,4,,,546,226,,,514,,,,,,,,,,8,,1,,,,2947,230,8,,,,,,5,,1,,,,,,,,,,,,,,,,,,,,,,,1,1,,,,,,1,,1,,,,,,,,,,,,,,,,,,,,,,,,,,,,,,6,1,3,,1428,,1428,422,,422,42,4,46,547,227,774,516,,516,,,,8,,8,1,,1,2964,231,3195,,,,,,,,,,2,,2,157,2,159,159,2,161,2964,231,3195,159,2,161,3123,233,3356
2026-03-29,2026-03-30,1420,,,,427,,,,43,5,,,557,227,,,516,,,,,,,,,,8,,1,,,,2964,232,8,,,,,,6,,1,,,,,,,,,,,,,,,,,,,,,,,,,1,,,,,1,,,,,,,,,,,,,,,,,,,,,,,,,,,,,,,,7,,1,1,1427,,1427,427,,427,43,5,48,557,228,785,517,,517,,,,8,,8,1,,1,2980,233,3213,,,,,,,,,,2,,2,157,2,159,159,2,161,2980,233,3213,159,2,161,3139,235,3374
2026-03-30,2026-03-31,1398,,,,429,,,,44,6,,,552,225,,,522,,,,,,,,,,8,,,,,,2945,231,8,,,,,,7,,,,,,,,1,,,,,,,,,,,,,,,,1,2,,,,,,,1,,1,,,,,,,,,,,,,,,,,,,,,,,,,,,,,,10,2,1,,1405,,1405,430,,430,44,6,50,553,227,780,524,,524,,,,8,,8,,,,2964,233,3197,,,,,,,,,,2,,2,158,2,160,160,2,162,2964,233,3197,160,2,162,3124,235,3359
2026-03-31,2026-04-01,1382,,,,422,,,,42,5,,,559,221,,,522,,,,,,,,,,8,,,,,,2927,226,8,,,,,,7,,,,,,,,1,,2,,,,,,1,,1,,,,,,1,3,,1,,,,,1,,,,,,,,,,,,,,,,,,,,,,,,,,,,,,,,11,3,3,1,1389,,1389,425,,425,44,5,49,560,225,785,523,,523,,,,8,,8,,,,2949,230,3179,,,,,,,,,,2,,2,162,2,164,164,2,166,2949,230,3179,164,2,166,3113,232,3345
2026-04-01,2026-04-02,1389,,,,418,,,,41,7,,,550,212,,,509,,,,,,,,,,8,,,,,,2907,219,8,,,,,,10,,,,,,,,2,,,,,,,,2,,,,,,,,1,,1,,,,,,1,,,,,,,,,,,,,,,,,,,,,,,,,,,,,,,,16,,1,,1399,,1399,420,,420,43,7,50,552,212,764,510,,510,,,,8,,8,,,,2932,219,3151,,,,,,,,,,2,,2,157,2,159,159,2,161,2932,219,3151,159,2,161,3091,221,3312
2026-04-02,2026-04-03,1374,,,,419,,,,34,4,,,549,204,,,511,,,,,,,,,,8,,,,,,2887,208,8,,,,,,11,,,,,,,,1,,,,,,,,3,,,,,,,,1,,,,,,,,1,,,,,,,,,,,,,,,,,,,,,,,,,,,,,,,,17,,,,1385,,1385,420,,420,37,4,41,550,204,754,512,,512,,,,8,,8,,,,2912,208,3120,,,,,,,,,,2,,2,157,2,159,159,2,161,2912,208,3120,159,2,161,3071,210,3281
2026-04-03,2026-04-04,1383,,,,423,,,,34,4,,,555,210,,,512,,,,,,,,,,8,,,,,,2907,214,8,,,,,,11,,,,,,,,,,,,,,,,2,,,,,,,,1,,2,,,,,,,,1,,,,,,,,,,,,,,,,,,,,,,,,,,,,,,14,,3,,1394,,1394,423,,423,36,4,40,558,210,768,513,,513,,,,8,,8,,,,2932,214,3146,,,,,,,,,,2,,2,158,2,160,160,2,162,2932,214,3146,160,2,162,3092,216,3308
2026-04-04,2026-04-05,1407,,,,427,,,,36,5,,,559,216,,,514,,,,,,,,,,7,,1,,,,2944,221,7,,,,,,9,,1,,,,,,,,,,,,,,2,,,,,,,,2,,,,,,,,1,,,,,,,,,,,,,,,,,,,,,,,,,,,,,,,,14,,1,,1417,,1417,427,,427,38,5,43,561,216,777,515,,515,,,,7,,7,1,,1,2966,221,3187,,,,,,,,,,2,,2,158,2,160,160,2,162,2966,221,3187,160,2,162,3126,223,3349
2026-04-05,2026-04-06,1412,,,,431,,,,39,5,,,562,220,,,518,,,,,,,,,,7,,1,,,,2963,225,7,,,,,,9,,2,,,,,,1,,,,,,,,2,,1,,,,,,2,1,,,,,,,1,,,,,,,,,,,,,,,,,,,,,,,,,,,,,,,,15,1,3,,1423,,1423,432,,432,42,5,47,564,221,785,519,,519,,,,7,,7,1,,1,2988,226,3214,,,,,,,,,,2,,2,158,2,160,160,2,162,2988,226,3214,160,2,162,3148,228,3376
2026-04-06,2026-04-07,1421,,,,427,,,,38,4,,,555,221,,,509,,,,,,,,,,7,,,,,,2950,225,7,,,,,,9,,,,,,1,,,,,,,,,,2,,,,,,,,1,,,1,,,,,1,,,,,,,,,,,,,,,,,,,,,,,,,,,,,,1,,13,,,1,1430,,1430,428,,428,40,4,44,556,222,778,510,,510,,,,7,,7,,,,2971,226,3197,,,,,,,,,,2,,2,158,2,160,160,2,162,2971,226,3197,160,2,162,3131,228,3359
2026-04-07,2026-04-08,1414,,,,421,,,,41,4,,,560,217,,,507,,,,,,,,,,7,,,,,,2943,221,7,,,,,,8,,,,,,1,,,,,,,,,,1,,,,,,,,,,,,,,,,1,,,,,,,,,,,,,,,,,,,,,,,,,,,,,,1,,10,,,,1422,,1422,422,,422,42,4,46,560,217,777,508,,508,,,,7,,7,,,,2961,221,3182,,,,,,,,,,2,,2,159,2,161,161,2,163,2961,221,3182,161,2,163,3122,223,3345
2026-04-08,2026-04-09,1400,,,,420,,,,44,6,,,557,211,,,493,,,,,,,,,,7,,,,,,2914,217,7,,,,,,7,,1,,,,1,,,,,,,,,,1,,,,,,,,,,,,,,,,1,,,,,,,,,,,,,,,,,,,,,,,,,,,,,,1,,9,,1,,1408,,1408,421,,421,45,6,51,557,211,768,494,,494,,,,7,,7,,,,2932,217,3149,,,,,,,,,,2,,2,160,2,162,162,2,164,2932,217,3149,162,2,164,3094,219,3313
2026-04-09,2026-04-10,1400,,,,412,,,,41,6,,,556,215,,,503,,,,,,7,,,,,,,,,,2912,221,7,,,,,,6,,,,,,,,,,,,,,,,1,,,,,,,,,,,,,,,,3,,,,,,,,,,,,,,,,,,,,,,,,,,,,,,,,10,,,,1406,,1406,412,,412,42,6,48,556,215,771,506,,506,7,,7,,,,,,,2929,221,3150,,,,,,,,,,2,,2,160,2,162,162,2,164,2929,221,3150,162,2,164,3091,223,3314
2026-04-10,2026-04-11,1390,,,,402,,,,42,7,,,556,210,,,507,,,,,,,,,,7,,,,,,2897,217,7,,,,,,5,,,,,,,,,,,,,,,,1,,,,,,,,,1,,,,,,,2,,1,,,,,,,,,,,,,,,,,,,,,,,,,,,,,,8,1,1,,1395,,1395,402,,402,43,7,50,556,211,767,510,,510,,,,7,,7,,,,2913,218,3131,,,,,,,,,,2,,2,158,2,160,160,2,162,2913,218,3131,160,2,162,3073,220,3293
2026-04-11,2026-04-12,1407,,,,406,,,,42,5,,,557,215,,,515,,,,,,,,,,7,,1,,,,2928,220,7,,,,,,4,,1,,,,,,,,,,,,,,1,,,,,,,,1,2,,,,,,,2,,,,,,,,,,,,,,,,,,,,,,,,,,,,,,,,8,2,1,,1412,,1412,406,,406,43,5,48,558,217,775,517,,517,,,,7,,7,1,,1,2944,222,3166,,,,,,,,,,2,,2,157,2,159,159,2,161,2944,222,3166,159,2,161,3103,224,3327
2026-04-12,2026-04-13,1416,,,,418,,,,43,5,,,557,214,,,516,,,,,,,,,,7,,1,,,,2951,219,7,,,,,,2,,2,,,,,,,,,,,,,,1,,,,,,,,1,2,,,,,,,2,,,,,,,,,,,,,,,,,,,,,,,,,,,,,,,,6,2,2,,1420,,1420,418,,418,44,5,49,558,216,774,518,,518,,,,7,,7,1,,1,2966,221,3187,,,,,,,,,,2,,2,158,2,160,160,2,162,2966,221,3187,160,2,162,3126,223,3349
2026-04-13,2026-04-14,1417,,,,410,,,,38,3,,,552,213,,,507,,,,,,,,,,7,,,,,,2924,216,7,,,,,,4,,2,,,,,,,,,,,,,,1,,,,,,,,1,3,,1,,,,,2,,,,,,,,,,,,,,,,,,,,,,,,,,,,,,,,8,3,2,1,1423,,1423,410,,410,39,3,42,553,217,770,509,,509,,,,7,,7,,,,2941,220,3161,,,,,,,,,,2,,2,159,1,160,161,1,162,2941,220,3161,161,1,162,3102,221,3323
2026-04-14,2026-04-15,1402,,,,404,,,,36,3,,,562,208,,,505,,,,,,,,,,7,,,,,,2909,211,7,,,,,,4,,,,,,,,,,,,,,,,2,,,,,,,,1,5,,,,,,,2,,,,,,,,,,,,,,,,,,,,,,,,,,,,,,,,9,5,,,1406,,1406,404,,404,38,3,41,563,213,776,507,,507,,,,7,,7,,,,2925,216,3141,,,,,,,,,,2,,2,162,3,165,164,3,167,2925,216,3141,164,3,167,3089,219,3308
2026-04-15,2026-04-16,1403,,,,401,,,,34,5,,,554,205,,,504,,,,,,,,,,7,,,,,,2896,210,7,,,,,,2,,1,,,,,,,,,,,,,,2,,,,,,,,1,3,,,,,,,3,,,,,,,,,,,,,,,,,,,,,,,,,,,,,,,,8,3,1,,1406,,1406,401,,401,36,5,41,555,208,763,507,,507,,,,7,,7,,,,2912,213,3125,,,,,,,,,,2,,2,150,2,152,152,2,154,2912,213,3125,152,2,154,3064,215,3279
2026-04-16,2026-04-17,1411,,,,401,,,,40,4,,,543,204,,,501,,,,,,,,,,7,,,,,,2896,208,7,,,,,,2,,2,,,,,,,,,,,,,,2,,,,,,,,,2,1,1,,,,,2,,,,,,,,,,,,,,,,,,,,,,,,,,,,,,,,6,2,3,1,1415,,1415,401,,401,42,4,46,544,207,751,503,,503,,,,7,,7,,,,2912,211,3123,,,,,,,,,,2,,2,150,2,152,152,2,154,2912,211,3123,152,2,154,3064,213,3277
2026-04-17,2026-04-18,1423,,,,402,,,,43,4,,,544,208,,,495,,,,,,,,,,7,,,,,,2907,212,7,,,,,,5,,,,,,,,,,1,,,,,,2,,,,,,,,,1,,,,,,,,,1,,,,,,,,,,,,,,,,,,,,,,,,,,,,,,7,1,2,,1428,,1428,403,,403,45,4,49,544,209,753,496,,496,,,,7,,7,,,,2923,213,3136,,,,,,,,,,2,,2,149,2,151,151,2,153,2923,213,3136,151,2,153,3074,215,3289
2026-04-18,2026-04-19,1436,,,,402,,,,43,4,,,556,207,,,499,,,,,,,,,,7,,1,1,,,2937,212,7,,,,,,5,,1,,,,,,1,,,,,,,,2,,,,,,,,,2,,,,,,,,,1,,,,,,,,,,,,,,,,,,,,,,,,,,,,,,8,2,2,,1442,,1442,403,,403,45,4,49,556,209,765,500,,500,,,,7,,7,1,1,2,2954,214,3168,,,,,,,,,,2,,2,149,2,151,151,2,153,2954,214,3168,151,2,153,3105,216,3321
2026-04-19,2026-04-20,1441,,,,411,,,,48,5,,,555,211,,,506,,,,,,,,,,6,,1,1,,,2962,217,6,,,,,,7,,,,,,,,1,,,,,,,,2,,,,,,,,,1,,,,,,,,,,,,,,,,,,,,,,,,,,,,,,,,,,,,,,,10,1,,,1448,,1448,412,,412,50,5,55,555,212,767,506,,506,,,,6,,6,1,1,2,2978,218,3196,,,,,,,,,,2,,2,149,2,151,151,2,153,2978,218,3196,151,2,153,3129,220,3349
2026-04-20,2026-04-21,1426,,,,407,,,,47,5,,,554,204,,,491,,,,,,,,,,6,,,,,,2925,209,6,,,,,,4,,2,,,,,,1,,,,,,,,2,,,,,,,,,2,1,,,,,,,,,,,,,,,,,,,,,,,,,,,,,,,,,,,,,,7,2,3,,1432,,1432,408,,408,49,5,54,555,206,761,491,,491,,,,6,,6,,,,2941,211,3152,,,,,,,,,,2,,2,152,2,154,154,2,156,2941,211,3152,154,2,156,3095,213,3308
2026-04-21,2026-04-22,1430,,,,402,,,,45,6,,,562,198,,,486,,,,,,,,,,6,,,,,,2925,204,6,,,,,,4,,1,,,,,,1,,,,,,,,1,,,,,,,,,1,,,,,,,,,1,,,,,,,,,,,,,,,,,,,,,,,,,,,,,,6,1,2,,1435,,1435,403,,403,46,6,52,562,199,761,487,,487,,,,6,,6,,,,2939,205,3144,,,,,,,,,,2,,2,156,2,158,158,2,160,2939,205,3144,158,2,160,3097,207,3304
2026-04-22,2026-04-23,1408,,,,400,,,,46,6,,,570,193,,,488,,,,,,,,,,6,,,,,,2912,199,6,,,,,,4,,,,,,,,1,,,,,,,,1,,,,,,,,,1,,,,,,,1,,,,,,,,,,,,,,,,,,,,,,,,,,,,,,,,7,1,,,1412,,1412,401,,401,47,6,53,570,194,764,489,,489,,,,6,,6,,,,2925,200,3125,,,,,,,,,,2,,2,152,2,154,154,2,156,2925,200,3125,154,2,156,3079,202,3281
2026-04-23,2026-04-24,1416,,,,395,,,,44,3,,,573,198,,,483,,,,,,,,,,6,,,,,,2911,201,6,,,,,,7,,,,,,,,1,,,,,,,,2,,,,,,,,,1,,,,,,,1,,,,,,,,,,,,,,,,,,,,,,,,,,,,,,,,11,1,,,1423,,1423,396,,396,46,3,49,573,199,772,484,,484,,,,6,,6,,,,2928,202,3130,,,,,,,,,,2,,2,154,2,156,156,2,158,2928,202,3130,156,2,158,3084,204,3288
2026-04-24,2026-04-25,1391,,,,393,,,,40,3,,,557,195,,,500,,,,,,,,,,6,,,1,,,2881,199,6,,,,,,6,,1,,,,,,,,,,,,,,1,,,,,,,,,1,,,,,,,1,,,,,,,,,,,,,,,,,,,,,,,,,,,,,,,,8,1,1,,1398,,1398,393,,393,41,3,44,557,196,753,501,,501,,,,6,,6,,1,1,2896,200,3096,,,,,,,,,,2,,2,151,2,153,153,2,155,2896,200,3096,153,2,155,3049,202,3251
2026-04-25,2026-04-26,1401,,,,395,,,,39,4,,,565,196,,,506,,,,,,,,,,6,,1,1,,,2907,201,6,,,,,,5,,1,,,,,,,,1,,,,,,1,,,,,,,,,1,,1,,,,,1,,,,,,,,,,,,,,,,,,,,,,,,,,,,,,,,7,1,2,1,1407,,1407,396,,396,40,4,44,565,198,763,507,,507,,,,6,,6,1,1,2,2922,203,3125,,,,,,,,,,2,,2,151,2,153,153,2,155,2922,203,3125,153,2,155,3075,205,3280
2026-04-26,2026-04-27,1403,,,,396,,,,41,5,,,573,205,,,510,,,,,,,,,,6,,1,,,,2924,210,6,,,,,,6,,2,,,,,,,,,,,,,,,,,,,,,,,1,,,,,,,1,,1,,,,,,,,,,,,,,,,,,,,,,,,,,,,,,7,1,3,,1411,,1411,396,,396,41,5,46,573,206,779,512,,512,,,,6,,6,1,,1,2940,211,3151,,,,,,,,,,2,,2,151,2,153,153,2,155,2940,211,3151,153,2,155,3093,213,3306
2026-04-28,2026-04-29,1403,,,,394,,,,48,3,,,571,193,,,494,,,,,,,,,,6,,,,,,2910,196,6,,,,,,5,,,,,,,,,,,,,,,,,,,,,,,,,3,,,,,,,2,,,,,,,,,,,,,,,,,,,,,,,,,,,,,,,,7,3,,,1408,,1408,394,,394,48,3,51,571,196,767,496,,496,,,,6,,6,,,,2923,199,3122,,,,,,,,,,2,,2,152,3,155,154,3,157,2923,199,3122,154,3,157,3077,202,3279
2026-04-29,2026-04-30,1401,,,,391,,,,43,2,,,578,194,,,481,,,,,,,,,,6,,,,,,2894,196,6,,,,,,5,,,,,,,,,,,,,,,,,,,,,,,,,3,,,,,,,1,,,,,,,,,,,,,,,,,,,,,,,,,,,,,,,,6,3,,,1406,,1406,391,,391,43,2,45,578,197,775,482,,482,,,,6,,6,,,,2906,199,3105,,,,,,,,,,2,,2,152,3,155,154,3,157,2906,199,3105,154,3,157,3060,202,3262
2026-04-30,2026-05-01,1406,,,,385,,,,44,1,,,580,199,,,489,,,,,,,,,,6,,,,,,2904,200,6,,,,,,5,,,,,,,,,,1,,,,,,1,,,,,,,,,3,,1,,,,,,,,,,,,,,,,,,,,,,,,,,,,,,,,,,,,,6,3,1,1,1411,,1411,386,,386,45,1,46,580,203,783,489,,489,,,,6,,6,,,,2917,204,3121,,,,,,,,,,2,,2,152,3,155,154,3,157,2917,204,3121,154,3,157,3071,207,3278
2026-05-01,2026-05-02,1417,,,,382,,,,45,4,,,589,194,,,479,,,,,,,,,,6,,2,1,,,2914,199,6,,,,,,5,,,,,,,,,,,,,,,,1,,,,,,,,,3,,,,,,,,,,,,,,,,,,,,,,,,,,,,,,,,,,,,,,,6,3,,,1422,,1422,382,,382,46,4,50,589,197,786,479,,479,,,,6,,6,2,1,3,2926,202,3128,,,,,,,,,,2,,2,154,3,157,156,3,159,2926,202,3128,156,3,159,3082,205,3287
2026-05-02,2026-05-03,1415,,,,385,,,,49,4,,,591,201,,,489,,,,,,,,,,6,,3,1,,,2932,206,6,,,,,,4,,,,,,,,,,,,,,,,1,1,,,,,,,,3,,,,,,,,,,,,,,,,,,,,,,,,,,,,,,,,,,,,,,,5,4,,,1419,,1419,385,,385,50,5,55,591,204,795,489,,489,,,,6,,6,3,1,4,2943,210,3153,,,,,,,,,,2,,2,154,3,157,156,3,159,2943,210,3153,156,3,159,3099,213,3312
2026-05-03,2026-05-04,1415,,,,390,,,,50,4,,,596,207,,,491,,,,,,,,,,6,,3,1,,,2945,212,6,,,,,,4,,1,,,,,,,,,,,,,,1,1,,,,,,,,3,,,,,,,,,1,,,,,,,,,,,,,,,,,,,,,,,,,,,,,,5,4,2,,1420,,1420,390,,390,51,5,56,596,210,806,492,,492,,,,6,,6,3,1,4,2958,216,3174,,,,,,,,,,2,,2,153,3,156,155,3,158,2958,216,3174,155,3,158,3113,219,3332
2026-05-04,2026-05-05,1394,,,,391,,,,50,2,,,608,201,,,484,,,,,,,,,,6,,,,,,2927,203,6,,,,,,2,,,,,,,,,,,,,,,,1,1,,,,,,,,2,,,,,,,,,,,,,,,,,,,,,,,,,,,,,,,,,,,,,,,3,3,,,1396,,1396,391,,391,51,3,54,608,203,811,484,,484,,,,6,,6,,,,2936,206,3142,,,,,,,,,,2,,2,154,3,157,156,3,159,2936,206,3142,156,3,159,3092,209,3301
2026-05-05,2026-05-06,1405,,,,384,,,,48,2,,,605,197,,,478,,,,,,,,,,6,,,,,,2920,199,6,,,,,,2,,1,,,,,,,,,,,,,,1,1,1,,,,,,,4,,,,,,,,,1,,,,,,,,,,,,,,,,,,,,,,,,,,,,,,3,5,3,,1408,,1408,384,,384,50,3,53,605,201,806,479,,479,,,,6,,6,,,,2932,204,3136,,,,,,,,,,2,,2,156,3,159,158,3,161,2932,204,3136,158,3,161,3090,207,3297
2026-05-06,2026-05-07,1383,,,,380,,,,46,2,,,609,194,,,469,,,,,,,,,,6,,,,,,2887,196,6,,,,,,4,,1,,,,,,1,,,,,,,,3,1,,,,,,,,2,,,,,,,1,,2,,,,,,,,,,,,,,,,,,,,,,,,,,,,,,9,3,3,,1388,,1388,381,,381,49,3,52,609,196,805,472,,472,,,,6,,6,,,,2905,199,3104,,,,,,,,,,2,,2,152,3,155,154,3,157,2905,199,3104,154,3,157,3059,202,3261
2026-05-07,2026-05-08,1385,,,,377,,,,42,2,,,615,188,,,468,,,,,,,,,,6,,,,,,2887,190,6,,,,,,6,,,,,,,,,,,,,,,,1,1,,,,,,,,2,1,,,,,,1,,1,,,,,,,,,,,,,,,,,,,,,,,,,,,,,,8,3,2,,1391,,1391,377,,377,43,3,46,616,190,806,470,,470,,,,6,,6,,,,2903,193,3096,,,,,,,,,,2,,2,150,3,153,152,3,155,2903,193,3096,152,3,155,3055,196,3251
2026-05-08,2026-05-09,1385,,,,377,,,,43,3,,,620,181,,,461,,,,,,,,,,6,,,,,,2886,184,6,,,,,,7,,1,,,,,,,,,,,,,,1,,,,,,,,,4,,,,,,,1,,,,,,,,,,,,,,,,,,,,,,,,,,,,,,,,9,4,1,,1393,,1393,377,,377,44,3,47,620,185,805,462,,462,,,,6,,6,,,,2902,188,3090,,,,,,,,,,2,,2,150,3,153,152,3,155,2902,188,3090,152,3,155,3054,191,3245
2026-05-09,2026-05-10,1412,,,,377,,,,43,2,,,619,185,,,471,,,,,,,,,,6,,1,,,,2923,187,6,,,,,,8,,,,,,,,,,,,,,,,1,,,,,,,,,3,,1,,,,,,,,,,,,,,,,,,,,,,,,,,,,,,,,,,,,,9,3,,1,1420,,1420,377,,377,44,2,46,619,189,808,471,,471,,,,6,,6,1,,1,2938,191,3129,,,,,,,,,,2,,2,150,3,153,152,3,155,2938,191,3129,152,3,155,3090,194,3284
2026-05-10,2026-05-11,1431,,,,375,,,,49,2,,,617,188,,,471,,,,,,,,,,6,,1,,,,2944,190,6,,,,,,7,,,,,,,,1,,1,,,,,,1,,,,,,,,,4,,1,,,,,,,,,,,,,,,,,,,,,,,,,,,,,,,,,,,,,9,4,1,1,1438,,1438,377,,377,50,2,52,617,193,810,471,,471,,,,6,,6,1,,1,2960,195,3155,,,,,,,,,,2,,2,150,3,153,152,3,155,2960,195,3155,152,3,155,3112,198,3310
2026-05-11,2026-05-12,1435,,,,368,,,,48,3,,,607,182,,,461,,,,,,,,,,6,,,,,,2919,185,6,,,,,,5,,1,,,,,,1,,,,,,,,1,,1,,,,,,,3,1,,,,,,,,1,,,,,,,,,,,,,,,,,,,,,,,,,,,,,,7,3,4,,1441,,1441,369,,369,50,3,53,608,185,793,462,,462,,,,6,,6,,,,2936,188,3124,,,,,,,,,,2,,2,151,3,154,153,3,156,2936,188,3124,153,3,156,3089,191,3280
2026-05-12,2026-05-13,1420,,,,371,,,,46,3,,,606,184,,,464,,,,,,,,,,6,,,,,,2907,187,6,,,,,,7,,1,,,,,,2,,,,,,,,1,,,,,,,,,3,1,,,,,,1,,,,,,,,,,,,,,,,,,,,,,,,,,,,,,,,11,3,2,,1428,,1428,373,,373,47,3,50,607,187,794,465,,465,,,,6,,6,,,,2926,190,3116,,,,,,,,,,2,,2,155,3,158,157,3,160,2926,190,3116,157,3,160,3083,193,3276
2026-05-13,2026-05-14,1437,,,,368,,,,45,5,,,594,183,,,468,,,,,,,,,,6,,,,,,2912,188,6,,,,,,4,,1,,,,,,,,,,,,,,1,,,,,,,,,2,2,,,,,,1,,,,,,,,,,,,,,,,,,,,,,,,,,,,,,,,6,2,3,,1442,,1442,368,,368,46,5,51,596,185,781,469,,469,,,,6,,6,,,,2927,190,3117,,,,,,,,,,2,,2,153,3,156,155,3,158,2927,190,3117,155,3,158,3082,193,3275
2026-05-14,2026-05-15,1440,,,,366,,,,46,6,,,588,176,,,471,,,,,,,,,,6,,,,,,2911,182,6,,,,,,6,,,,,,,,,,,,,,,,1,,,,,,,,,3,,,,,,,1,,1,,,,,,,,,,,,,,,,,,,,,,,,,,,,,,8,3,1,,1446,,1446,366,,366,47,6,53,588,179,767,473,,473,,,,6,,6,,,,2926,185,3111,,,,,,,,,,2,,2,153,4,157,155,4,159,2926,185,3111,155,4,159,3081,189,3270
2026-05-15,2026-05-16,1440,,,,356,,,,39,6,,,596,178,,,473,,,,,,,,,,6,,,,,,2904,184,6,,,,,,4,,,,,,,,,,,,,,,,1,,1,,,,,,,3,,,,,,,,,,,,,,,,,,,,,,,,,,,,,,,,,,,,,,,5,3,1,,1444,,1444,356,,356,41,6,47,596,181,777,473,,473,,,,6,,6,,,,2916,187,3103,,,,,,,,,,2,,2,156,3,159,158,3,161,2916,187,3103,158,3,161,3074,190,3264
2026-05-16,2026-05-17,1441,,,,362,,,,37,6,,,599,188,,,479,,,,,,,,,,6,,1,,,,2919,194,6,,,,,,5,,1,,,,,,,,,,,,,,1,,,,,,,,,4,1,,,,,,,,2,,,,,,,,,,,,,,,,,,,,,,,,,,,,,,6,4,4,,1447,,1447,362,,362,38,6,44,600,192,792,481,,481,,,,6,,6,1,,1,2935,198,3133,,,,,,,,,,2,,2,154,3,157,156,3,159,2935,198,3133,156,3,159,3091,201,3292
2026-05-17,2026-05-18,1433,,,,373,,,,42,6,,,603,195,,,484,,,,,,,,,,6,,1,,,,2936,201,6,,,,,,7,,1,,,,,,,,,,,,,,,,,,,,,,,5,,,,,,,,,,,,,,,,,,,,,,,,,,,,,,,,,,,,,,,7,5,1,,1441,,1441,373,,373,42,6,48,603,200,803,484,,484,,,,6,,6,1,,1,2950,206,3156,,,,,,,,,,2,,2,154,3,157,156,3,159,2950,206,3156,156,3,159,3106,209,3315
2026-05-18,2026-05-19,1420,,,,375,,,,40,6,,,603,188,,,468,,,,,,,,,,6,,,,,,2906,194,6,,,,,,8,,1,,,,,,,,,,,,,,,,,,,,,,,4,,,,,,,,,,,,,,,,,,,,,,,,,,,,,,,,,,,,,,,8,4,1,,1429,,1429,375,,375,40,6,46,603,192,795,468,,468,,,,6,,6,,,,2921,198,3119,,,,,,,,,,2,,2,155,4,159,157,4,161,2921,198,3119,157,4,161,3078,202,3280
2026-05-19,2026-05-20,1427,,,,368,,,,40,8,,,602,187,,,462,,,,,,,,,,6,,,,,,2899,195,6,,,,,,9,,,,,,,,1,,,,,,,,,,,,,,,,,2,1,,,,,,,,,,,,,,,,,,,,,,,,,,,,,,,,,,,,,,10,2,1,,1436,,1436,369,,369,40,8,48,603,189,792,462,,462,,,,6,,6,,,,2916,197,3113,,,,,,,,,,2,,2,159,4,163,161,4,165,2916,197,3113,161,4,165,3077,201,3278
2026-05-20,2026-05-21,1414,,,,356,,,,35,6,,,598,182,,,457,,,,,,,,,,6,,,,,,2860,188,6,,,,,,7,,1,,,,,,1,,,,,,,,1,,,,,,,,,,1,,,,,,,,,,,,,,,,,,,,,,,,,,,,,,,,,,,,,,9,,2,,1422,,1422,357,,357,36,6,42,599,182,781,457,,457,,,,6,,6,,,,2877,188,3065,,,,,,,,,,2,,2,151,3,154,153,3,156,2877,188,3065,153,3,156,3030,191,3221
2026-05-21,2026-05-22,1421,,,,357,,,,36,6,,,581,188,,,462,,,,,,,,,,6,,,,,,2857,194,6,,,,,,6,,1,,,,,,,,,,,,,,1,,,,,,,,,1,,,,,,,1,,,,,,,,,,,,,,,,,,,,,,,,,,,,,,,,8,1,1,,1428,,1428,357,,357,37,6,43,581,189,770,463,,463,,,,6,,6,,,,2872,195,3067,,,,,,,,,,2,,2,151,2,153,153,2,155,2872,195,3067,153,2,155,3025,197,3222
2026-05-22,2026-05-23,1431,,,,354,,,,40,6,1,,574,180,,,458,,,,,,,,,,5,,,,,,2857,186,6,,,,,,7,,2,,,,,,1,,,,,,,,1,,,,,,,,,3,,,,,,,1,,1,,,,,,,,,,,,,,,,,,,,,,,,,,,,,,10,3,3,,1440,,1440,355,,355,42,6,48,574,183,757,460,,460,,,,5,,5,,,,2876,189,3065,,,,,,,,,,2,,2,150,2,152,152,2,154,2876,189,3065,152,2,154,3028,191,3219
2026-05-23,2026-05-24,1428,,,,359,,,,42,6,,,576,184,,,465,,,,,,,,,,4,,1,,,,2871,190,4,,,,,,9,,,,,,,,1,,,,,,,,1,,,,,,,,,3,1,,,,,,1,,,,,,,,,,,,,,,,,,,,,,,,,,,,,,,,12,3,1,,1437,,1437,360,,360,43,6,49,577,187,764,466,,466,,,,4,,4,1,,1,2888,193,3081,,,,,,,,,,2,,2,150,2,152,152,2,154,2888,193,3081,152,2,154,3040,195,3235
2026-05-24,2026-05-25,1437,,,,364,,,,43,7,1,,582,189,,,467,,,,,,,,,,4,,1,,,,2894,196,5,,,,,,9,,,,,,,,,,,,,,,,1,,,,,,,,,4,1,,,,,,1,,,,,,,,,,,,,,,,,,,,,,,,,,,,,,,,11,4,1,,1446,,1446,364,,364,45,7,52,583,193,776,468,,468,,,,4,,4,1,,1,2911,200,3111,,,,,,,,,,2,,2,150,2,152,152,2,154,2911,200,3111,152,2,154,3063,202,3265
2026-05-25,2026-05-26,1446,,,,376,,,,40,7,,,590,197,,,465,,,,,,,,,,5,,,,,,2917,204,5,,,,,,10,,2,,,,,,,,,,,,,,1,,,,,,,,,2,,,,,,,1,,,,,,,,,,,,,,,,,,,,,,,,,,,,,,,,12,2,2,,1458,,1458,376,,376,41,7,48,590,199,789,466,,466,,,,5,,5,,,,2936,206,3142,,,,,,,,,,2,,2,150,2,152,152,2,154,2936,206,3142,152,2,154,3088,208,3296
2026-05-26,2026-05-27,1446,,,,372,,,,42,6,,,589,187,,,459,,,,,,,,,,5,,,,,,2908,193,5,,,,,,9,,1,,,,,,,,,,,,,,1,,,,,,,,,2,,,,,,,1,,,,,,,,,,,,,,,,,,,,,,,,,,,,,,,,11,2,1,,1456,,1456,372,,372,43,6,49,589,189,778,460,,460,,,,5,,5,,,,2925,195,3120,,,,,,,,,,2,,2,152,2,154,154,2,156,2925,195,3120,154,2,156,3079,197,3276
2026-05-27,2026-05-28,1452,,,,358,,,,38,7,,,598,194,,,456,,,,,,,,,,5,,,,,,2902,201,5,,,,,,7,,,,,,,,,,,,,,,,1,,,,,,,,,1,,,,,,,1,,,,,,,,,,,,,,,,,,,,,,,,,,,,,,,,9,1,,,1459,,1459,358,,358,39,7,46,598,195,793,457,,457,,,,5,,5,,,,2916,202,3118,,,,,,,,,,2,,2,153,2,155,155,2,157,2916,202,3118,155,2,157,3071,204,3275
2026-05-28,2026-05-29,1451,,,,362,,,,40,8,,,593,188,,,448,,,,,,,,,,5,,,,,,2894,196,5,,,,,,7,,,,,,,,,,,,,,,,1,,,,,,,,,1,,1,,,,,1,,,,,,,,,,,,,,,,,,,,,,,,,,,,,,,,9,1,,1,1458,,1458,362,,362,41,8,49,593,190,783,449,,449,,,,5,,5,,,,2908,198,3106,,,,,,,,,,2,,2,152,2,154,154,2,156,2908,198,3106,154,2,156,3062,200,3262
2026-05-29,2026-05-30,1448,,,,362,,,,34,8,,,592,182,,,429,,,,,,,,,,5,,,,,,2865,190,5,,,,,,7,,1,,,,,,,,,,,,,,,,,,,,,,,,2,,,,,,1,,,,,,,,,,,,,,,,,,,,,,,,,,,,,,,,8,,3,,1456,,1456,362,,362,34,8,42,594,182,776,430,,430,,,,5,,5,,,,2881,190,3071,,,,,,,,,,2,,2,150,3,153,152,3,155,2881,190,3071,152,3,155,3033,193,3226
2026-05-30,2026-05-31,1449,,,,363,,,,37,9,,,594,187,,,438,,,,,,,,,,5,,1,,,,2882,196,5,,,,,,8,,2,,,,,,,,1,,,,,,,,1,,,,,,1,,1,,,,,,1,,,,,,,,,,,,,,,,,,,,,,,,,,,,,,,,10,,5,,1459,,1459,364,,364,38,9,47,596,187,783,439,,439,,,,5,,5,1,,1,2902,196,3098,,,,,,,,,,2,,2,150,2,152,152,2,154,2902,196,3098,152,2,154,3054,198,3252
2026-05-31,2026-06-01,1457,,,,366,,,,40,10,,,602,186,,,440,,,,,,,,,,5,,,,,,2905,196,5,,,,,,11,,1,,,,,,1,,,,,,,,1,,,,,,,,,1,,,,,,,1,,,,,,,,,,,,,,,,,,,,,,,,,,,,,,,,14,1,1,,1469,,1469,367,,367,41,10,51,602,187,789,441,,441,,,,5,,5,,,,2925,197,3122,,,,,,,,,,2,,2,150,2,152,152,2,154,2925,197,3122,152,2,154,3077,199,3276
2026-06-01,2026-06-02,1436,,,,362,,,,41,7,,,605,187,,,445,,,,,,,,,,5,,,,,,2889,194,5,,,,,,7,,2,,,,,,1,,,,,,,,1,,,,,,,,,2,,,,,,,1,,,,,,,,,,,,,,,,,,,,,,,,,,,,,,,,10,2,2,,1445,,1445,363,,363,42,7,49,605,189,794,446,,446,,,,5,,5,,,,2906,196,3102,,,,,,,,,,2,,2,151,2,153,153,2,155,2906,196,3102,153,2,155,3059,198,3257
2026-06-02,2026-06-03,1424,,,,365,,,,37,5,,,605,190,,,444,,,,,,,,,,5,,,,,,2875,195,5,,,,,,9,,1,,,,,,2,,,,,,,,1,,,,,,,,,,,,,,,,1,,1,,,,,,,,,,,,,,,,,,,,,,,,,,,,,,13,,2,,1434,,1434,367,,367,38,5,43,605,190,795,446,,446,,,,5,,5,,,,2895,195,3090,,,,,,,,,,2,,2,153,3,156,155,3,158,2895,195,3090,155,3,158,3050,198,3248
2026-06-03,2026-06-04,1405,,,,360,,,,42,5,,,601,186,,,436,,,,,,,,,,5,,,,,,2844,191,5,,,,,,7,,,,,,,,2,,1,,,,,,1,,,,,,,,,,1,,,,,,1,,,,,,,,,,,,,,,,,,,,,,,,,,,,,,,,11,,2,,1412,,1412,363,,363,43,5,48,602,186,788,437,,437,,,,5,,5,,,,2862,191,3053,,,,,,,,,,2,,2,153,3,156,155,3,158,2862,191,3053,155,3,158,3017,194,3211
2026-06-04,2026-06-05,1436,,,,364,,,,41,6,,,588,194,,,443,,,,,,,,,,4,,,,,,2872,200,4,,,,,,6,,3,,,,,,3,,,,,,,,,,,,,,,,,,,,,,,,1,,,,,,,,,,,,,,,,,,,,,,,,,,,,,,,,10,,3,,1445,,1445,367,,367,41,6,47,588,194,782,444,,444,,,,4,,4,,,,2889,200,3089,,,,,,,,,,2,,2,152,2,154,154,2,156,2889,200,3089,154,2,156,3043,202,3245
2026-06-06,2026-06-07,1453,,,,366,,,,48,8,,,599,198,,,447,,,,,,,,,,4,,1,,,,2914,206,4,,,,,,7,,1,,,,,,1,,,,,,,,1,,,,,,,,,,,1,,,,,,,,,,,,,,,,,,,,,,,,,,,,,,,,,,,,,9,,1,1,1461,,1461,367,,367,49,8,57,599,199,798,447,,447,,,,4,,4,1,,1,2928,207,3135,,,,,,,,,,2,,2,148,2,150,150,2,152,2928,207,3135,150,2,152,3078,209,3287
2026-06-07,2026-06-08,1457,,,,370,,,,46,8,,,608,200,,,452,,,,,,,,,,4,,1,,,,2934,208,4,,,,,,8,,,,,,,,1,,,,,,,,2,,2,,,,,,,1,,1,,,,,,,,,,,,,,,,,,,,,,,,,,,,,,,,,,,,,11,1,2,1,1465,,1465,371,,371,50,8,58,608,202,810,452,,452,,,,4,,4,1,,1,2951,210,3161,,,,,,,,,,2,,2,148,2,150,150,2,152,2951,210,3161,150,2,152,3101,212,3313
2026-06-08,2026-06-09,1455,,,,363,,,,44,6,,,611,199,,,431,,,,,,,,,,4,,,,,,2904,205,4,,,,,,6,,1,,,,,,,,,,,,,,3,,1,,,,,,,1,,,,,,,,,1,,,,,,,,,,,,,,,,,,,,,,,,,,,,,,9,1,3,,1462,,1462,363,,363,48,6,54,611,200,811,432,,432,,,,4,,4,,,,2920,206,3126,,,,,,,,,,2,,2,148,2,150,150,2,152,2920,206,3126,150,2,152,3070,208,3278
2026-06-09,2026-06-10,1461,,,,361,,,,38,7,,,598,205,,,428,,,,,,,,,,4,,,,,,2886,212,4,,,,,,7,,,,,,,,,,,,,,,,3,,,,,,,,,1,,,,,,,,,,,,,,,,,,,,,,,,,,,,,,,,,,,,,,,10,1,,,1468,,1468,361,,361,41,7,48,598,206,804,428,,428,,,,4,,4,,,,2900,213,3113,,,,,,,,,,2,,2,152,2,154,154,2,156,2900,213,3113,154,2,156,3054,215,3269
2026-06-10,2026-06-11,1459,,,,360,,,,38,6,,,596,200,,,422,,,,,,,,,,4,,,,,,2875,206,4,,,,,,7,,,,,,,,,,,,,,,,1,,,,,,,,,1,,,,,,,,,,,,,,,,,,,,,,,,,,,,,,,,,,,,,,,8,1,,,1466,,1466,360,,360,39,6,45,596,201,797,422,,422,,,,4,,4,,,,2887,207,3094,,,,,,,,,,2,,2,149,2,151,151,2,153,2887,207,3094,151,2,153,3038,209,3247
2026-06-11,2026-06-12,1474,,,,355,,,,41,7,,,581,200,,,422,,,,,,,,,,4,,,,,,2873,207,4,,,,,,7,,,,,,,,,,,,,,,,1,,,,,,,,,3,,,,,,,,,1,,,,,,,,,,,,,,,,,,,,,,,,,,,,,,8,3,1,,1481,,1481,355,,355,42,7,49,581,203,784,423,,423,,,,4,,4,,,,2886,210,3096,,,,,,,,,,2,,2,163,2,165,165,2,167,2886,210,3096,165,2,167,3051,212,3263
2026-06-12,2026-06-13,1472,,,,354,,,,38,6,,,586,204,,,430,,,,,,,,,,4,,,,,,2880,210,4,,,,,,9,,,,,,,,,,,,,,,,1,,,,,,,,,2,,1,,,,,,,,,,,,,,,,,,,,,,,,,,,,,,,,,,,,,10,2,,1,1481,,1481,354,,354,39,6,45,586,207,793,430,,430,,,,4,,4,,,,2894,213,3107,,,,,,,,,,2,,2,156,2,158,158,2,160,2894,213,3107,158,2,160,3052,215,3267
2026-06-13,2026-06-14,1480,,,,356,,,,37,7,,,585,207,,,442,,,,,,,,,,4,,1,,,,2901,214,4,,,,,,9,,1,,,,,,,,,,,,,,2,,,,,,,,,2,,,,,,,,,,,,,,,,,,,,,,,,,,,,,,,,,,,,,,,11,2,1,,1490,,1490,356,,356,39,7,46,585,209,794,442,,442,,,,4,,4,1,,1,2917,216,3133,,,,,,,,,,2,,2,155,2,157,157,2,159,2917,216,3133,157,2,159,3074,218,3292
2026-06-14,2026-06-15,1475,,,,365,,,,38,7,,,591,210,,,448,,,,,,,,,,4,,1,,,,2918,217,4,,,,,,7,,2,,,,,,,,,,,,,,2,,,,,,,,,2,,,,,,,1,,,,,,,,,,,,,,,,,,,,,,,,,,,,,,,,10,2,2,,1484,,1484,365,,365,40,7,47,591,212,803,449,,449,,,,4,,4,1,,1,2934,219,3153,,,,,,,,,,2,,2,155,2,157,157,2,159,2934,219,3153,157,2,159,3091,221,3312
2026-06-15,2026-06-16,1473,,,,361,,,,38,7,,,592,207,,,433,,,,,,,,,,4,,,,,,2897,214,4,,,,,,7,,,,,,,,,,,,,,,,2,,,,,,,,,1,,,,,,,1,,,,,,,,,,,,,,,,,,,,,,,,,,,,,,,,10,1,,,1480,,1480,361,,361,40,7,47,592,208,800,434,,434,,,,4,,4,,,,2911,215,3126,,,,,,,,,,2,,2,157,2,159,159,2,161,2911,215,3126,159,2,161,3070,217,3287
2026-06-17,2026-06-18,1441,,,,366,,,,43,5,,,585,209,,,428,,,,,,,,,,4,,,,,,2863,214,4,,,,,,5,,2,,,,,,1,,,,,,,,2,,,,,,,,,2,,1,,,,,1,,,,,,,,,,,,,,,,,,,,,,,,,,,,,,,,9,2,2,1,1448,,1448,367,,367,45,5,50,585,212,797,429,,429,,,,4,,4,,,,2878,217,3095,,,,,,,,,,2,,2,155,2,157,157,2,159,2878,217,3095,157,2,159,3035,219,3254
2026-06-21,2026-06-22,1456,,,,378,,,,51,4,,,604,217,,,446,,,,,,,,,,3,,1,,,,2936,221,3,,,,,,4,,,,,,,,2,,,,,,,,2,,,,,,,,,2,,,,,,,,,,,,,,,,,,,,,,,,,,,,,,,,,,,,,,,8,2,,,1460,,1460,380,,380,53,4,57,604,219,823,446,,446,,,,3,,3,1,,1,2947,223,3170,,,,,,,,,,2,,2,153,2,155,155,2,157,2947,223,3170,155,2,157,3102,225,3327
2026-06-22,2026-06-23,1434,,,,373,,,,52,5,,,604,217,,,452,,,,,,,,,,3,,,,,,2915,222,3,,,,,,2,,2,,,,,,2,,,,,,,,2,,,,,,,,,1,,,,,,,,,,,,,,,,,,,,,,,,,,,,,,,,,,,,,,,6,1,2,,1438,,1438,375,,375,54,5,59,604,218,822,452,,452,,,,3,,3,,,,2926,223,3149,,,,,,,,,,2,,2,153,2,155,155,2,157,2926,223,3149,155,2,157,3081,225,3306
2026-06-23,2026-06-24,1421,,,,358,,,,49,5,,,597,221,,,462,,,,,,,,,,3,,,,,,2887,226,3,,,,,,4,,2,,,,,,2,,,,,,,,1,,,,,,,,,2,,,,,,,,,1,,,,,,,,,,,,,,,,,,,,,,,,,,,,,,7,2,3,,1427,,1427,360,,360,50,5,55,597,223,820,463,,463,,,,3,,3,,,,2900,228,3128,,,,,,,,,,2,,2,160,2,162,162,2,164,2900,228,3128,162,2,164,3062,230,3292
2026-06-26,2026-06-27,1404,,,,353,,,,45,6,,,595,208,,,471,,,,,,,,,,3,,,,,,2868,214,3,,,,,,7,,1,,,,,,,,,,,,,,2,,,,,,,,,2,,,,,,,,,,,,,,,,,,,,,,,,,,,,,,,,,,,,,,,9,2,1,,1412,,1412,353,,353,47,6,53,595,210,805,471,,471,,,,3,,3,,,,2881,216,3097,,,,,,,,,,2,,2,155,3,158,157,3,160,2881,216,3097,157,3,160,3038,219,3257
2026-07-02,2026-07-03,1373,,,,348,,,,47,4,,,585,216,,,485,,,,,,,,,,3,,,,,,2838,220,3,,,,,,5,,1,,,,,,,,,,,,,,2,,,,,,,,1,1,1,,,,,,,,1,,,,,,,,,,,,,,,,,,,,,,,,,,,,,,8,1,3,,1379,,1379,348,,348,49,4,53,587,217,804,486,,486,,,,3,,3,,,,2852,221,3073,,,,,,,,,,2,,2,155,3,158,157,3,160,2852,221,3073,157,3,160,3009,224,3233
2026-07-03,2026-07-04,1385,,,,356,,,,44,4,,,586,217,,,490,,,,,,,,,,3,,,,,,2861,221,3,,,,,,8,,1,,,,,,,,,,,,,,3,,,,,,,,1,2,,1,,,,,,,,,,,,,,,,,,,,,,,,,,,,,,,,,,,,,12,2,1,1,1394,,1394,356,,356,47,4,51,587,220,807,490,,490,,,,3,,3,,,,2877,224,3101,,,,,,,,,,2,,2,155,4,159,157,4,161,2877,224,3101,157,4,161,3034,228,3262
2026-07-05,2026-07-06,1394,,,,368,,,,50,5,,,595,227,,,491,,,,,,,,,,3,,,,,,2898,232,3,,,,,,9,,,,,,,,,,1,,,,,,1,,,,,,,,1,4,2,,,,,,,,,,,,,,,,,,,,,,,,,,,,,,,,,,,,,,11,4,3,,1403,,1403,369,,369,51,5,56,598,231,829,491,,491,,,,3,,3,,,,2915,236,3151,,,,,,,,,,2,,2,155,3,158,157,3,160,2915,236,3151,157,3,160,3072,239,3311
2026-07-06,2026-07-07,1379,,,,374,,,,51,4,,,594,228,,,473,,,,,,,,,,3,,,,,,2871,232,3,,,,,,6,,,,,,,,,,1,,,,,,,,,,,,,,1,1,1,,,,,,,,,,,,,,,,,,,,,,,,,,,,,,,,,,,,,,7,1,2,,1385,,1385,375,,375,51,4,55,596,229,825,473,,473,,,,3,,3,,,,2883,233,3116,,,,,,,,,,2,,2,156,2,158,158,2,160,2883,233,3116,158,2,160,3041,235,3276
2026-07-08,2026-07-09,1392,,,,358,,,,44,6,,,588,224,,,463,,,,,,,,,,3,,,,,,2845,230,3,,,,,,5,,,,,,,,,,1,,,,,,1,,,,,,,,1,2,,,,,,,,,,,,,,,,,,,,,,,,,,,,,,,,,,,,,,,7,2,1,,1397,,1397,359,,359,45,6,51,589,226,815,463,,463,,,,3,,3,,,,2856,232,3088,,,,,,,,,,2,,2,156,2,158,158,2,160,2856,232,3088,158,2,160,3014,234,3248
2026-07-09,2026-07-10,1402,,,,362,,,,48,6,,,587,222,,,453,,,,,,,,,,3,,,,,,2852,228,3,,,,,,5,,,,,,,,,,,,,,,,,,,,,,,,1,2,,,,,,,,,1,,,,,,,,,,,,,,,,,,,,,,,,,,,,,,6,2,1,,1407,,1407,362,,362,48,6,54,588,224,812,454,,454,,,,3,,3,,,,2862,230,3092,,,,,,,,,,2,,2,155,2,157,157,2,159,2862,230,3092,157,2,159,3019,232,3251
2026-07-11,2026-07-12,1430,,,,365,,,,45,6,,,576,220,,,463,,,,,,,,,,1,,2,,,,2881,226,1,,,,,,6,,,,,,,,,,1,,,,,,,,1,,,,,,1,3,1,,,,,,,,,,,,,,,,,,,,,,,,,,,,,,,,,,,,,,7,3,3,,1436,,1436,366,,366,46,6,52,578,223,801,463,,463,,,,1,,1,2,,2,2892,229,3121,,,,,,,,,,2,,2,155,2,157,157,2,159,2892,229,3121,157,2,159,3049,231,3280
2026-07-12,2026-07-13,1431,,,,366,,,,51,7,,,584,226,,,466,,,,,,,,,,1,,1,,,,2899,233,1,,,,,,9,,,,,,,,,,,,,,,,1,,,,,,,,1,3,1,,,,,,,,,,,,,,,,,,,,,,,,,,,,,,,,,,,,,,11,3,1,,1440,,1440,366,,366,52,7,59,586,229,815,466,,466,,,,1,,1,1,,1,2912,236,3148,,,,,,,,,,2,,2,155,2,157,157,2,159,2912,236,3148,157,2,159,3069,238,3307
2026-07-14,2026-07-15,1407,,,,356,,,,49,8,,,580,227,,,462,,,,,,,,,,1,,,,,,2854,235,1,,,,,,9,,1,,,,,,,,,,,,,,1,,,,,,,,2,1,,,,,,,,,,,,,,,,,,,,,,,,,,,,,,,,,,,,,,,12,1,1,,1417,,1417,356,,356,50,8,58,582,228,810,462,,462,,,,1,,1,,,,2868,236,3104,,,,,,,,,,2,,2,155,2,157,157,2,159,2868,236,3104,157,2,159,3025,238,3263
2026-07-16,2026-07-17,1406,,,,357,,,,45,6,,,579,227,,,459,,,,,,,,,,1,,,,,,2846,233,1,,,,,,3,,1,,,,,,,,,,,,,,1,,,,,,,,1,1,1,,,,,,,,,,,,,,,,,,,,,,,,,,,,,,,,,,,,,,5,1,2,,1410,,1410,357,,357,46,6,52,581,228,809,459,,459,,,,1,,1,,,,2854,234,3088,,,,,,,,,,2,,2,158,2,160,160,2,162,2854,234,3088,160,2,162,3014,236,3250
2026-07-17,2026-07-18,1414,,,,352,,,,46,5,,,571,223,,,466,,,,,,,,,,1,,1,,,,2850,228,1,,,,,,3,,,,,,,,,,,,,,,,,,,,,,,,1,1,,,,,,,,,,,,,,,,,,,,,,,,,,,,,,,,,,,,,,,4,1,,,1417,,1417,352,,352,46,5,51,572,224,796,466,,466,,,,1,,1,1,,1,2855,229,3084,,,,,,,,,,2,,2,155,2,157,157,2,159,2855,229,3084,157,2,159,3012,231,3243
2026-07-18,2026-07-19,1419,,,,356,,,,49,6,,,568,223,,,475,,,,,,,,,,1,,1,,,,2868,229,1,,,,,,3,,,,,,,,,,,,,,,,,,,,,,,,1,,,,,,,,,,,,,,,,,,,,,,,,,,,,,,,,,,,,,,,,4,,,,1422,,1422,356,,356,49,6,55,569,223,792,475,,475,,,,1,,1,1,,1,2873,229,3102,,,,,,,,,,2,,2,155,2,157,157,2,159,2873,229,3102,157,2,159,3030,231,3261
2026-07-19,2026-07-20,1436,,,,360,,,,51,6,,,573,224,,,475,,,,,,,,,,1,,,,,,2895,230,1,,,,,,6,,,,,,,,,,,,,,,,,,,,,,,,1,,,,,,,,,,,,,,,,,,,,,,,,,,,,,,,,,,,,,,,,7,,,,1442,,1442,360,,360,51,6,57,574,224,798,475,,475,,,,1,,1,,,,2903,230,3133,,,,,,,,,,2,,2,155,2,157,157,2,159,2903,230,3133,157,2,159,3060,232,3292
2026-07-20,2026-07-21,1411,,,,356,,,,52,5,,,580,225,,,453,,,,,,,,,,1,,,,,,2852,230,1,,,,,,3,,2,,,,,,,,,,,,,,,,,,,,,,1,,,,,,,,1,,,,,,,,,,,,,,,,,,,,,,,,,,,,,,,,5,,2,,1416,,1416,356,,356,52,5,57,581,225,806,454,,454,,,,1,,1,,,,2860,230,3090,,,,,,,,,,2,,2,155,2,157,157,2,159,2860,230,3090,157,2,159,3017,232,3249
2026-07-21,2026-07-22,1403,,,,355,,,,48,5,,,569,220,,,450,,,,,,,,,,1,,,,,,2825,225,1,,,,,,4,,1,,,,,,,,,,,,,,,,,,,,,,1,,,,,,,,1,,,,,,,,,,,,,,,,,,,,,,,,,,,,,,,,6,,1,,1408,,1408,355,,355,48,5,53,570,220,790,451,,451,,,,1,,1,,,,2833,225,3058,,,,,,,,,,2,,2,158,2,160,160,2,162,2833,225,3058,160,2,162,2993,227,3220
2026-07-22,2026-07-23,1410,,,,347,,,,42,8,,,578,212,,,449,,,,,,,,,,1,,,,,,2826,220,1,,,,,,4,,1,,,,,,,,,,,,,,1,,,,,,,,1,,,,,,,,,,,,,,,,,,,,,,,,,,,,,,,,,,,,,,,,6,,1,,1415,,1415,347,,347,43,8,51,579,212,791,449,,449,,,,1,,1,,,,2834,220,3054,,,,,,,,,,2,,2,156,2,158,158,2,160,2834,220,3054,158,2,160,2992,222,3214
2026-07-23,2026-07-24,1405,,,,344,,,,45,8,,,591,215,,,448,,,,,,,,,,1,,,,,,2833,223,1,,,,,,6,,2,,,,,,,,,,,,,,,,,,,,,,1,1,,1,,,,,,,,,,,,,,,,,,,,,,,,,,,,,,,,,,,,,7,1,2,1,1413,,1413,344,,344,45,8,53,592,217,809,448,,448,,,,1,,1,,,,2843,225,3068,,,,,,,,,,2,,2,151,2,153,153,2,155,2843,225,3068,153,2,155,2996,227,3223
2026-07-24,2026-07-25,1403,,,,340,,,,42,6,,,590,208,,,450,,,,,,,,,,1,,1,,,,2826,214,1,,,,,,7,,,,,,,,,,1,,,,,,,,,,,,,,1,1,,,,,,,,,1,,,,,,,,,,,,,,,,,,,,,,,,,,,,,,8,1,2,,1410,,1410,341,,341,42,6,48,591,209,800,451,,451,,,,1,,1,1,,1,2837,215,3052,,,,,,,,,,2,,2,150,3,153,152,3,155,2837,215,3052,152,3,155,2989,218,3207
2026-07-25,2026-07-26,1428,,,,338,,,,43,6,,,599,216,,,452,,,,,,,,,,1,,1,,,,2861,222,1,,,,,,7,,,,,,1,,,,,,,,,,,,,,,,,,1,1,,,,,,,,,,,,,,,,,,,,,,,,,,,,,,,,,,,,,1,,8,1,,,1435,,1435,339,,339,43,6,49,600,217,817,452,,452,,,,1,,1,1,,1,2871,223,3094,,,,,,,,,,2,,2,149,2,151,151,2,153,2871,223,3094,151,2,153,3022,225,3247
2026-07-26,2026-07-27,1426,,,,345,,,,45,8,,,604,215,,,452,,,,,,,,,,1,,,,,,2872,223,1,,,,,,9,,1,,,,1,,,,,,,,,,,,,,,,,,2,1,,,,,,,,,,,,,,,,,,,,,,,,,,,,,,,,,,,,,1,,11,1,1,,1436,,1436,346,,346,45,8,53,606,216,822,452,,452,,,,1,,1,,,,2886,224,3110,,,,,,,,,,2,,2,150,2,152,152,2,154,2886,224,3110,152,2,154,3038,226,3264
2026-07-27,2026-07-28,1414,,,,344,,,,46,7,,,617,212,,,420,,,,,,,,,,1,,,,,,2841,219,1,,,,,,11,,2,,,,,,,,,,,,,,,,,,,,,,1,3,,1,,,,,,,,,,,,,,,,,,,,,,,,,,,,,,,,,,,,,12,3,2,1,1427,,1427,344,,344,46,7,53,618,216,834,420,,420,,,,1,,1,,,,2856,223,3079,,,,,,,,,,2,,2,152,2,154,154,2,156,2856,223,3079,154,2,156,3010,225,3235
2026-07-28,2026-07-29,1398,,,,339,,,,44,8,,,615,216,,,405,,,,,,,,,,1,,,,,,2801,224,1,,,,,,10,,1,,,,,,1,,,,,,,,,,,,,,,,1,1,,,,,,,,,,,,,,,,,,,,,,,,,,,,,,,,,,,,,,,12,1,1,,1409,,1409,340,,340,44,8,52,616,217,833,405,,405,,,,1,,1,,,,2815,225,3040,,,,,,,,,,2,,2,151,2,153,153,2,155,2815,225,3040,153,2,155,2968,227,3195
2026-07-29,2026-07-30,1400,,,,339,,,,40,8,,,615,213,,,406,,,,,,,,,,1,,,,,,2800,221,1,,,,,,10,,,,,,,,1,,,,,,,,,,,,,,,,1,3,,,,,,,,,,,,,,,,,,,,,,,,,,,,,,,,,,,,,,,12,3,,,1410,,1410,340,,340,40,8,48,616,216,832,406,,406,,,,1,,1,,,,2813,224,3037,,,,,,,,,,2,,2,150,1,151,152,1,153,2813,224,3037,152,1,153,2965,225,3190
2026-07-30,2026-07-31,1408,,,,333,,,,39,7,,,619,217,,,402,,,,,,,,,,1,,,,,,2801,224,1,,,,,,9,,1,,,,,,1,,,,,,,,,,,,,,,,1,2,,,,,,,,,,,,,,,,,,,,,,,,,,,,,,,,,,,,,,,11,2,1,,1418,,1418,334,,334,39,7,46,620,219,839,402,,402,,,,1,,1,,,,2814,226,3040,,,,,,,,,,2,,2,152,1,153,154,1,155,2814,226,3040,154,1,155,2968,227,3195
2026-07-31,2026-08-01,1419,,,,328,,,,36,7,,,611,208,,,402,,,,,,,,,,1,,1,,,,2797,215,1,,,,,,8,,1,,,,,,1,,,,,,,,,,,,,,,,1,3,,,,,,,,,,,,,,,,,,,,,,,,,,,,,,,,,,,,,,,10,3,1,,1428,,1428,329,,329,36,7,43,612,211,823,402,,402,,,,1,,1,1,,1,2809,218,3027,,,,,,,,,,2,,2,151,1,152,153,1,154,2809,218,3027,153,1,154,2962,219,3181
2026-08-01,2026-08-02,1429,,,,327,,,,38,7,,,616,209,,,409,,,,,,,,,,1,,,,,,2819,216,1,,,,,,9,,1,,,,1,,1,,,,,,,,,,,,,,,,1,3,,,,,,,,,,,,,,,,,,,,,,,,,,,,,,,,,,,,,1,,11,3,1,,1439,,1439,329,,329,38,7,45,617,212,829,409,,409,,,,1,,1,,,,2833,219,3052,,,,,,,,,,2,,2,150,1,151,152,1,153,2833,219,3052,152,1,153,2985,220,3205
2026-08-02,2026-08-03,1432,,,,340,,,,40,8,,,619,210,,,413,,,,,,,,,,1,,,,,,2844,218,1,,,,,,8,,,,,,1,,1,,,,,,,,,,,,,,,,1,3,,,,,,,,,,,,,,,,,,,,,,,,,,,,,,,,,,,,,1,,10,3,,,1440,,1440,342,,342,40,8,48,620,213,833,413,,413,,,,1,,1,,,,2856,221,3077,,,,,,,,,,2,,2,150,1,151,152,1,153,2856,221,3077,152,1,153,3008,222,3230
2026-08-03,2026-08-04,1411,,,,340,,,,36,5,,,618,208,,,408,,,,,,,,,,1,,,,,,2813,213,1,,,,,,7,,1,,,,,,1,,,,,,,,,,,,,,,,1,2,,,,,,,,,,,,,,,,,,,,,,,,,,,,,,,,,,,,,,,9,2,1,,1419,,1419,341,,341,36,5,41,619,210,829,408,,408,,,,1,,1,,,,2824,215,3039,,,,,,,,,,2,,2,150,1,151,152,1,153,2824,215,3039,152,1,153,2976,216,3192
2026-08-04,2026-08-05,1414,,,,341,,,,38,6,,,604,212,,,404,,,,,,,,,,1,,,,,,2801,218,1,,,,,,6,,1,,,,,,1,,1,,,,,,,,,,,,,,1,1,,2,,,,,,,,,,,,,,,,,,,,,,,,,,,,,,,,,,,,,8,1,2,2,1421,,1421,343,,343,38,6,44,605,215,820,404,,404,,,,1,,1,,,,2812,221,3033,,,,,,,,,,2,,2,155,1,156,157,1,158,2812,221,3033,157,1,158,2969,222,3191
2026-08-05,2026-08-06,1410,,,,338,,,,35,6,,,606,213,,,399,,,,,,,,,,1,,,,,,2788,219,1,,,,,,8,,1,,,,,,,,,,,,,,,,,,,,,,3,,,,,,,,,,,,,,,,,,,,,,,,,,,,,,,,,,,,,,,,11,,1,,1419,,1419,338,,338,35,6,41,609,213,822,399,,399,,,,1,,1,,,,2801,219,3020,,,,,,,,,,2,,2,151,1,152,153,1,154,2801,219,3020,153,1,154,2954,220,3174
2026-08-06,2026-08-07,1416,,,,333,,,,38,5,,,597,219,,,403,,,,,,,,,,1,,,,,,2787,224,1,,,,,,8,,1,,,,,,,,,,,,,,,,,,,,,,1,2,,,,,,,,,,,,,,,,,,,,,,,,,,,,,,,,,,,,,,,9,2,1,,1425,,1425,333,,333,38,5,43,598,221,819,403,,403,,,,1,,1,,,,2798,226,3024,,,,,,,,,,2,,2,155,1,156,157,1,158,2798,226,3024,157,1,158,2955,227,3182
2026-08-07,2026-08-08,1420,,,,329,,,,37,5,,,587,208,,,404,,,,,,,,,,1,,1,,,,2778,213,1,,,,,,7,,,,,,,,,,,,,,,,1,,,,,,,,1,1,1,,,,,,,,1,,,,,,,,,,,,,,,,,,,,,,,,,,,,,,9,1,2,,1427,,1427,329,,329,38,5,43,589,209,798,405,,405,,,,1,,1,1,,1,2790,214,3004,,,,,,,,,,2,,2,154,1,155,156,1,157,2790,214,3004,156,1,157,2946,215,3161
2026-08-08,2026-08-09,1424,,,,331,,,,40,5,,,590,216,,,413,,,,,,,,,,1,,,,,,2798,221,1,,,,,,12,,1,,,,,,,,,,,,,,,,,,,,,,1,3,,,,,,,,,,,,,,,,,,,,,,,,,,,,,,,,,,,,,,,13,3,1,,1437,,1437,331,,331,40,5,45,591,219,810,413,,413,,,,1,,1,,,,2813,224,3037,,,,,,,,,,2,,2,154,1,155,156,1,157,2813,224,3037,156,1,157,2969,225,3194
2026-08-09,2026-08-10,1425,,,,333,,,,41,5,,,594,219,,,415,,,,,,,,,,1,,,,,,2808,224,1,,,,,,16,,2,,,,,,,,,,,,,,,,,,,,,,1,3,,1,,,,,,,1,,,,,,,,,,,,,,,,,,,,,,,,,,,,,,17,3,3,1,1443,,1443,333,,333,41,5,46,595,223,818,416,,416,,,,1,,1,,,,2829,228,3057,,,,,,,,,,2,,2,154,1,155,156,1,157,2829,228,3057,156,1,157,2985,229,3214
2026-08-10,2026-08-11,1429,,,,332,,,,37,7,,,600,219,,,413,,,,,,,,,,1,,,,,,2811,226,1,,,,,,13,,,,,,,,,,,,,,,,,,,,,,,,1,1,,,,,,,1,,,,,,,,,,,,,,,,,,,,,,,,,,,,,,,,15,1,,,1442,,1442,332,,332,37,7,44,601,220,821,414,,414,,,,1,,1,,,,2827,227,3054,,,,,,,,,,2,,2,154,1,155,156,1,157,2827,227,3054,156,1,157,2983,228,3211
2026-08-11,2026-08-12,1426,,,,327,,,,38,9,,,605,216,,,415,,,,,,,,,,1,,,,,,2811,225,1,,,,,,7,,2,,,,,,,,,,,,,,,,,,,,,,,1,,,,,,,1,,,,,,,,,,,,,,,,,,,,,,,,,,,,,,,,8,1,2,,1435,,1435,327,,327,38,9,47,605,217,822,416,,416,,,,1,,1,,,,2822,226,3048,,,,,,,,,,2,,2,156,1,157,158,1,159,2822,226,3048,158,1,159,2980,227,3207
2026-08-12,2026-08-13,1414,,,,327,,,,40,7,,,608,213,,,406,,,,,,,,,,1,,,,,,2795,220,1,,,,,,7,,,,,,,,,,,,,,,,1,,,,,,,,,1,,,,,,,1,,,,,,,,,,,,,,,,,,,,,,,,,,,,,,,,9,1,,,1421,,1421,327,,327,41,7,48,608,214,822,407,,407,,,,1,,1,,,,2805,221,3026,,,,,,,,,,2,,2,155,1,156,157,1,158,2805,221,3026,157,1,158,2962,222,3184
2026-08-13,2026-08-14,1420,,,,328,,,,39,7,,,614,216,,,403,,,,,,,,,,1,,,,,,2804,223,1,,,,,,9,,1,,,,,,1,,,,,,,,1,,,,,,,,,,,,,,,,1,,,,,,,,,,,,,,,,,,,,,,,,,,,,,,,,12,,1,,1430,,1430,329,,329,40,7,47,614,216,830,404,,404,,,,1,,1,,,,2818,223,3041,,,,,,,,,,2,,2,155,2,157,157,2,159,2818,223,3041,157,2,159,2975,225,3200
2026-08-14,2026-08-15,1415,,,,325,,,,39,6,,,608,218,,,404,,,,,,,,,,1,,1,,,,2792,224,1,,,,,,9,,2,,,,,,2,,,,,,,,,,1,,,,,,,,,,,,,,1,,,,,,,,,,,,,,,,,,,,,,,,,,,,,,,,12,,3,,1426,,1426,327,,327,40,6,46,608,218,826,405,,405,,,,1,,1,1,,1,2808,224,3032,,,,,,,,,,2,,2,155,1,156,157,1,158,2808,224,3032,157,1,158,2965,225,3190
2026-08-15,2026-08-16,1427,,,,330,,,,43,6,,,608,218,,,404,,,,,,,,,,,,1,,,,2813,224,,,,,,,9,,,,,,,,2,,,,,,,,1,,,,,,,,,1,,,,,,,1,,2,,,,,,,,,,,,,,,,,,,,,,,,,,,,,,13,1,2,,1436,,1436,332,,332,44,6,50,608,219,827,407,,407,,,,,,,1,,1,2828,225,3053,,,,,,,,,,2,,2,155,1,156,157,1,158,2828,225,3053,157,1,158,2985,226,3211
2026-08-16,2026-08-17,1428,,,,340,,,,46,6,,,609,224,,,408,,,,,,,,,,,,,,,,2831,230,,,,,,,7,,,,,,,,2,,,,,,,,2,,,,,,,,,1,,,,,,,2,,,,,,,,,,,,,,,,,,,,,,,,,,,,,,,,13,1,,,1435,,1435,342,,342,48,6,54,609,225,834,410,,410,,,,,,,,,,2844,231,3075,,,,,,,,,,2,,2,155,1,156,157,1,158,2844,231,3075,157,1,158,3001,232,3233
2026-08-17,2026-08-18,1415,,,,339,,,,40,6,,,608,226,,,405,,,,,,,,,,,,,,,,2807,232,,,,,,,5,,1,,,,,,2,,,,,,,,2,,,,,,,,,1,,1,,,,,1,,,,,,,,,,,,,,,,,,,,,,,,,,,,,,,,10,1,1,1,1421,,1421,341,,341,42,6,48,608,228,836,406,,406,,,,,,,,,,2818,234,3052,,,,,,,,,,2,,2,155,1,156,157,1,158,2818,234,3052,157,1,158,2975,235,3210
2026-08-18,2026-08-19,1401,,,,329,,,,47,6,,,609,232,,,399,,,,,,,,,,,,,,,,2785,238,,,,,,,2,,1,,,,,,1,,,,,,,,3,,,,,,,,,2,,,,,,,1,,,,,,,,,,,,,,,,,,,,,,,,,,,,,,,,7,2,1,,1404,,1404,330,,330,50,6,56,609,234,843,400,,400,,,,,,,,,,2793,240,3033,,,,,,,,,,2,,2,163,1,164,165,1,166,2793,240,3033,165,1,166,2958,241,3199
2026-08-19,2026-08-20,1393,,,,325,,,,45,6,,,610,219,,,391,,,,,,,,,,,,,,,,2764,225,,,,,,,4,,1,,,,,,,,2,,,,,,3,,,,,,,,,1,1,,,,,,1,,,,,,,,,,,,,,,,,,,,,,,,,,,,,,,,8,1,4,,1398,,1398,327,,327,48,6,54,611,220,831,392,,392,,,,,,,,,,2776,226,3002,,,,,,,,,,2,,2,161,1,162,163,1,164,2776,226,3002,163,1,164,2939,227,3166
2026-08-20,2026-08-21,1403,,,,327,,,,37,7,,,611,211,,,394,,,,,,,,,,,,,,,,2772,218,,,,,,,6,,1,,,,,,,,1,,,,,,2,,,,,,,,,1,,1,,,,,1,,,,,,,,,,,,,,,,,,,,,,,,,,,,,,,,9,1,2,1,1410,,1410,328,,328,39,7,46,611,213,824,395,,395,,,,,,,,,,2783,220,3003,,,,,,,,,,2,,2,161,1,162,163,1,164,2783,220,3003,163,1,164,2946,221,3167
2026-08-21,2026-08-22,1404,,,,323,,,,36,6,,,607,218,,,404,,,,,,,,,,,,,,,,2774,224,,,,,,,5,,2,,,,,,1,,,,,,,,1,,,,,,,,,1,,,,,,,1,,,,,,,,,,,,,,,,,,,,,,,,,,,,,,,,8,1,2,,1411,,1411,324,,324,37,6,43,607,219,826,405,,405,,,,,,,,,,2784,225,3009,,,,,,,,,,2,,2,161,1,162,163,1,164,2784,225,3009,163,1,164,2947,226,3173
2026-08-22,2026-08-23,1429,,,,322,,,,36,6,,,606,219,,,411,,,,,,,,,,,,1,,,,2805,225,,,,,,,6,,,,,,,,,,,,,,,,1,,,,,,,,,1,1,,,,,,1,,,,,,,,,,,,,,,,,,,,,,,,,,,,,,,,8,1,1,,1435,,1435,322,,322,37,6,43,607,220,827,412,,412,,,,,,,1,,1,2814,226,3040,,,,,,,,,,2,,2,161,1,162,163,1,164,2814,226,3040,163,1,164,2977,227,3204
2026-08-23,2026-08-24,1430,,,,339,,,,38,6,,,607,222,,,412,,,,,,,,,,,,1,,,,2827,228,,,,,,,6,,1,,,,,,1,,,,,,,,1,,,,,,,,,1,1,,,,,,1,,,,,,,,,,,,,,,,,,,,,,,,,,,,,,,,9,1,2,,1437,,1437,340,,340,39,6,45,608,223,831,413,,413,,,,,,,1,,1,2838,229,3067,,,,,,,,,,2,,2,159,1,160,161,1,162,2838,229,3067,161,1,162,2999,230,3229
2026-08-24,2026-08-25,1422,,,,344,,,,36,6,,,598,219,,,395,,,,,,,,,,,,,,,,2795,225,,,,,,,5,,,,,,,,1,,,,,,,,1,,,,,,,,,1,,1,,,,,1,,1,,,,,,,,,,,,,,,,,,,,,,,,,,,,,,8,1,1,1,1427,,1427,345,,345,37,6,43,598,221,819,397,,397,,,,,,,,,,2804,227,3031,,,,,,,,,,2,,2,160,1,161,162,1,163,2804,227,3031,162,1,163,2966,228,3194
2026-08-25,2026-08-26,1412,,,,340,,,,32,6,,,601,213,,,399,,,,,,,,,,,,,,,,2784,219,,,,,,,4,,,,,,,,1,,,,,,,,1,,1,,,,,,,3,,,,,,,1,,,,,,,,,,,,,,,,,,,,,,,,,,,,,,,,7,3,1,,1416,,1416,341,,341,34,6,40,601,216,817,400,,400,,,,,,,,,,2792,222,3014,,,,,,,,,,2,,2,166,1,167,168,1,169,2792,222,3014,168,1,169,2960,223,3183
2026-08-26,2026-08-27,1414,,,,334,,,,31,5,,,610,222,,,393,,,,,,,,,,,,,,,,2782,227,,,,,,,4,,,,,,1,,1,,,,,,,,2,,,,,,,,,2,1,1,,,,,1,,,,,,,,,,,,,,,,,,,,,,,,,,,,,,1,,8,2,1,1,1418,,1418,336,,336,33,5,38,611,225,836,394,,394,,,,,,,,,,2792,230,3022,,,,,,,,,,2,,2,164,1,165,166,1,167,2792,230,3022,166,1,167,2958,231,3189
2026-08-27,2026-08-28,1400,,,,342,,,,34,7,,,606,220,,,392,,,,,,,,,,,,,,,,2774,227,,,,,,,4,,,,,,,,1,,,,,,,,1,,1,,,,,,,,,,,,,,1,,,,,,,,,,,,,,,,,,,,,,,,,,,,,,,,7,,1,,1404,,1404,343,,343,36,7,43,606,220,826,393,,393,,,,,,,,,,2782,227,3009,,,,,,,,,,2,,2,164,1,165,166,1,167,2782,227,3009,166,1,167,2948,228,3176
2026-08-28,2026-08-29,1412,,,,343,,,,37,6,,,603,214,,,390,,,,,,,,,,,,1,,,,2786,220,,,,,,,5,,2,,,,,,1,,,,,,,,2,,,,,,,,,,,,,,,,,,,,,,,,,,,,,,,,,,,,,,,,,,,,,,,,8,,2,,1419,,1419,344,,344,39,6,45,603,214,817,390,,390,,,,,,,1,,1,2796,220,3016,,,,,,,,,,2,,2,165,1,166,167,1,168,2796,220,3016,167,1,168,2963,221,3184
2026-08-29,2026-08-30,1418,,,,341,,,,42,6,,,604,221,,,395,,,,,,,,,,,,1,,,,2801,227,,,,,,,8,,1,,,,,,,,,,,,,,2,,,,,,,,,1,1,,,,,,,,1,,,,,,,,,,,,,,,,,,,,,,,,,,,,,,10,1,3,,1427,,1427,341,,341,44,6,50,605,222,827,396,,396,,,,,,,1,,1,2814,228,3042,,,,,,,,,,2,,2,165,1,166,167,1,168,2814,228,3042,167,1,168,2981,229,3210
2026-08-30,2026-08-31,1424,,,,343,,,,44,6,,,614,222,,,399,,,,,,,,,,,,,,,,2824,228,,,,,,,8,,,,,,,,,,,,,,,,3,,,,,,,,,1,,,,,,,,,,,,,,,,,,,,,,,,,,,,,,,,,,,,,,,11,1,,,1432,,1432,343,,343,47,6,53,614,223,837,399,,399,,,,,,,,,,2835,229,3064,,,,,,,,,,2,,2,165,1,166,167,1,168,2835,229,3064,167,1,168,3002,230,3232
2026-08-31,2026-09-01,1411,,,,340,,,,42,7,,,613,218,,,384,,,,,,,,,,,,,,,,2790,225,,,,,,,9,,,,,,,,,,,,,,,,2,,,,,,,,,1,,,,,,,,,,,,,,,,,,,,,,,,,,,,,,,,,,,,,,,11,1,,,1420,,1420,340,,340,44,7,51,613,219,832,384,,384,,,,,,,,,,2801,226,3027,,,,,,,,,,2,,2,165,1,166,167,1,168,2801,226,3027,167,1,168,2968,227,3195
2026-09-01,2026-09-02,1412,,,,343,,,,42,7,,,601,219,,,378,,,,,,,,,,,,,,,,2776,226,,,,,,,5,,1,,,,,,,,,,,,,,1,,,,,,,,,1,1,,,,,,,,,,,,,,,,,,,,,,,,,,,,,,,,,,,,,,6,1,2,,1418,,1418,343,,343,43,7,50,602,220,822,378,,378,,,,,,,,,,2784,227,3011,,,,,,,,,,2,,2,166,1,167,168,1,169,2784,227,3011,168,1,169,2952,228,3180
2026-09-02,2026-09-03,1411,,,,343,,,,39,6,,,600,216,,,381,,,,,,,,,,,,,,,,2774,222,,,,,,,9,,,,,,,,,,,,,,,,1,,1,,,,,,,2,,,,,,,,,,,,,,,,,,,,,,,,,,,,,,,,,,,,,,,10,2,1,,1420,,1420,343,,343,41,6,47,600,218,818,381,,381,,,,,,,,,,2785,224,3009,,,,,,,,,,2,,2,166,1,167,168,1,169,2785,224,3009,168,1,169,2953,225,3178
2026-09-03,2026-09-04,1412,,,,346,,,,40,6,,,597,215,,,383,,,,,,,,,,,,,,,,2778,221,,,,,,,11,,,,,,,,,,,,,,,,1,,,,,,,,,1,1,,,,,,,,,,,,,,,,,,,,,,,,,,,,,,,,,,,,,,12,1,1,,1423,,1423,346,,346,41,6,47,598,216,814,383,,383,,,,,,,,,,2791,222,3013,,,,,,,,,,2,,2,166,1,167,168,1,169,2791,222,3013,168,1,169,2959,223,3182
2026-09-04,2026-09-05,1418,,,,347,5,,,39,,,,600,216,,,388,,,,,,,,,,,,1,,,,2793,221,,,,,,,9,,2,,,,,,,,,,,,,,1,,1,,,,,,,,,,,,,,,,,,,,,,,,,,,,,,,,,,,,,,,,,,,,,,10,,3,,1429,,1429,347,5,352,41,,41,600,216,816,388,,388,,,,,,,1,,1,2806,221,3027,,,,,,,,,,2,,2,166,1,167,168,1,169,2806,221,3027,168,1,169,2974,222,3196
2026-09-05,2026-09-06,1423,,,,346,,,,43,5,,,597,224,,,408,,,,,,,,,,,,,,,,2817,229,,,,,,,8,,,,,,,,,,,,,,,,2,,,,,,,,,,1,,,,,,,,,,,,,,,,,,,,,,,,,,,,1,,,,,,,,1,,10,,1,,1431,,1431,346,,346,45,5,50,598,224,822,408,,408,,,,,,,1,,1,2829,229,3058,,,,,,,,,,2,,2,165,1,166,167,1,168,2829,229,3058,167,1,168,2996,230,3226
2026-09-06,2026-09-07,1422,,,,358,,,,43,5,,,602,224,,,408,,,,,,,,,,,,,,,,2833,229,,,,,,,8,,1,,,,1,,,,,,,,,,3,,,,,,,,,,,,,,,,,,,,,,,,,,,,,,,,,,,,,,,,,,,,,,1,,11,,1,,1431,,1431,359,,359,46,5,51,602,224,826,408,,408,,,,,,,,,,2846,229,3075,,,,,,,,,,2,,2,165,1,166,167,1,168,2846,229,3075,167,1,168,3013,230,3243
2026-09-07,2026-09-09,1429,,,,359,,,,44,4,,,610,227,,,410,,,,,,,,,,,,,,,,2852,231,,,,,,,6,,1,,,,,,,,1,,,,,,1,,,,,,,,,,,,,,,,,,1,,,,,,,,,,,,,,,,,,,,,,,,,,,,,,7,,3,,1436,,1436,360,,360,45,4,49,610,227,837,411,,411,,,,,,,,,,2862,231,3093,,,,,,,,,,2,,2,165,1,166,167,1,168,2862,231,3093,167,1,168,3029,232,3261
