date,row,shape,males,females,total,juvenile_males,juvenile_females,workers_m,workers_f,furlough_m,furlough_f,open_ward_m,open_ward_f,er_trips_m,er_trips_f,in_out_m,in_out_f,note
2013-12-21,asd_cannery,facility,0,84,84,0,0,0,0,0,0,0,0,0,0,0,0,
2013-12-21,asd_wrp,facility,94,7,105,0,0,4,0,0,0,0,0,0,0,0,0,
2013-12-21,asd_asdcu,facility,207,0,207,0,0,0,0,0,0,0,0,0,0,0,0,
2013-12-21,asd_cambria,facility,240,0,240,0,0,0,0,0,0,0,0,0,0,0,0,
2013-12-21,asd_mod3,facility,75,0,78,0,0,3,0,0,0,0,0,0,0,0,0,
2013-12-21,cec,summary,317,0,317,,,,,,,,,,,,,
2013-12-21,cfcf,facility,2772,0,2774,0,0,0,0,0,0,2,0,0,0,0,0,
2013-12-21,dc,facility,1290,0,1291,0,0,0,0,0,0,1,0,0,0,0,0,
2013-12-21,dc_phsw,facility,43,3,49,0,0,0,0,0,0,2,0,0,1,0,0,
2013-12-21,delaware_county,summary,0,0,0,,,,,,,,,,,,,
2013-12-21,hoc,facility,1542,0,1542,0,0,0,0,0,0,0,0,0,0,0,0,
2013-12-21,lehigh_county,summary,41,2,43,,,,,,,,,,,,,
2013-12-21,liberty,facility,0,0,0,0,0,0,0,0,0,0,0,0,0,0,0,
2013-12-21,nif_total,summary,12,2,14,,,,,,,,,,,,,
2013-12-21,other_jurisdictions,summary,72,9,81,,,,,,,,,,,,,
2013-12-21,out_of_county,summary,0,0,0,,,,,,,,,,,,,
2013-12-21,picc,facility,1049,0,1085,36,0,0,0,0,0,0,0,0,0,0,0,
2013-12-21,pdp_in_facility,facility,7424,843,8318,36,1,7,0,0,0,5,1,0,1,0,0,
2013-12-21,pdp_headcount_nif,summary,7472,846,8318,,,,,,,,,,,,,
2013-12-21,pdp_headcount_nif_oj,summary,7081,780,8399,,,,,,,,,,,,,"males + females = 7861, published total 8399"
2013-12-21,rcf,facility,0,724,726,0,1,0,0,0,0,0,1,0,0,0,0,
2013-12-21,state_doc,summary,0,0,0,,,,,,,,,,,,,
2013-12-21,total,summary,7439,782,8759,,,,,,,,,,,,,"males + females = 8221, published total 8759"
2013-12-21,in_facility_total,summary,7460,844,8304,,,14,0,,,10,2,,,,,
2013-12-21,weekenders,facility,112,25,137,0,0,0,0,0,0,0,0,0,0,0,0,
2014-01-20,asd_cannery,facility,0,85,85,0,0,0,0,0,0,0,0,0,0,0,0,
2014-01-20,asd_wrp,facility,79,7,89,0,0,3,0,0,0,0,0,0,0,0,0,
2014-01-20,asd_asdcu,facility,206,0,207,0,0,0,0,0,0,1,0,0,0,0,0,
2014-01-20,asd_cambria,facility,238,0,238,0,0,0,0,0,0,0,0,0,0,0,0,
2014-01-20,asd_mod3,facility,70,0,71,0,0,1,0,0,0,0,0,0,0,0,0,
2014-01-20,cec,summary,344,0,344,,,,,,,,,,,,,
2014-01-20,cfcf,facility,2857,0,2860,0,0,0,0,0,0,3,0,0,0,0,0,
2014-01-20,dc,facility,1296,0,1297,0,0,0,0,0,0,1,0,0,0,0,0,
2014-01-20,dc_phsw,facility,54,4,61,0,0,0,0,0,0,1,2,0,0,0,0,
2014-01-20,delaware_county,summary,0,0,0,,,,,,,,,,,,,
2014-01-20,hoc,facility,1563,0,1563,0,0,0,0,0,0,0,0,0,0,0,0,
2014-01-20,lehigh_county,summary,54,1,55,,,,,,,,,,,,,
2014-01-20,liberty,facility,0,0,0,0,0,0,0,0,0,0,0,0,0,0,0,
2014-01-20,nif_total,summary,10,2,12,,,,,,,,,,,,,
2014-01-20,other_jurisdictions,summary,76,8,84,,,,,,,,,,,,,
2014-01-20,out_of_county,summary,0,0,0,,,,,,,,,,,,,
2014-01-20,picc,facility,1020,0,1056,36,0,0,0,0,0,0,0,0,0,0,0,
2014-01-20,pdp_in_facility,facility,7384,800,8233,36,1,4,0,0,0,6,2,0,0,0,0,
2014-01-20,pdp_headcount_nif,summary,7430,803,8233,,,,,,,,,,,,,
2014-01-20,pdp_headcount_nif_oj,summary,7430,823,8317,,,,,,,,,,,,,"males + females = 8253, published total 8317"
2014-01-20,rcf,facility,0,704,705,0,1,0,0,0,0,0,0,0,0,0,0,
2014-01-20,state_doc,summary,0,0,0,,,,,,,,,,,,,
2014-01-20,total,summary,7828,824,8716,,,,,,,,,,,,,"males + females = 8652, published total 8716"
2014-01-20,in_facility_total,summary,7420,801,8221,,,8,0,,,12,4,,,,,
2014-01-20,weekenders,facility,1,0,1,0,0,0,0,0,0,0,0,0,0,0,0,
2014-02-27,asd_cannery,facility,0,57,57,0,0,0,0,0,0,0,0,0,0,0,0,
2014-02-27,asd_wrp,facility,81,7,91,0,0,3,0,0,0,0,0,0,0,0,0,
2014-02-27,asd_asdcu,facility,189,0,189,0,0,0,0,0,0,0,0,0,0,0,0,
2014-02-27,asd_cambria,facility,239,0,239,0,0,0,0,0,0,0,0,0,0,0,0,
2014-02-27,asd_mod3,facility,53,0,56,0,0,3,0,0,0,0,0,0,0,0,0,
2014-02-27,cec,summary,315,0,315,,,,,,,,,,,,,
2014-02-27,cfcf,facility,2861,0,2862,0,0,0,0,0,0,1,0,0,0,0,0,
2014-02-27,dc,facility,1326,0,1327,0,0,0,0,0,0,1,0,0,0,0,0,
2014-02-27,dc_phsw,facility,47,4,53,0,0,0,0,0,0,2,0,0,0,0,0,
2014-02-27,delaware_county,summary,0,0,0,,,,,,,,,,,,,
2014-02-27,hoc,facility,1533,0,1533,0,0,0,0,0,0,0,0,0,0,0,0,
2014-02-27,lehigh_county,summary,38,2,40,,,,,,,,,,,,,
2014-02-27,liberty,facility,0,0,0,0,0,0,0,0,0,0,0,0,0,0,0,
2014-02-27,nif_total,summary,10,1,11,,,,,,,,,,,,,
2014-02-27,other_jurisdictions,summary,70,6,76,,,,,,,,,,,,,
2014-02-27,out_of_county,summary,0,0,0,,,,,,,,,,,,,
2014-02-27,picc,facility,1008,0,1041,33,0,0,0,0,0,0,0,0,0,0,0,
2014-02-27,pdp_in_facility,facility,7339,789,8174,33,2,6,0,0,0,4,1,0,0,0,0,
2014-02-27,pdp_headcount_nif,summary,7382,792,8174,,,,,,,,,,,,,
2014-02-27,pdp_headcount_nif_oj,summary,7430,823,8250,,,,,,,,,,,,,"males + females = 8253, published total 8250"
2014-02-27,rcf,facility,0,721,724,0,2,0,0,0,0,0,1,0,0,0,0,
2014-02-27,state_doc,summary,0,0,0,,,,,,,,,,,,,
2014-02-27,total,summary,7783,825,8605,,,,,,,,,,,,,"males + females = 8608, published total 8605"
2014-02-27,in_facility_total,summary,7372,791,8163,,,12,0,,,8,2,,,,,
2014-02-27,weekenders,facility,2,0,2,0,0,0,0,0,0,0,0,0,0,0,0,
2014-04-20,asd_cannery,facility,0,53,53,0,0,0,0,0,0,0,0,0,0,0,0,
2014-04-20,asd_wrp,facility,66,5,73,0,0,2,0,0,0,0,0,0,0,0,0,
2014-04-20,asd_asdcu,facility,138,0,138,0,0,0,0,0,0,0,0,0,0,0,0,
2014-04-20,asd_cambria,facility,238,0,239,0,0,0,0,0,0,1,0,0,0,0,0,
2014-04-20,asd_mod3,facility,56,0,56,0,0,0,0,0,0,0,0,0,0,0,0,
2014-04-20,cec,summary,318,0,318,,,,,,,,,,,,,
2014-04-20,cfcf,facility,2756,0,2760,0,0,0,0,0,0,3,0,1,0,0,0,
2014-04-20,dc,facility,1258,0,1258,0,0,0,0,0,0,0,0,0,0,0,0,
2014-04-20,dc_phsw,facility,38,7,46,0,0,0,0,0,0,1,0,0,0,0,0,
2014-04-20,delaware_county,summary,0,0,0,,,,,,,,,,,,,
2014-04-20,hoc,facility,1613,0,1613,0,0,0,0,0,0,0,0,0,0,0,0,
2014-04-20,lehigh_county,summary,28,2,30,,,,,,,,,,,,,
2014-04-20,liberty,facility,0,0,0,0,0,0,0,0,0,0,0,0,0,0,0,
2014-04-20,nif_total,summary,8,1,9,,,,,,,,,,,,,
2014-04-20,other_jurisdictions,summary,69,5,74,,,,,,,,,,,,,
2014-04-20,out_of_county,summary,0,0,0,,,,,,,,,,,,,
2014-04-20,picc,facility,972,0,1019,47,0,0,0,0,0,0,0,0,0,0,0,
2014-04-20,pdp_in_facility,facility,7136,794,7993,47,7,2,0,0,0,5,1,1,0,0,0,
2014-04-20,pdp_headcount_nif,summary,7191,802,7993,,,,,,,,,,,,,
2014-04-20,pdp_headcount_nif_oj,summary,7430,823,8067,,,,,,,,,,,,,"males + females = 8253, published total 8067"
2014-04-20,rcf,facility,0,729,737,0,7,0,0,0,0,0,1,0,0,0,0,
2014-04-20,state_doc,summary,0,0,0,,,,,,,,,,,,,
2014-04-20,total,summary,7776,825,8415,,,,,,,,,,,,,"males + females = 8601, published total 8415"
2014-04-20,in_facility_total,summary,7183,801,7984,,,4,0,,,10,2,,,,,
2014-04-20,weekenders,facility,1,0,1,0,0,0,0,0,0,0,0,0,0,0,0,
2014-07-29,asd_cannery,facility,0,93,93,0,0,0,0,0,0,0,0,0,0,0,0,
2014-07-29,asd_wrp,facility,65,3,69,0,0,1,0,0,0,0,0,0,0,0,0,
2014-07-29,asd_asdcu,facility,156,0,156,0,0,0,0,0,0,0,0,0,0,0,0,
2014-07-29,asd_cambria,facility,238,0,238,0,0,0,0,0,0,0,0,0,0,0,0,
2014-07-29,asd_mod3,facility,78,0,78,0,0,0,0,0,0,0,0,0,0,0,0,
2014-07-29,cec,summary,323,0,323,,,,,,,,,,,,,
2014-07-29,cfcf,facility,2794,0,2797,0,0,0,0,0,0,3,0,0,0,0,0,
2014-07-29,dc,facility,1071,0,1071,0,0,0,0,0,0,0,0,0,0,0,0,
2014-07-29,dc_phsw,facility,51,6,58,0,0,0,0,0,0,1,0,0,0,0,0,
2014-07-29,delaware_county,summary,0,0,0,,,,,,,,,,,,,
2014-07-29,hoc,facility,1487,0,1491,0,0,0,0,0,0,4,0,0,0,0,0,
2014-07-29,lehigh_county,summary,40,3,43,,,,,,,,,,,,,
2014-07-29,liberty,facility,0,0,0,0,0,0,0,0,0,0,0,0,0,0,0,
2014-07-29,nif_total,summary,9,0,9,,,,,,,,,,,,,
2014-07-29,other_jurisdictions,summary,72,3,75,,,,,,,,,,,,,
2014-07-29,out_of_county,summary,0,0,0,,,,,,,,,,,,,
2014-07-29,picc,facility,1035,0,1074,39,0,0,0,0,0,0,0,0,0,0,0,
2014-07-29,pdp_in_facility,facility,6977,825,7857,39,7,1,0,0,0,8,0,0,0,0,0,
2014-07-29,pdp_headcount_nif,summary,7025,832,7857,,,,,,,,,,,,,
2014-07-29,pdp_headcount_nif_oj,summary,7430,823,7932,,,,,,,,,,,,,"males + females = 8253, published total 7932"
2014-07-29,rcf,facility,0,722,729,0,7,0,0,0,0,0,0,0,0,0,0,
2014-07-29,state_doc,summary,0,0,0,,,,,,,,,,,,,
2014-07-29,total,summary,7460,838,8298,,,,,,,,,,,,,
2014-07-29,in_facility_total,summary,7016,832,7848,,,2,0,,,16,0,,,,,
2014-07-29,weekenders,facility,2,1,3,0,0,0,0,0,0,0,0,0,0,0,0,
2014-11-11,asd_cannery,facility,0,76,76,0,0,0,0,0,0,0,0,0,0,0,0,
2014-11-11,asd_wrp,facility,48,0,52,0,0,4,0,0,0,0,0,0,0,0,0,
2014-11-11,asd_asdcu,facility,106,0,106,0,0,0,0,0,0,0,0,0,0,0,0,
2014-11-11,asd_cambria,facility,240,0,240,0,0,0,0,0,0,0,0,0,0,0,0,
2014-11-11,asd_mod3,facility,48,0,48,0,0,0,0,0,0,0,0,0,0,0,0,
2014-11-11,cec,summary,299,0,299,,,,,,,,,,,,,
2014-11-11,cfcf,facility,2872,0,2875,0,0,0,0,0,0,3,0,0,0,0,0,
2014-11-11,dc,facility,1230,0,1233,0,0,0,0,0,0,3,0,0,0,0,0,
2014-11-11,dc_phsw,facility,58,3,64,0,0,0,0,0,0,1,1,1,0,0,0,
2014-11-11,delaware_county,summary,0,0,0,,,,,,,,,,,,,
2014-11-11,hoc,facility,1579,0,1579,0,0,0,0,0,0,0,0,0,0,0,0,
2014-11-11,lehigh_county,summary,40,4,44,,,,,,,,,,,,,
2014-11-11,liberty,facility,23,5,0,28,0,0,0,0,0,0,0,0,0,0,0,
2014-11-11,nif_total,summary,12,3,15,,,,,,,,,,,,,
2014-11-11,other_jurisdictions,summary,75,4,79,,,,,,,,,,,,,
2014-11-11,out_of_county,summary,0,0,0,,,,,,,,,,,,,
2014-11-11,picc,facility,1017,0,1052,35,0,0,0,0,0,0,0,0,0,0,0,
2014-11-11,pdp_in_facility,facility,7202,785,8039,35,2,4,0,0,0,7,3,1,0,0,0,
2014-11-11,pdp_headcount_nif,summary,7249,790,8039,,,,,,,,,,,,,
2014-11-11,pdp_headcount_nif_oj,summary,7430,823,8118,,,,,,,,,,,,,"males + females = 8253, published total 8118"
2014-11-11,rcf,facility,0,705,709,0,2,0,0,0,0,0,2,0,0,0,0,
2014-11-11,state_doc,summary,0,0,0,,,,,,,,,,,,,
2014-11-11,total,summary,7686,803,8489,,,,,,,,,,,,,
2014-11-11,in_facility_total,summary,7237,787,8024,,,8,0,,,14,6,,,,,
2014-11-11,weekenders,facility,4,1,5,0,0,0,0,0,0,0,0,0,0,0,0,
2015-02-09,asd_cannery,facility,0,38,38,0,0,0,0,0,0,0,0,0,0,0,0,
2015-02-09,asd_wrp,facility,41,0,45,0,0,4,0,0,0,0,0,0,0,0,0,
2015-02-09,asd_asdcu,facility,126,0,126,0,0,0,0,0,0,0,0,0,0,0,0,
2015-02-09,asd_cambria,facility,179,0,179,0,0,0,0,0,0,0,0,0,0,0,0,
2015-02-09,asd_mod3,facility,60,0,60,0,0,0,0,0,0,0,0,0,0,0,0,
2015-02-09,cec,summary,290,0,290,,,,,,,,,,,,,
2015-02-09,cfcf,facility,2778,0,2785,0,0,0,0,0,0,5,0,2,0,0,0,
2015-02-09,dc,facility,1209,0,1210,0,0,0,0,0,0,1,0,0,0,0,0,
2015-02-09,dc_phsw,facility,49,6,57,0,0,0,0,0,0,1,1,0,0,0,0,
2015-02-09,delaware_county,summary,0,0,0,,,,,,,,,,,,,
2015-02-09,hoc,facility,1384,0,1384,0,0,0,0,0,0,0,0,0,0,0,0,
2015-02-09,lehigh_county,summary,37,3,40,,,,,,,,,,,,,
2015-02-09,liberty,facility,25,5,0,30,0,0,0,0,0,0,0,0,0,0,0,
2015-02-09,nif_total,summary,14,2,16,,,,,,,,,,,,,
2015-02-09,other_jurisdictions,summary,76,3,79,,,,,,,,,,,,,
2015-02-09,out_of_county,summary,0,0,0,,,,,,,,,,,,,
2015-02-09,picc,facility,1016,0,1063,46,0,0,0,0,0,1,0,0,0,0,0,
2015-02-09,pdp_in_facility,facility,6842,741,7646,46,1,4,0,0,0,8,2,2,0,0,0,
2015-02-09,pdp_headcount_nif,summary,6902,744,7646,,,,,,,,,,,,,
2015-02-09,pdp_headcount_nif_oj,summary,7430,823,7725,,,,,,,,,,,,,"males + females = 8253, published total 7725"
2015-02-09,rcf,facility,0,697,699,0,1,0,0,0,0,0,1,0,0,0,0,
2015-02-09,state_doc,summary,0,0,0,,,,,,,,,,,,,
2015-02-09,total,summary,7330,755,8085,,,,,,,,,,,,,
2015-02-09,in_facility_total,summary,6888,742,7630,,,8,0,,,16,4,,,,,
2015-02-09,weekenders,facility,0,0,0,0,0,0,0,0,0,0,0,0,0,0,0,
2015-02-26,asd_cannery,facility,0,35,36,0,0,0,0,0,0,0,0,0,0,0,0,
2015-02-26,asd_wrp,facility,39,0,43,0,0,4,0,0,0,0,0,0,0,0,0,
2015-02-26,asd_asdcu,facility,118,0,118,0,0,0,0,0,0,0,0,0,0,0,0,
2015-02-26,asd_cambria,facility,142,0,142,0,0,0,0,0,0,0,0,0,0,0,0,
2015-02-26,asd_mod3,facility,56,0,56,0,0,0,0,0,0,0,0,0,0,0,0,
2015-02-26,cec,summary,302,0,302,,,,,,,,,,,,,
2015-02-26,cfcf,facility,2756,0,2761,0,0,0,0,0,0,4,0,1,0,0,0,
2015-02-26,dc,facility,1160,0,1160,0,0,0,0,0,0,0,0,0,0,0,0,
2015-02-26,dc_phsw,facility,51,5,56,0,0,0,0,0,0,0,0,0,0,0,0,
2015-02-26,delaware_county,summary,0,0,0,,,,,,,,,,,,,
2015-02-26,hoc,facility,1386,0,1386,0,0,0,0,0,0,0,0,0,0,0,0,
2015-02-26,lehigh_county,summary,29,3,32,,,,,,,,,,,,,
2015-02-26,liberty,facility,24,4,0,28,0,0,0,0,0,0,0,0,0,0,0,
2015-02-26,nif_total,summary,9,3,12,,,,,,,,,,,,,
2015-02-26,other_jurisdictions,summary,76,5,81,,,,,,,,,,,,,
2015-02-26,out_of_county,summary,0,0,0,,,,,,,,,,,,,
2015-02-26,picc,facility,1020,0,1060,40,0,0,0,0,0,0,0,0,0,0,0,
2015-02-26,pdp_in_facility,facility,6730,731,7514,40,1,4,1,0,0,4,2,1,0,0,0,
2015-02-26,pdp_headcount_nif,summary,6779,735,7514,,,,,,,,,,,,,
2015-02-26,pdp_headcount_nif_oj,summary,7430,823,7595,,,,,,,,,,,,,"males + females = 8253, published total 7595"
2015-02-26,rcf,facility,0,691,694,0,1,0,0,0,0,0,2,0,0,0,0,
2015-02-26,state_doc,summary,0,0,0,,,,,,,,,,,,,
2015-02-26,total,summary,7210,747,7957,,,,,,,,,,,,,
2015-02-26,in_facility_total,summary,6770,732,7502,,,8,1,,,8,4,,,,,
2015-02-26,weekenders,facility,2,0,2,0,0,0,0,0,0,0,0,0,0,0,0,
2015-05-28,asd_cannery,facility,0,0,15,0,0,0,0,0,0,0,0,0,0,0,0,
2015-05-28,asd_wrp,facility,0,0,0,0,0,0,0,0,0,0,0,0,0,0,0,
2015-05-28,asd_asdcu,facility,111,0,111,0,0,0,0,0,0,0,0,0,0,0,0,
2015-05-28,asd_cambria,facility,149,0,149,0,0,0,0,0,0,0,0,0,0,0,0,
2015-05-28,asd_mod3,facility,0,0,0,0,0,0,0,0,0,0,0,0,0,0,0,
2015-05-28,cec,summary,295,0,295,,,,,,,,,,,,,
2015-05-28,cfcf,facility,2711,0,2714,0,0,0,0,0,0,1,0,2,0,0,0,
2015-05-28,dc,facility,1163,0,1163,0,0,0,0,0,0,0,0,0,0,0,0,
2015-05-28,dc_phsw,facility,46,3,50,0,0,0,0,0,0,1,0,0,0,0,0,
2015-05-28,delaware_county,summary,0,0,0,,,,,,,,,,,,,
2015-05-28,hoc,facility,1511,0,1512,0,0,0,0,0,0,1,0,0,0,0,0,
2015-05-28,lehigh_county,summary,41,1,42,,,,,,,,,,,,,
2015-05-28,liberty,facility,49,8,0,57,0,0,0,0,0,0,0,0,0,0,0,
2015-05-28,nif_total,summary,6,1,7,,,,,,,,,,,,,
2015-05-28,other_jurisdictions,summary,83,4,87,,,,,,,,,,,,,
2015-05-28,out_of_county,summary,0,0,0,,,,,,,,,,,,,
2015-05-28,picc,facility,1029,0,1058,28,0,0,0,0,0,1,0,0,0,0,0,
2015-05-28,pdp_in_facility,facility,6720,768,7525,28,2,0,0,0,0,4,1,2,0,0,0,
2015-05-28,pdp_headcount_nif,summary,6754,771,7525,,,,,,,,,,,,,
2015-05-28,pdp_headcount_nif_oj,summary,7430,823,7612,,,,,,,,,,,,,"males + females = 8253, published total 7612"
2015-05-28,rcf,facility,0,750,753,0,2,0,0,0,0,0,1,0,0,0,0,
2015-05-28,state_doc,summary,0,0,0,,,,,,,,,,,,,
2015-05-28,total,summary,7222,784,8006,,,,,,,,,,,,,
2015-05-28,in_facility_total,summary,6748,770,7518,,,0,0,,,8,2,,,,,
2015-05-28,weekenders,facility,0,0,0,0,0,0,0,0,0,0,0,0,0,0,0,
2015-07-15,asd_cannery,facility,0,0,0,0,0,0,0,0,0,0,0,0,0,0,0,
2015-07-15,asd_wrp,facility,0,0,0,0,0,0,0,0,0,0,0,0,0,0,0,
2015-07-15,asd_asdcu,facility,104,0,104,0,0,0,0,0,0,0,0,0,0,0,0,
2015-07-15,asd_cambria,facility,134,0,134,0,0,0,0,0,0,0,0,0,0,0,0,
2015-07-15,asd_mod3,facility,0,36,36,0,0,0,0,0,0,0,0,0,0,0,0,
2015-07-15,cec,summary,284,0,284,,,,,,,,,,,,,
2015-07-15,cfcf,facility,2757,0,2760,0,0,0,0,0,0,3,0,0,0,0,0,
2015-07-15,dc,facility,1183,0,1184,0,0,0,0,0,0,1,0,0,0,0,0,
2015-07-15,dc_phsw,facility,48,2,51,0,0,0,0,0,0,1,0,0,0,0,0,
2015-07-15,delaware_county,summary,0,0,0,,,,,,,,,,,,,
2015-07-15,hoc,facility,1469,0,1470,0,0,0,0,0,0,1,0,0,0,0,0,
2015-07-15,lehigh_county,summary,56,0,56,,,,,,,,,,,,,
2015-07-15,liberty,facility,0,0,0,0,0,0,0,0,0,0,0,0,0,0,0,
2015-07-15,nif_total,summary,6,1,7,,,,,,,,,,,,,
2015-07-15,other_jurisdictions,summary,84,3,87,,,,,,,,,,,,,
2015-07-15,out_of_county,summary,0,0,0,,,,,,,,,,,,,
2015-07-15,picc,facility,1028,0,1062,34,0,0,0,0,0,0,0,0,0,0,0,
2015-07-15,pdp_in_facility,facility,6724,787,7553,34,1,0,0,0,0,6,1,0,0,0,0,
2015-07-15,pdp_headcount_nif,summary,6764,789,7553,,,,,,,,,,,,,
2015-07-15,pdp_headcount_nif_oj,summary,7430,823,7640,,,,,,,,,,,,,"males + females = 8253, published total 7640"
2015-07-15,rcf,facility,0,748,750,0,1,0,0,0,0,0,1,0,0,0,0,
2015-07-15,roth,summary,39,6,45,,,,,,,,,,,,,
2015-07-15,state_doc,summary,0,0,0,,,,,,,,,,,,,
2015-07-15,total,summary,7227,798,8025,,,,,,,,,,,,,
2015-07-15,in_facility_total,summary,6758,788,7546,,,0,0,,,12,2,,,,,
2015-07-15,weekenders,facility,1,1,2,0,0,0,0,0,0,0,0,0,0,0,0,
2015-07-30,asd_cannery,facility,0,0,0,0,0,0,0,0,0,0,0,0,0,0,0,
2015-07-30,asd_wrp,facility,0,0,0,0,0,0,0,0,0,0,0,0,0,0,0,
2015-07-30,asd_asdcu,facility,111,0,111,0,0,0,0,0,0,0,0,0,0,0,0,
2015-07-30,asd_cambria,facility,152,0,152,0,0,0,0,0,0,0,0,0,0,0,0,
2015-07-30,asd_mod3,facility,0,31,31,0,0,0,0,0,0,0,0,0,0,0,0,
2015-07-30,cec,summary,290,0,290,,,,,,,,,,,,,
2015-07-30,cfcf,facility,2802,0,2806,0,0,0,0,0,0,3,0,1,0,0,0,
2015-07-30,dc,facility,1169,0,1169,0,0,0,0,0,0,0,0,0,0,0,0,
2015-07-30,dc_phsw,facility,48,4,54,0,0,0,0,0,0,1,0,1,0,0,0,
2015-07-30,delaware_county,summary,0,0,0,,,,,,,,,,,,,
2015-07-30,hoc,facility,1478,0,1479,0,0,0,0,0,0,1,0,0,0,0,0,
2015-07-30,lehigh_county,summary,50,1,51,,,,,,,,,,,,,
2015-07-30,nif_total,summary,7,3,10,,,,,,,,,,,,,
2015-07-30,other_jurisdictions,summary,90,5,95,,,,,,,,,,,,,
2015-07-30,out_of_county,summary,0,0,0,,,,,,,,,,,,,
2015-07-30,picc,facility,1024,0,1056,32,0,0,0,0,0,0,0,0,0,0,0,
2015-07-30,pdp_in_facility,facility,6784,772,7599,32,1,0,0,0,0,5,3,2,0,0,0,
2015-07-30,pdp_headcount_nif,summary,6823,776,7599,,,,,,,,,,,,,
2015-07-30,pdp_headcount_nif_oj,summary,7430,823,7694,,,,,,,,,,,,,"males + females = 8253, published total 7694"
2015-07-30,rcf,facility,0,736,740,0,1,0,0,0,0,0,3,0,0,0,0,
2015-07-30,roth,summary,36,5,41,,,,,,,,,,,,,
2015-07-30,state_doc,summary,0,0,0,,,,,,,,,,,,,
2015-07-30,total,summary,7289,787,8076,,,,,,,,,,,,,
2015-07-30,in_facility_total,summary,6816,773,7589,,,0,0,,,10,6,,,,,
2015-07-30,weekenders,facility,0,1,1,0,0,0,0,0,0,0,0,0,0,0,0,
2015-08-06,asd_cannery,facility,0,0,0,0,0,0,0,0,0,0,0,0,0,0,0,
2015-08-06,asd_wrp,facility,0,0,0,0,0,0,0,0,0,0,0,0,0,0,0,
2015-08-06,asd_asdcu,facility,103,0,103,0,0,0,0,0,0,0,0,0,0,0,0,
2015-08-06,asd_cambria,facility,146,0,146,0,0,0,0,0,0,0,0,0,0,0,0,
2015-08-06,asd_mod3,facility,0,37,37,0,0,0,0,0,0,0,0,0,0,0,0,
2015-08-06,cec,summary,284,0,284,,,,,,,,,,,,,
2015-08-06,cfcf,facility,2827,0,2833,0,0,0,0,0,0,6,0,0,0,0,0,
2015-08-06,dc,facility,1162,0,1163,0,0,0,0,0,0,1,0,0,0,0,0,
2015-08-06,dc_phsw,facility,44,3,49,0,0,0,0,0,0,2,0,0,0,0,0,
2015-08-06,delaware_county,summary,0,0,0,,,,,,,,,,,,,
2015-08-06,hoc,facility,1414,0,1414,0,0,0,0,0,0,0,0,0,0,0,0,
2015-08-06,lehigh_county,summary,48,1,49,,,,,,,,,,,,,
2015-08-06,nif_total,summary,11,2,13,,,,,,,,,,,,,
2015-08-06,other_jurisdictions,summary,92,5,97,,,,,,,,,,,,,
2015-08-06,out_of_county,summary,0,0,0,,,,,,,,,,,,,
2015-08-06,picc,facility,1053,0,1090,35,0,0,0,0,0,1,0,1,0,0,0,
2015-08-06,pdp_in_facility,facility,6749,765,7562,35,0,0,0,0,0,10,1,1,1,0,0,
2015-08-06,pdp_headcount_nif,summary,6795,767,7562,,,,,,,,,,,,,
2015-08-06,pdp_headcount_nif_oj,summary,7430,823,7659,,,,,,,,,,,,,"males + females = 8253, published total 7659"
2015-08-06,rcf,facility,0,724,726,0,0,0,0,0,0,0,1,0,1,0,0,
2015-08-06,roth,summary,41,5,46,,,,,,,,,,,,,
2015-08-06,state_doc,summary,0,0,0,,,,,,,,,,,,,
2015-08-06,total,summary,7260,778,8038,,,,,,,,,,,,,
2015-08-06,in_facility_total,summary,6784,765,7549,,,0,0,,,20,2,,,,,
2015-08-06,weekenders,facility,0,1,1,0,0,0,0,0,0,0,0,0,0,0,0,
2015-08-19,asd_cannery,facility,0,0,0,0,0,0,0,0,0,0,0,0,0,0,0,
2015-08-19,asd_wrp,facility,0,0,0,0,0,0,0,0,0,0,0,0,0,0,0,
2015-08-19,asd_asdcu,facility,84,0,84,0,0,0,0,0,0,0,0,0,0,0,0,
2015-08-19,asd_cambria,facility,152,0,152,0,0,0,0,0,0,0,0,0,0,0,0,
2015-08-19,asd_mod3,facility,0,55,55,0,0,0,0,0,0,0,0,0,0,0,0,
2015-08-19,cec,summary,282,0,282,,,,,,,,,,,,,
2015-08-19,cfcf,facility,2848,0,2851,0,0,0,0,0,0,3,0,0,0,0,0,
2015-08-19,dc,facility,1190,0,1191,0,0,0,0,0,0,1,0,0,0,0,0,
2015-08-19,dc_phsw,facility,46,7,54,0,0,0,0,0,0,1,0,0,0,0,0,
2015-08-19,delaware_county,summary,0,0,0,,,,,,,,,,,,,
2015-08-19,hoc,facility,1391,0,1391,0,0,0,0,0,0,0,0,0,0,0,0,
2015-08-19,lehigh_county,summary,42,1,43,,,,,,,,,,,,,
2015-08-19,nif_total,summary,5,0,5,,,,,,,,,,,,,
2015-08-19,other_jurisdictions,summary,94,6,100,,,,,,,,,,,,,
2015-08-19,out_of_county,summary,0,0,0,,,,,,,,,,,,,
2015-08-19,picc,facility,1038,0,1071,33,0,0,0,0,0,0,0,0,0,0,0,
2015-08-19,pdp_in_facility,facility,6752,784,7574,33,0,0,0,0,0,5,0,0,0,0,0,
2015-08-19,pdp_headcount_nif,summary,6790,784,7574,,,,,,,,,,,,,
2015-08-19,pdp_headcount_nif_oj,summary,7430,823,7674,,,,,,,,,,,,,"males + females = 8253, published total 7674"
2015-08-19,rcf,facility,0,721,721,0,0,0,0,0,0,0,0,0,0,0,0,
2015-08-19,roth,summary,43,5,48,,,,,,,,,,,,,
2015-08-19,state_doc,summary,0,0,0,,,,,,,,,,,,,
2015-08-19,total,summary,7251,796,8047,,,,,,,,,,,,,
2015-08-19,in_facility_total,summary,6785,784,7569,,,0,0,,,10,0,,,,,
2015-08-19,weekenders,facility,3,1,4,0,0,0,0,0,0,0,0,0,0,0,0,
2015-09-15,asd_cannery,facility,0,0,0,0,0,0,0,0,0,0,0,0,0,0,0,
2015-09-15,asd_wrp,facility,0,0,0,0,0,0,0,0,0,0,0,0,0,0,0,
2015-09-15,asd_asdcu,facility,111,0,113,0,0,2,0,0,0,0,0,0,0,0,0,
2015-09-15,asd_cambria,facility,155,0,155,0,0,0,0,0,0,0,0,0,0,0,0,
2015-09-15,asd_mod3,facility,0,43,43,0,0,0,0,0,0,0,0,0,0,0,0,
2015-09-15,cec,summary,294,0,294,,,,,,,,,,,,,
2015-09-15,cfcf,facility,2877,0,2882,0,0,0,0,0,0,5,0,0,0,0,0,
2015-09-15,dc,facility,1145,0,1145,0,0,0,0,0,0,0,0,0,0,0,0,
2015-09-15,dc_phsw,facility,54,6,61,0,0,0,0,0,0,1,0,0,0,0,0,
2015-09-15,delaware_county,summary,0,0,0,,,,,,,,,,,,,
2015-09-15,hoc,facility,1405,0,1405,0,0,0,0,0,0,0,0,0,0,0,0,
2015-09-15,lehigh_county,summary,53,1,54,,,,,,,,,,,,,
2015-09-15,nif_total,summary,8,1,9,,,,,,,,,,,,,
2015-09-15,other_jurisdictions,summary,80,4,84,,,,,,,,,,,,,
2015-09-15,out_of_county,summary,0,0,0,,,,,,,,,,,,,
2015-09-15,picc,facility,1068,0,1104,36,0,0,0,0,0,0,0,0,0,0,0,
2015-09-15,pdp_in_facility,facility,6817,758,7620,36,0,2,0,0,0,6,0,0,1,0,0,
2015-09-15,pdp_headcount_nif,summary,6861,759,7620,,,,,,,,,,,,,
2015-09-15,pdp_headcount_nif_oj,summary,7430,823,7704,,,,,,,,,,,,,"males + females = 8253, published total 7704"
2015-09-15,rcf,facility,0,709,710,0,0,0,0,0,0,0,0,0,1,0,0,
2015-09-15,roth,summary,38,5,43,,,,,,,,,,,,,
2015-09-15,state_doc,summary,0,0,0,,,,,,,,,,,,,
2015-09-15,total,summary,7326,769,8095,,,,,,,,,,,,,
2015-09-15,in_facility_total,summary,6853,758,7611,,,4,0,,,12,0,,,,,
2015-09-15,weekenders,facility,2,0,2,0,0,0,0,0,0,0,0,0,0,0,0,
2015-09-28,asd_cannery,facility,0,0,0,0,0,0,0,0,0,0,0,0,0,0,0,
2015-09-28,asd_wrp,facility,0,0,0,0,0,0,0,0,0,0,0,0,0,0,0,
2015-09-28,asd_asdcu,facility,103,0,104,0,0,1,0,0,0,0,0,0,0,0,0,
2015-09-28,asd_cambria,facility,161,0,161,0,0,0,0,0,0,0,0,0,0,0,0,
2015-09-28,asd_mod3,facility,0,32,32,0,0,0,0,0,0,0,0,0,0,0,0,
2015-09-28,cec,summary,283,0,283,,,,,,,,,,,,,
2015-09-28,cfcf,facility,2810,0,2812,0,0,0,0,0,0,2,0,0,0,0,0,
2015-09-28,dc,facility,1226,0,1227,0,0,0,0,0,0,1,0,0,0,0,0,
2015-09-28,dc_phsw,facility,52,3,55,0,0,0,0,0,0,0,0,0,0,0,0,
2015-09-28,delaware_county,summary,0,0,0,,,,,,,,,,,,,
2015-09-28,hoc,facility,1501,0,1501,0,0,0,0,0,0,0,0,0,0,0,0,
2015-09-28,lehigh_county,summary,50,1,51,,,,,,,,,,,,,
2015-09-28,nif_total,summary,4,0,4,,,,,,,,,,,,,
2015-09-28,other_jurisdictions,summary,80,3,83,,,,,,,,,,,,,
2015-09-28,out_of_county,summary,0,0,0,,,,,,,,,,,,,
2015-09-28,picc,facility,1032,0,1067,35,0,0,0,0,0,0,0,0,0,0,0,
2015-09-28,pdp_in_facility,facility,6888,771,7698,35,0,1,0,0,0,3,0,0,0,0,0,
2015-09-28,pdp_headcount_nif,summary,6927,771,7698,,,,,,,,,,,,,
2015-09-28,pdp_headcount_nif_oj,summary,7430,823,7781,,,,,,,,,,,,,"males + females = 8253, published total 7781"
2015-09-28,rcf,facility,0,736,736,0,0,0,0,0,0,0,0,0,0,0,0,
2015-09-28,roth,summary,38,5,43,,,,,,,,,,,,,
2015-09-28,state_doc,summary,0,0,0,,,,,,,,,,,,,
2015-09-28,total,summary,7378,780,8158,,,,,,,,,,,,,
2015-09-28,in_facility_total,summary,6923,771,7694,,,2,0,,,6,0,,,,,
2015-09-28,weekenders,facility,3,0,3,0,0,0,0,0,0,0,0,0,0,0,0,
2015-09-29,asd_cannery,facility,0,0,0,0,0,0,0,0,0,0,0,0,0,0,0,
2015-09-29,asd_wrp,facility,0,0,0,0,0,0,0,0,0,0,0,0,0,0,0,
2015-09-29,asd_asdcu,facility,102,0,103,0,0,0,0,0,0,0,0,1,0,0,0,
2015-09-29,asd_cambria,facility,160,0,160,0,0,0,0,0,0,0,0,0,0,0,0,
2015-09-29,asd_mod3,facility,0,31,31,0,0,0,0,0,0,0,0,0,0,0,0,
2015-09-29,cec,summary,297,0,297,,,,,,,,,,,,,
2015-09-29,cfcf,facility,2811,0,2814,0,0,0,0,0,0,3,0,0,0,0,0,
2015-09-29,dc,facility,1221,0,1222,0,0,0,0,0,0,1,0,0,0,0,0,
2015-09-29,dc_phsw,facility,48,2,50,0,0,0,0,0,0,0,0,0,0,0,0,
2015-09-29,delaware_county,summary,0,0,0,,,,,,,,,,,,,
2015-09-29,hoc,facility,1480,0,1480,0,0,0,0,0,0,0,0,0,0,0,0,
2015-09-29,lehigh_county,summary,49,1,50,,,,,,,,,,,,,
2015-09-29,nif_total,summary,5,1,6,,,,,,,,,,,,,
2015-09-29,other_jurisdictions,summary,84,7,91,,,,,,,,,,,,,
2015-09-29,out_of_county,summary,0,0,0,,,,,,,,,,,,,
2015-09-29,picc,facility,1024,0,1059,35,0,0,0,0,0,0,0,0,0,0,0,
2015-09-29,pdp_in_facility,facility,6848,761,7650,35,0,0,0,0,0,4,1,1,0,0,0,
2015-09-29,pdp_headcount_nif,summary,6888,762,7650,,,,,,,,,,,,,
2015-09-29,pdp_headcount_nif_oj,summary,7430,823,7741,,,,,,,,,,,,,"males + females = 8253, published total 7741"
2015-09-29,rcf,facility,0,728,729,0,0,0,0,0,0,0,1,0,0,0,0,
2015-09-29,roth,summary,38,5,43,,,,,,,,,,,,,
2015-09-29,state_doc,summary,0,0,0,,,,,,,,,,,,,
2015-09-29,total,summary,7356,775,8131,,,,,,,,,,,,,
2015-09-29,in_facility_total,summary,6883,761,7644,,,0,0,,,8,2,,,,,
2015-09-29,weekenders,facility,2,0,2,0,0,0,0,0,0,0,0,0,0,0,0,
2015-10-05,asd_cannery,facility,0,0,0,0,0,0,0,0,0,0,0,0,0,0,0,
2015-10-05,asd_wrp,facility,0,0,0,0,0,0,0,0,0,0,0,0,0,0,0,
2015-10-05,asd_asdcu,facility,95,0,95,0,0,0,0,0,0,0,0,0,0,0,0,
2015-10-05,asd_cambria,facility,156,0,156,0,0,0,0,0,0,0,0,0,0,0,0,
2015-10-05,asd_mod3,facility,0,52,52,0,0,0,0,0,0,0,0,0,0,0,0,
2015-10-05,cec,summary,295,0,295,,,,,,,,,,,,,
2015-10-05,cfcf,facility,2839,0,2840,0,0,0,0,0,0,1,0,0,0,0,0,
2015-10-05,dc,facility,1189,0,1189,0,0,0,0,0,0,0,0,0,0,0,0,
2015-10-05,dc_phsw,facility,46,4,52,0,0,0,0,0,0,1,0,1,0,0,0,
2015-10-05,delaware_county,summary,0,0,0,,,,,,,,,,,,,
2015-10-05,hoc,facility,1473,0,1473,0,0,0,0,0,0,0,0,0,0,0,0,
2015-10-05,lehigh_county,summary,47,1,48,,,,,,,,,,,,,
2015-10-05,nif_total,summary,3,1,4,,,,,,,,,,,,,
2015-10-05,other_jurisdictions,summary,78,3,81,,,,,,,,,,,,,
2015-10-05,out_of_county,summary,0,0,0,,,,,,,,,,,,,
2015-10-05,picc,facility,1030,0,1065,35,0,0,0,0,0,0,0,0,0,0,0,
2015-10-05,pdp_in_facility,facility,6833,737,7609,35,0,0,0,0,0,2,1,1,0,0,0,
2015-10-05,pdp_headcount_nif,summary,6871,738,7609,,,,,,,,,,,,,
2015-10-05,pdp_headcount_nif_oj,summary,7430,823,7690,,,,,,,,,,,,,"males + females = 8253, published total 7690"
2015-10-05,rcf,facility,0,679,680,0,0,0,0,0,0,0,1,0,0,0,0,
2015-10-05,roth,summary,40,5,45,,,,,,,,,,,,,
2015-10-05,state_doc,summary,0,0,0,,,,,,,,,,,,,
2015-10-05,total,summary,7331,747,8078,,,,,,,,,,,,,
2015-10-05,in_facility_total,summary,6868,737,7605,,,0,0,,,4,2,,,,,
2015-10-05,weekenders,facility,5,2,7,0,0,0,0,0,0,0,0,0,0,0,0,
2015-11-23,asd_cannery,facility,0,0,0,0,0,0,0,0,0,0,0,0,0,0,0,
2015-11-23,asd_wrp,facility,0,0,0,0,0,0,0,0,0,0,0,0,0,0,0,
2015-11-23,asd_asdcu,facility,102,0,103,0,0,1,0,0,0,0,0,0,0,0,0,
2015-11-23,asd_cambria,facility,221,0,221,0,0,0,0,0,0,0,0,0,0,0,0,
2015-11-23,asd_mod3,facility,0,34,34,0,0,0,0,0,0,0,0,0,0,0,0,
2015-11-23,cec,summary,280,0,280,,,,,,,,,,,,,
2015-11-23,cfcf,facility,2768,0,2775,0,0,0,0,0,0,7,0,0,0,0,0,
2015-11-23,dc,facility,1051,0,1052,0,0,0,0,0,0,1,0,0,0,0,0,
2015-11-23,dc_phsw,facility,39,3,44,0,0,0,0,0,0,2,0,0,0,0,0,
2015-11-23,delaware_county,summary,0,0,0,,,,,,,,,,,,,
2015-11-23,hoc,facility,1446,0,1447,0,0,0,0,0,0,1,0,0,0,0,0,
2015-11-23,lehigh_county,summary,46,1,47,,,,,,,,,,,,,
2015-11-23,nif_total,summary,12,1,13,,,,,,,,,,,,,
2015-11-23,other_jurisdictions,summary,79,2,81,,,,,,,,,,,,,
2015-11-23,out_of_county,summary,0,0,0,,,,,,,,,,,,,
2015-11-23,picc,facility,1004,0,1049,45,0,0,0,0,0,0,0,0,0,0,0,
2015-11-23,pdp_in_facility,facility,6633,708,7401,45,2,1,0,0,0,11,1,0,0,0,0,
2015-11-23,pdp_headcount_nif,summary,6690,711,7401,,,,,,,,,,,,,
2015-11-23,pdp_headcount_nif_oj,summary,7430,823,7482,,,,,,,,,,,,,"males + females = 8253, published total 7482"
2015-11-23,rcf,facility,0,671,674,0,2,0,0,0,0,0,1,0,0,0,0,
2015-11-23,roth,summary,38,5,43,,,,,,,,,,,,,
2015-11-23,state_doc,summary,0,0,0,,,,,,,,,,,,,
2015-11-23,total,summary,7135,719,7854,,,,,,,,,,,,,
2015-11-23,in_facility_total,summary,6678,710,7388,,,2,0,,,22,2,,,,,
2015-11-23,weekenders,facility,2,0,2,0,0,0,0,0,0,0,0,0,0,0,0,
2015-11-29,asd_cannery,facility,0,0,0,0,0,0,0,0,0,0,0,0,0,0,0,
2015-11-29,asd_wrp,facility,0,0,0,0,0,0,0,0,0,0,0,0,0,0,0,
2015-11-29,asd_asdcu,facility,102,0,102,0,0,0,0,0,0,0,0,0,0,0,0,
2015-11-29,asd_cambria,facility,222,0,222,0,0,0,0,0,0,0,0,0,0,0,0,
2015-11-29,asd_mod3,facility,0,30,30,0,0,0,0,0,0,0,0,0,0,0,0,
2015-11-29,cec,summary,279,0,279,,,,,,,,,,,,,
2015-11-29,cfcf,facility,2734,0,2737,0,0,0,0,0,0,3,0,0,0,0,0,
2015-11-29,dc,facility,1070,0,1070,0,0,0,0,0,0,0,0,0,0,0,0,
2015-11-29,dc_phsw,facility,42,3,47,0,0,0,0,0,0,1,1,0,0,0,0,
2015-11-29,delaware_county,summary,0,0,0,,,,,,,,,,,,,
2015-11-29,hoc,facility,1487,0,1488,0,0,0,0,0,0,0,0,1,0,0,0,
2015-11-29,lehigh_county,summary,45,1,46,,,,,,,,,,,,,
2015-11-29,nif_total,summary,6,2,8,,,,,,,,,,,,,
2015-11-29,other_jurisdictions,summary,74,3,77,,,,,,,,,,,,,
2015-11-29,out_of_county,summary,0,0,0,,,,,,,,,,,,,
2015-11-29,picc,facility,994,0,1043,48,0,0,0,0,0,1,0,0,0,0,0,
2015-11-29,pdp_in_facility,facility,6652,701,7411,48,2,0,0,0,0,5,2,1,0,0,0,
2015-11-29,pdp_headcount_nif,summary,6706,705,7411,,,,,,,,,,,,,
2015-11-29,pdp_headcount_nif_oj,summary,7430,823,7488,,,,,,,,,,,,,"males + females = 8253, published total 7488"
2015-11-29,rcf,facility,0,666,669,0,2,0,0,0,0,0,1,0,0,0,0,
2015-11-29,roth,summary,35,5,40,,,,,,,,,,,,,
2015-11-29,state_doc,summary,0,0,0,,,,,,,,,,,,,
2015-11-29,total,summary,7141,714,7855,,,,,,,,,,,,,
2015-11-29,in_facility_total,summary,6700,703,7403,,,0,0,,,10,4,,,,,
2015-11-29,weekenders,facility,1,2,3,0,0,0,0,0,0,0,0,0,0,0,0,
2015-12-06,asd_cannery,facility,0,0,0,0,0,0,0,0,0,0,0,0,0,0,0,
2015-12-06,asd_wrp,facility,0,0,0,0,0,0,0,0,0,0,0,0,0,0,0,
2015-12-06,asd_asdcu,facility,103,0,103,0,0,0,0,0,0,0,0,0,0,0,0,
2015-12-06,asd_cambria,facility,213,0,213,0,0,0,0,0,0,0,0,0,0,0,0,
2015-12-06,asd_mod3,facility,0,25,25,0,0,0,0,0,0,0,0,0,0,0,0,
2015-12-06,cec,summary,289,0,289,,,,,,,,,,,,,
2015-12-06,cfcf,facility,2830,0,2835,0,0,0,0,0,0,5,0,0,0,0,0,
2015-12-06,dc,facility,1022,0,1024,0,0,0,0,0,0,2,0,0,0,0,0,
2015-12-06,dc_phsw,facility,44,8,53,0,0,0,0,0,0,1,0,0,0,0,0,
2015-12-06,delaware_county,summary,0,0,0,,,,,,,,,,,,,
2015-12-06,hoc,facility,1429,0,1429,0,0,0,0,0,0,0,0,0,0,0,0,
2015-12-06,lehigh_county,summary,44,1,45,,,,,,,,,,,,,
2015-12-06,nif_total,summary,8,0,8,,,,,,,,,,,,,
2015-12-06,other_jurisdictions,summary,70,5,75,,,,,,,,,,,,,
2015-12-06,out_of_county,summary,0,0,0,,,,,,,,,,,,,
2015-12-06,picc,facility,993,0,1039,46,0,0,0,0,0,0,0,0,0,0,0,
2015-12-06,pdp_in_facility,facility,6647,705,7408,46,2,0,0,0,0,8,0,0,0,0,0,
2015-12-06,pdp_headcount_nif,summary,6701,707,7408,,,,,,,,,,,,,
2015-12-06,pdp_headcount_nif_oj,summary,7430,823,7483,,,,,,,,,,,,,"males + females = 8253, published total 7483"
2015-12-06,rcf,facility,0,668,670,0,2,0,0,0,0,0,0,0,0,0,0,
2015-12-06,roth,summary,34,5,39,,,,,,,,,,,,,
2015-12-06,state_doc,summary,0,0,0,,,,,,,,,,,,,
2015-12-06,total,summary,7140,718,7858,,,,,,,,,,,,,
2015-12-06,in_facility_total,summary,6693,707,7400,,,0,0,,,16,0,,,,,
2015-12-06,weekenders,facility,13,4,17,0,0,0,0,0,0,0,0,0,0,0,0,
2015-12-10,asd_cannery,facility,0,0,0,0,0,0,0,0,0,0,0,0,0,0,0,
2015-12-10,asd_wrp,facility,0,0,0,0,0,0,0,0,0,0,0,0,0,0,0,
2015-12-10,asd_asdcu,facility,98,0,99,0,0,1,0,0,0,0,0,0,0,0,0,
2015-12-10,asd_cambria,facility,215,0,215,0,0,0,0,0,0,0,0,0,0,0,0,
2015-12-10,asd_mod3,facility,0,25,25,0,0,0,0,0,0,0,0,0,0,0,0,
2015-12-10,cec,summary,286,0,286,,,,,,,,,,,,,
2015-12-10,cfcf,facility,2762,0,2763,0,0,0,0,0,0,1,0,0,0,0,0,
2015-12-10,dc,facility,1010,0,1012,0,0,0,0,0,0,2,0,0,0,0,0,
2015-12-10,dc_phsw,facility,35,0,35,0,0,0,0,0,0,0,0,0,0,0,0,
2015-12-10,delaware_county,summary,0,0,0,,,,,,,,,,,,,
2015-12-10,hoc,facility,1438,0,1440,0,0,0,0,0,0,1,0,1,0,0,0,
2015-12-10,lehigh_county,summary,41,1,42,,,,,,,,,,,,,
2015-12-10,nif_total,summary,7,0,7,,,,,,,,,,,,,
2015-12-10,other_jurisdictions,summary,70,3,73,,,,,,,,,,,,,
2015-12-10,out_of_county,summary,0,0,0,,,,,,,,,,,,,
2015-12-10,picc,facility,979,0,1025,45,0,0,0,0,0,0,0,1,0,0,0,
2015-12-10,pdp_in_facility,facility,6537,703,7294,45,2,1,0,0,0,4,0,2,0,0,0,
2015-12-10,pdp_headcount_nif,summary,6589,705,7294,,,,,,,,,,,,,
2015-12-10,pdp_headcount_nif_oj,summary,7430,823,7367,,,,,,,,,,,,,"males + females = 8253, published total 7367"
2015-12-10,rcf,facility,0,677,679,0,2,0,0,0,0,0,0,0,0,0,0,
2015-12-10,roth,summary,32,5,37,,,,,,,,,,,,,
2015-12-10,state_doc,summary,0,0,0,,,,,,,,,,,,,
2015-12-10,total,summary,7020,714,7734,,,,,,,,,,,,,
2015-12-10,in_facility_total,summary,6582,705,7287,,,2,0,,,8,0,,,,,
2015-12-10,weekenders,facility,0,1,1,0,0,0,0,0,0,0,0,0,0,0,0,
2016-01-10,asd_cannery,facility,0,0,0,0,0,0,0,0,0,0,0,0,0,0,0,
2016-01-10,asd_wrp,facility,0,0,0,0,0,0,0,0,0,0,0,0,0,0,0,
2016-01-10,asd_asdcu,facility,80,0,81,0,0,1,0,0,0,0,0,0,0,0,0,
2016-01-10,asd_cambria,facility,217,0,217,0,0,0,0,0,0,0,0,0,0,0,0,
2016-01-10,asd_mod3,facility,0,20,20,0,0,0,0,0,0,0,0,0,0,0,0,
2016-01-10,cec,summary,290,0,290,,,,,,,,,,,,,
2016-01-10,cfcf,facility,2738,0,2741,0,0,0,0,0,0,3,0,0,0,0,0,
2016-01-10,dc,facility,986,0,986,0,0,0,0,0,0,0,0,0,0,0,0,
2016-01-10,dc_phsw,facility,33,5,41,1,0,0,0,0,0,2,0,0,0,0,0,
2016-01-10,delaware_county,summary,0,0,0,,,,,,,,,,,,,
2016-01-10,hoc,facility,1430,0,1431,0,0,0,0,0,0,0,0,1,0,0,0,
2016-01-10,lehigh_county,summary,33,1,34,,,,,,,,,,,,,
2016-01-10,nif_total,summary,7,1,8,,,,,,,,,,,,,
2016-01-10,other_jurisdictions,summary,67,2,69,,,,,,,,,,,,,
2016-01-10,out_of_county,summary,0,0,0,,,,,,,,,,,,,
2016-01-10,picc,facility,958,0,997,39,0,0,0,0,0,0,0,0,0,0,0,
2016-01-10,pdp_in_facility,facility,6449,670,7168,40,1,1,0,0,0,5,1,1,0,0,0,
2016-01-10,pdp_headcount_nif,summary,6496,672,7168,,,,,,,,,,,,,
2016-01-10,pdp_headcount_nif_oj,summary,7430,823,7237,,,,,,,,,,,,,"males + females = 8253, published total 7237"
2016-01-10,rcf,facility,0,640,642,0,1,0,0,0,0,0,1,0,0,0,0,
2016-01-10,roth,summary,29,3,32,,,,,,,,,,,,,
2016-01-10,state_doc,summary,0,0,0,,,,,,,,,,,,,
2016-01-10,total,summary,6917,678,7595,,,,,,,,,,,,,
2016-01-10,in_facility_total,summary,6489,671,7160,,,2,0,,,10,2,,,,,
2016-01-10,weekenders,facility,7,5,12,0,0,0,0,0,0,0,0,0,0,0,0,
2016-01-12,asd_cannery,facility,0,0,0,0,0,0,0,0,0,0,0,0,0,0,0,
2016-01-12,asd_wrp,facility,0,0,0,0,0,0,0,0,0,0,0,0,0,0,0,
2016-01-12,asd_asdcu,facility,83,0,83,0,0,0,0,0,0,0,0,0,0,0,0,
2016-01-12,asd_cambria,facility,215,0,215,0,0,0,0,0,0,0,0,0,0,0,0,
2016-01-12,asd_mod3,facility,0,18,18,0,0,0,0,0,0,0,0,0,0,0,0,
2016-01-12,cec,summary,280,0,280,,,,,,,,,,,,,
2016-01-12,cfcf,facility,2734,0,2737,0,0,0,0,0,0,3,0,0,0,0,0,
2016-01-12,dc,facility,971,0,972,0,0,0,0,1,0,0,0,0,0,0,0,
2016-01-12,dc_phsw,facility,35,2,39,0,0,0,0,0,0,2,0,0,0,0,0,
2016-01-12,delaware_county,summary,0,0,0,,,,,,,,,,,,,
2016-01-12,hoc,facility,1430,0,1430,0,0,0,0,0,0,0,0,0,0,0,0,
2016-01-12,lehigh_county,summary,33,1,34,,,,,,,,,,,,,
2016-01-12,nif_total,summary,6,1,7,,,,,,,,,,,,,
2016-01-12,other_jurisdictions,summary,71,3,74,,,,,,,,,,,,,
2016-01-12,out_of_county,summary,0,0,0,,,,,,,,,,,,,
2016-01-12,picc,facility,958,0,1000,42,0,0,0,0,0,0,0,0,0,0,0,
2016-01-12,pdp_in_facility,facility,6426,652,7128,42,1,0,0,1,0,5,1,0,0,0,0,
2016-01-12,pdp_headcount_nif,summary,6474,654,7128,,,,,,,,,,,,,
2016-01-12,pdp_headcount_nif_oj,summary,7430,823,7202,,,,,,,,,,,,,"males + females = 8253, published total 7202"
2016-01-12,rcf,facility,0,632,634,0,1,0,0,0,0,0,1,0,0,0,0,
2016-01-12,roth,summary,29,3,32,,,,,,,,,,,,,
2016-01-12,state_doc,summary,0,0,0,,,,,,,,,,,,,
2016-01-12,total,summary,6889,661,7550,,,,,,,,,,,,,
2016-01-12,in_facility_total,summary,6468,653,7121,,,0,0,,,10,2,,,,,
2016-01-12,weekenders,facility,0,0,0,0,0,0,0,0,0,0,0,0,0,0,0,
2016-02-02,asd_cannery,facility,0,0,0,0,0,0,0,0,0,0,0,0,0,0,0,
2016-02-02,asd_wrp,facility,0,0,0,0,0,0,0,0,0,0,0,0,0,0,0,
2016-02-02,asd_asdcu,facility,88,0,89,0,0,1,0,0,0,0,0,0,0,0,0,
2016-02-02,asd_cambria,facility,177,0,177,0,0,0,0,0,0,0,0,0,0,0,0,
2016-02-02,asd_mod3,facility,0,0,0,0,0,0,0,0,0,0,0,0,0,0,0,
2016-02-02,cec,summary,268,0,268,,,,,,,,,,,,,
2016-02-02,cfcf,facility,2725,0,2727,0,0,0,0,0,0,2,0,0,0,0,0,
2016-02-02,dc,facility,1006,0,1007,0,0,0,0,0,0,1,0,0,0,0,0,
2016-02-02,dc_phsw,facility,43,2,45,0,0,0,0,0,0,0,0,0,0,0,0,
2016-02-02,delaware_county,summary,0,0,0,,,,,,,,,,,,,
2016-02-02,hoc,facility,1347,0,1347,0,0,0,0,0,0,0,0,0,0,0,0,
2016-02-02,lehigh_county,summary,36,0,36,,,,,,,,,,,,,
2016-02-02,nif_total,summary,5,3,8,,,,,,,,,,,,,
2016-02-02,other_jurisdictions,summary,69,3,72,,,,,,,,,,,,,
2016-02-02,out_of_county,summary,0,0,0,,,,,,,,,,,,,
2016-02-02,picc,facility,980,0,1023,42,0,0,0,0,0,0,0,1,0,0,0,
2016-02-02,pdp_in_facility,facility,6366,631,7047,42,0,1,0,0,0,3,3,1,0,0,0,
2016-02-02,pdp_headcount_nif,summary,6413,634,7047,,,,,,,,,,,,,
2016-02-02,pdp_headcount_nif_oj,summary,7430,823,7119,,,,,,,,,,,,,"males + females = 8253, published total 7119"
2016-02-02,rcf,facility,0,629,632,0,0,0,0,0,0,0,3,0,0,0,0,
2016-02-02,roth,summary,24,3,27,,,,,,,,,,,,,
2016-02-02,state_doc,summary,0,0,0,,,,,,,,,,,,,
2016-02-02,total,summary,6812,640,7452,,,,,,,,,,,,,
2016-02-02,in_facility_total,summary,6408,631,7039,,,2,0,,,6,6,,,,,
2016-02-02,weekenders,facility,0,0,0,0,0,0,0,0,0,0,0,0,0,0,0,
2016-02-24,asd_cannery,facility,0,0,0,0,0,0,0,0,0,0,0,0,0,0,0,
2016-02-24,asd_wrp,facility,0,0,0,0,0,0,0,0,0,0,0,0,0,0,0,
2016-02-24,asd_asdcu,facility,124,0,125,0,0,1,0,0,0,0,0,0,0,0,0,
2016-02-24,asd_cambria,facility,236,0,236,0,0,0,0,0,0,0,0,0,0,0,0,
2016-02-24,asd_mod3,facility,0,0,0,0,0,0,0,0,0,0,0,0,0,0,0,
2016-02-24,cec,summary,267,0,267,,,,,,,,,,,,,
2016-02-24,cfcf,facility,2687,0,2688,0,0,0,0,0,0,1,0,0,0,0,0,
2016-02-24,dc,facility,825,0,825,0,0,0,0,0,0,0,0,0,0,0,0,
2016-02-24,dc_phsw,facility,50,3,54,0,0,0,0,0,0,1,0,0,0,0,0,
2016-02-24,delaware_county,summary,0,0,0,,,,,,,,,,,,,
2016-02-24,hoc,facility,1418,0,1418,0,0,0,0,0,0,0,0,0,0,0,0,
2016-02-24,lehigh_county,summary,32,1,33,,,,,,,,,,,,,
2016-02-24,nif_total,summary,5,1,6,,,,,,,,,,,,,
2016-02-24,other_jurisdictions,summary,70,2,72,,,,,,,,,,,,,
2016-02-24,out_of_county,summary,0,0,0,,,,,,,,,,,,,
2016-02-24,picc,facility,1003,0,1052,47,0,0,0,0,0,2,0,0,0,0,0,
2016-02-24,pdp_in_facility,facility,6343,662,7059,47,1,1,0,0,0,4,0,0,1,0,0,
2016-02-24,pdp_headcount_nif,summary,6395,664,7059,,,,,,,,,,,,,
2016-02-24,pdp_headcount_nif_oj,summary,7430,823,7131,,,,,,,,,,,,,"males + females = 8253, published total 7131"
2016-02-24,rcf,facility,0,658,660,0,1,0,0,0,0,0,0,0,1,0,0,
2016-02-24,roth,summary,26,3,29,,,,,,,,,,,,,
2016-02-24,state_doc,summary,0,0,0,,,,,,,,,,,,,
2016-02-24,total,summary,6792,670,7462,,,,,,,,,,,,,
2016-02-24,in_facility_total,summary,6390,663,7053,,,2,0,,,8,0,,,,,
2016-02-24,weekenders,facility,0,1,1,0,0,0,0,0,0,0,0,0,0,0,0,
2016-03-01,asd_cannery,facility,0,0,0,0,0,0,0,0,0,0,0,0,0,0,0,
2016-03-01,asd_wrp,facility,0,0,0,0,0,0,0,0,0,0,0,0,0,0,0,
2016-03-01,asd_asdcu,facility,138,8,147,0,0,1,0,0,0,0,0,0,0,0,0,
2016-03-01,asd_cambria,facility,228,0,228,0,0,0,0,0,0,0,0,0,0,0,0,
2016-03-01,asd_mod3,facility,0,0,0,0,0,0,0,0,0,0,0,0,0,0,0,
2016-03-01,cec,summary,265,0,265,,,,,,,,,,,,,
2016-03-01,cfcf,facility,2670,0,2672,0,0,0,0,0,0,1,0,1,0,0,0,
2016-03-01,dc,facility,873,0,875,0,0,0,0,0,0,2,0,0,0,0,0,
2016-03-01,dc_phsw,facility,44,2,47,0,0,0,0,0,0,1,0,0,0,0,0,
2016-03-01,delaware_county,summary,0,0,0,,,,,,,,,,,,,
2016-03-01,hoc,facility,1414,0,1416,0,0,0,0,0,0,1,0,1,0,0,0,
2016-03-01,lehigh_county,summary,31,1,32,,,,,,,,,,,,,
2016-03-01,nif_total,summary,9,1,10,,,,,,,,,,,,,
2016-03-01,other_jurisdictions,summary,66,4,70,,,,,,,,,,,,,
2016-03-01,out_of_county,summary,0,0,0,,,,,,,,,,,,,
2016-03-01,picc,facility,1002,0,1049,46,0,0,0,0,0,1,0,0,0,0,0,
2016-03-01,pdp_in_facility,facility,6370,650,7076,46,0,1,0,0,0,6,1,2,0,0,0,
2016-03-01,pdp_headcount_nif,summary,6425,651,7076,,,,,,,,,,,,,
2016-03-01,pdp_headcount_nif_oj,summary,7430,823,7146,,,,,,,,,,,,,"males + females = 8253, published total 7146"
2016-03-01,rcf,facility,0,640,641,0,0,0,0,0,0,0,1,0,0,0,0,
2016-03-01,roth,summary,26,2,28,,,,,,,,,,,,,
2016-03-01,state_doc,summary,0,0,0,,,,,,,,,,,,,
2016-03-01,total,summary,6815,658,7473,,,,,,,,,,,,,
2016-03-01,in_facility_total,summary,6416,650,7066,,,2,0,,,12,2,,,,,
2016-03-01,weekenders,facility,1,0,1,0,0,0,0,0,0,0,0,0,0,0,0,
2016-03-02,asd_cannery,facility,0,0,0,0,0,0,0,0,0,0,0,0,0,0,0,
2016-03-02,asd_wrp,facility,0,0,0,0,0,0,0,0,0,0,0,0,0,0,0,
2016-03-02,asd_asdcu,facility,152,8,162,0,0,2,0,0,0,0,0,0,0,0,0,
2016-03-02,asd_cambria,facility,239,0,239,0,0,0,0,0,0,0,0,0,0,0,0,
2016-03-02,asd_mod3,facility,0,0,0,0,0,0,0,0,0,0,0,0,0,0,0,
2016-03-02,cec,summary,265,0,265,,,,,,,,,,,,,
2016-03-02,cfcf,facility,2694,0,2698,0,0,0,0,0,0,3,0,1,0,0,0,
2016-03-02,dc,facility,871,0,872,0,0,0,0,0,0,1,0,0,0,0,0,
2016-03-02,dc_phsw,facility,45,2,47,0,0,0,0,0,0,0,0,0,0,0,0,
2016-03-02,delaware_county,summary,0,0,0,,,,,,,,,,,,,
2016-03-02,hoc,facility,1385,0,1385,0,0,0,0,0,0,0,0,0,0,0,0,
2016-03-02,lehigh_county,summary,31,1,32,,,,,,,,,,,,,
2016-03-02,nif_total,summary,8,2,10,,,,,,,,,,,,,
2016-03-02,other_jurisdictions,summary,70,3,73,,,,,,,,,,,,,
2016-03-02,out_of_county,summary,0,0,0,,,,,,,,,,,,,
2016-03-02,picc,facility,992,0,1040,47,0,0,0,0,0,1,0,0,0,0,0,
2016-03-02,pdp_in_facility,facility,6378,652,7087,47,0,2,0,0,0,5,1,1,1,0,0,
2016-03-02,pdp_headcount_nif,summary,6433,654,7087,,,,,,,,,,,,,
2016-03-02,pdp_headcount_nif_oj,summary,7430,823,7160,,,,,,,,,,,,,"males + females = 8253, published total 7160"
2016-03-02,rcf,facility,0,641,643,0,0,0,0,0,0,0,1,0,1,0,0,
2016-03-02,roth,summary,26,2,28,,,,,,,,,,,,,
2016-03-02,state_doc,summary,0,0,0,,,,,,,,,,,,,
2016-03-02,total,summary,6827,660,7487,,,,,,,,,,,,,
2016-03-02,in_facility_total,summary,6425,652,7077,,,4,0,,,10,2,,,,,
2016-03-02,weekenders,facility,0,1,1,0,0,0,0,0,0,0,0,0,0,0,0,
2016-03-07,asd_cannery,facility,0,0,0,0,0,0,0,0,0,0,0,0,0,0,0,
2016-03-07,asd_wrp,facility,0,0,0,0,0,0,0,0,0,0,0,0,0,0,0,
2016-03-07,asd_asdcu,facility,145,8,154,0,0,1,0,0,0,0,0,0,0,0,0,
2016-03-07,asd_cambria,facility,235,0,235,0,0,0,0,0,0,0,0,0,0,0,0,
2016-03-07,asd_mod3,facility,0,0,0,0,0,0,0,0,0,0,0,0,0,0,0,
2016-03-07,cec,summary,269,0,269,,,,,,,,,,,,,
2016-03-07,cfcf,facility,2696,0,2697,0,0,0,0,0,0,1,0,0,0,0,0,
2016-03-07,dc,facility,916,0,916,0,0,0,0,0,0,0,0,0,0,0,0,
2016-03-07,dc_phsw,facility,42,7,49,0,0,0,0,0,0,0,0,0,0,0,0,
2016-03-07,delaware_county,summary,0,0,0,,,,,,,,,,,,,
2016-03-07,hoc,facility,1370,0,1370,0,0,0,0,0,0,0,0,0,0,0,0,
2016-03-07,lehigh_county,summary,41,1,42,,,,,,,,,,,,,
2016-03-07,nif_total,summary,3,1,4,,,,,,,,,,,,,
2016-03-07,other_jurisdictions,summary,74,3,77,,,,,,,,,,,,,
2016-03-07,out_of_county,summary,0,0,0,,,,,,,,,,,,,
2016-03-07,picc,facility,985,0,1034,48,0,0,0,0,0,1,0,0,0,0,0,
2016-03-07,pdp_in_facility,facility,6391,657,7100,48,0,1,0,0,0,2,1,0,0,0,0,
2016-03-07,pdp_headcount_nif,summary,6442,658,7100,,,,,,,,,,,,,
2016-03-07,pdp_headcount_nif_oj,summary,7430,823,7177,,,,,,,,,,,,,"males + females = 8253, published total 7177"
2016-03-07,rcf,facility,0,642,643,0,0,0,0,0,0,0,1,0,0,0,0,
2016-03-07,roth,summary,29,2,31,,,,,,,,,,,,,
2016-03-07,state_doc,summary,0,0,0,,,,,,,,,,,,,
2016-03-07,total,summary,6857,664,7521,,,,,,,,,,,,,
2016-03-07,in_facility_total,summary,6439,657,7096,,,2,0,,,4,2,,,,,
2016-03-07,weekenders,facility,2,0,2,0,0,0,0,0,0,0,0,0,0,0,0,
2016-03-08,asd_cannery,facility,0,0,0,0,0,0,0,0,0,0,0,0,0,0,0,
2016-03-08,asd_wrp,facility,0,0,0,0,0,0,0,0,0,0,0,0,0,0,0,
2016-03-08,asd_asdcu,facility,139,8,148,0,0,1,0,0,0,0,0,0,0,0,0,
2016-03-08,asd_cambria,facility,237,0,237,0,0,0,0,0,0,0,0,0,0,0,0,
2016-03-08,asd_mod3,facility,0,0,0,0,0,0,0,0,0,0,0,0,0,0,0,
2016-03-08,cec,summary,276,0,276,,,,,,,,,,,,,
2016-03-08,cfcf,facility,2665,0,2667,0,0,0,0,0,0,2,0,0,0,0,0,
2016-03-08,dc,facility,912,0,912,0,0,0,0,0,0,0,0,0,0,0,0,
2016-03-08,dc_phsw,facility,37,5,43,0,0,0,0,0,0,1,0,0,0,0,0,
2016-03-08,delaware_county,summary,0,0,0,,,,,,,,,,,,,
2016-03-08,hoc,facility,1365,0,1365,0,0,0,0,0,0,0,0,0,0,0,0,
2016-03-08,lehigh_county,summary,41,1,42,,,,,,,,,,,,,
2016-03-08,nif_total,summary,4,0,4,,,,,,,,,,,,,
2016-03-08,other_jurisdictions,summary,74,4,78,,,,,,,,,,,,,
2016-03-08,out_of_county,summary,0,0,0,,,,,,,,,,,,,
2016-03-08,picc,facility,984,0,1033,49,0,0,0,0,0,0,0,0,0,0,0,
2016-03-08,pdp_in_facility,facility,6339,649,7041,49,0,1,0,0,0,3,0,0,0,0,0,
2016-03-08,pdp_headcount_nif,summary,6392,649,7041,,,,,,,,,,,,,
2016-03-08,pdp_headcount_nif_oj,summary,7430,823,7119,,,,,,,,,,,,,"males + females = 8253, published total 7119"
2016-03-08,rcf,facility,0,636,636,0,0,0,0,0,0,0,0,0,0,0,0,
2016-03-08,roth,summary,29,2,31,,,,,,,,,,,,,
2016-03-08,state_doc,summary,0,0,0,,,,,,,,,,,,,
2016-03-08,total,summary,6814,656,7470,,,,,,,,,,,,,
2016-03-08,in_facility_total,summary,6388,649,7037,,,2,0,,,6,0,,,,,
2016-03-08,weekenders,facility,0,0,0,0,0,0,0,0,0,0,0,0,0,0,0,
2016-03-15,asd_cambria,facility,228,0,228,0,0,0,0,0,0,0,0,0,0,0,0,
2016-03-15,asd_cannery,facility,0,0,0,0,0,0,0,0,0,0,0,0,0,0,0,
2016-03-15,asd_wrp,facility,0,0,0,0,0,0,0,0,0,0,0,0,0,0,0,
2016-03-15,asd_asdcu,facility,140,8,150,0,0,2,0,0,0,0,0,0,0,0,0,
2016-03-15,asd_mod3,facility,0,0,0,0,0,0,0,0,0,0,0,0,0,0,0,
2016-03-15,cec,summary,272,0,272,,,,,,,,,,,,,
2016-03-15,cfcf,facility,2652,0,2658,0,0,0,0,0,0,5,0,1,0,0,0,
2016-03-15,dc,facility,901,0,901,0,0,0,0,0,0,0,0,0,0,0,0,
2016-03-15,dc_phsw,facility,42,4,47,0,0,0,0,0,0,0,0,1,0,0,0,
2016-03-15,delaware_county,summary,0,0,0,,,,,,,,,,,,,
2016-03-15,hoc,facility,1347,0,1348,0,0,0,0,0,0,0,0,1,0,0,0,
2016-03-15,lehigh_county,summary,43,1,44,,,,,,,,,,,,,
2016-03-15,nif_total,summary,10,0,10,,,,,,,,,,,,,
2016-03-15,other_jurisdictions,summary,69,2,71,,,,,,,,,,,,,
2016-03-15,out_of_county,summary,0,0,0,,,,,,,,,,,,,
2016-03-15,picc,facility,988,0,1037,49,0,0,0,0,0,0,0,0,0,0,0,
2016-03-15,pdp_in_facility,facility,6298,652,7009,49,0,2,0,0,0,5,0,3,0,0,0,
2016-03-15,pdp_headcount_nif,summary,6357,652,7009,,,,,,,,,,,,,
2016-03-15,pdp_headcount_nif_oj,summary,7430,823,7080,,,,,,,,,,,,,"males + females = 8253, published total 7080"
2016-03-15,rcf,facility,0,640,640,0,0,0,0,0,0,0,0,0,0,0,0,
2016-03-15,roth,summary,32,2,34,,,,,,,,,,,,,
2016-03-15,state_doc,summary,0,0,0,,,,,,,,,,,,,
2016-03-15,total,summary,6775,657,7432,,,,,,,,,,,,,
2016-03-15,in_facility_total,summary,6347,652,6999,,,4,0,,,10,0,,,,,
2016-03-15,weekenders,facility,0,0,0,0,0,0,0,0,0,0,0,0,0,0,0,
2016-03-16,asd_cannery,facility,0,0,0,0,0,0,0,0,0,0,0,0,0,0,0,
2016-03-16,asd_wrp,facility,0,0,0,0,0,0,0,0,0,0,0,0,0,0,0,
2016-03-16,asd_asdcu,facility,138,7,146,0,0,1,0,0,0,0,0,0,0,0,0,
2016-03-16,asd_cambria,facility,226,0,226,0,0,0,0,0,0,0,0,0,0,0,0,
2016-03-16,asd_mod3,facility,0,0,0,0,0,0,0,0,0,0,0,0,0,0,0,
2016-03-16,cec,summary,278,0,278,,,,,,,,,,,,,
2016-03-16,cfcf,facility,2672,0,2676,0,0,0,0,0,0,4,0,0,0,0,0,
2016-03-16,dc,facility,892,0,892,0,0,0,0,0,0,0,0,0,0,0,0,
2016-03-16,dc_phsw,facility,38,4,43,0,0,0,0,0,0,1,0,0,0,0,0,
2016-03-16,delaware_county,summary,0,0,0,,,,,,,,,,,,,
2016-03-16,hoc,facility,1321,0,1321,0,0,0,0,0,0,0,0,0,0,0,0,
2016-03-16,lehigh_county,summary,43,1,44,,,,,,,,,,,,,
2016-03-16,nif_total,summary,6,1,7,,,,,,,,,,,,,
2016-03-16,other_jurisdictions,summary,74,2,76,,,,,,,,,,,,,
2016-03-16,out_of_county,summary,0,0,0,,,,,,,,,,,,,
2016-03-16,picc,facility,985,0,1034,49,0,0,0,0,0,0,0,0,0,0,0,
2016-03-16,pdp_in_facility,facility,6272,652,6980,49,0,1,0,0,0,5,0,0,1,0,0,
2016-03-16,pdp_headcount_nif,summary,6327,653,6980,,,,,,,,,,,,,
2016-03-16,pdp_headcount_nif_oj,summary,7430,823,7056,,,,,,,,,,,,,"males + females = 8253, published total 7056"
2016-03-16,rcf,facility,0,640,641,0,0,0,0,0,0,0,0,0,1,0,0,
2016-03-16,roth,summary,32,2,34,,,,,,,,,,,,,
2016-03-16,state_doc,summary,0,0,0,,,,,,,,,,,,,
2016-03-16,total,summary,6756,658,7414,,,,,,,,,,,,,
2016-03-16,in_facility_total,summary,6321,652,6973,,,2,0,,,10,0,,,,,
2016-03-16,weekenders,facility,0,1,1,0,0,0,0,0,0,0,0,0,0,0,0,
2016-03-17,asd_cannery,facility,0,0,0,0,0,0,0,0,0,0,0,0,0,0,0,
2016-03-17,asd_wrp,facility,0,0,0,0,0,0,0,0,0,0,0,0,0,0,0,
2016-03-17,asd_asdcu,facility,140,7,147,0,0,0,0,0,0,0,0,0,0,0,0,
2016-03-17,asd_cambria,facility,223,0,223,0,0,0,0,0,0,0,0,0,0,0,0,
2016-03-17,asd_mod3,facility,0,0,0,0,0,0,0,0,0,0,0,0,0,0,0,
2016-03-17,cec,summary,273,0,273,,,,,,,,,,,,,
2016-03-17,cfcf,facility,2666,0,2671,0,0,0,0,0,0,3,0,2,0,0,0,
2016-03-17,dc,facility,900,0,900,0,0,0,0,0,0,0,0,0,0,0,0,
2016-03-17,dc_phsw,facility,37,4,42,0,0,0,0,0,0,1,0,0,0,0,0,
2016-03-17,delaware_county,summary,0,0,0,,,,,,,,,,,,,
2016-03-17,hoc,facility,1311,0,1311,0,0,0,0,0,0,0,0,0,0,0,0,
2016-03-17,lehigh_county,summary,43,1,44,,,,,,,,,,,,,
2016-03-17,nif_total,summary,6,2,8,,,,,,,,,,,,,
2016-03-17,other_jurisdictions,summary,76,2,78,,,,,,,,,,,,,
2016-03-17,out_of_county,summary,0,0,0,,,,,,,,,,,,,
2016-03-17,picc,facility,980,0,1029,49,0,0,0,0,0,0,0,0,0,0,0,
2016-03-17,pdp_in_facility,facility,6257,646,6960,49,0,0,0,0,0,4,0,2,2,0,0,
2016-03-17,pdp_headcount_nif,summary,6312,648,6960,,,,,,,,,,,,,
2016-03-17,pdp_headcount_nif_oj,summary,7430,823,7038,,,,,,,,,,,,,"males + females = 8253, published total 7038"
2016-03-17,rcf,facility,0,634,636,0,0,0,0,0,0,0,0,0,2,0,0,
2016-03-17,roth,summary,32,2,34,,,,,,,,,,,,,
2016-03-17,state_doc,summary,0,0,0,,,,,,,,,,,,,
2016-03-17,total,summary,6738,653,7391,,,,,,,,,,,,,
2016-03-17,in_facility_total,summary,6306,646,6952,,,0,0,,,8,0,,,,,
2016-03-17,weekenders,facility,0,1,1,0,0,0,0,0,0,0,0,0,0,0,0,
2016-03-23,asd_cannery,facility,0,0,0,0,0,0,0,0,0,0,0,0,0,0,0,
2016-03-23,asd_wrp,facility,0,0,0,0,0,0,0,0,0,0,0,0,0,0,0,
2016-03-23,asd_asdcu,facility,139,8,148,0,0,1,0,0,0,0,0,0,0,0,0,
2016-03-23,asd_cambria,facility,213,0,213,0,0,0,0,0,0,0,0,0,0,0,0,
2016-03-23,asd_mod3,facility,0,0,0,0,0,0,0,0,0,0,0,0,0,0,0,
2016-03-23,cec,summary,289,0,289,,,,,,,,,,,,,
2016-03-23,cfcf,facility,2695,0,2699,0,0,0,0,0,0,4,0,0,0,0,0,
2016-03-23,dc,facility,894,0,896,0,0,0,0,0,0,2,0,0,0,0,0,
2016-03-23,dc_phsw,facility,46,5,53,0,0,0,0,0,0,1,1,0,0,0,0,
2016-03-23,delaware_county,summary,0,0,0,,,,,,,,,,,,,
2016-03-23,hoc,facility,1289,0,1289,0,0,0,0,0,0,0,0,0,0,0,0,
2016-03-23,lehigh_county,summary,42,1,43,,,,,,,,,,,,,
2016-03-23,nif_total,summary,8,3,11,,,,,,,,,,,,,
2016-03-23,other_jurisdictions,summary,60,3,63,,,,,,,,,,,,,
2016-03-23,out_of_county,summary,0,0,0,,,,,,,,,,,,,
2016-03-23,picc,facility,993,0,1043,50,0,0,0,0,0,0,0,0,0,0,0,
2016-03-23,pdp_in_facility,facility,6269,636,6966,50,0,1,0,0,0,7,3,0,0,0,0,
2016-03-23,pdp_headcount_nif,summary,6327,639,6966,,,,,,,,,,,,,
2016-03-23,pdp_headcount_nif_oj,summary,7430,823,7029,,,,,,,,,,,,,"males + females = 8253, published total 7029"
2016-03-23,rcf,facility,0,622,624,0,0,0,0,0,0,0,2,0,0,0,0,
2016-03-23,roth,summary,25,1,26,,,,,,,,,,,,,
2016-03-23,state_doc,summary,0,0,0,,,,,,,,,,,,,
2016-03-23,total,summary,6745,644,7389,,,,,,,,,,,,,
2016-03-23,in_facility_total,summary,6319,636,6955,,,2,0,,,14,6,,,,,
2016-03-23,weekenders,facility,0,1,1,0,0,0,0,0,0,0,0,0,0,0,0,
2016-03-31,asd_cannery,facility,0,0,0,0,0,0,0,0,0,0,0,0,0,0,0,
2016-03-31,asd_wrp,facility,0,0,0,0,0,0,0,0,0,0,0,0,0,0,0,
2016-03-31,asd_asdcu,facility,139,8,147,0,0,0,0,0,0,0,0,0,0,0,0,
2016-03-31,asd_cambria,facility,227,0,227,0,0,0,0,0,0,0,0,0,0,0,0,
2016-03-31,asd_mod3,facility,0,0,0,0,0,0,0,0,0,0,0,0,0,0,0,
2016-03-31,cec,summary,285,0,285,,,,,,,,,,,,,
2016-03-31,cfcf,facility,2743,0,2745,0,0,0,0,0,0,2,0,0,0,0,0,
2016-03-31,dc,facility,962,0,962,0,0,0,0,0,0,0,0,0,0,0,0,
2016-03-31,dc_phsw,facility,41,2,44,0,0,0,0,0,0,1,0,0,0,0,0,
2016-03-31,delaware_county,summary,0,0,0,,,,,,,,,,,,,
2016-03-31,hoc,facility,1267,0,1267,0,0,0,0,0,0,0,0,0,0,0,0,
2016-03-31,lehigh_county,summary,43,1,44,,,,,,,,,,,,,
2016-03-31,nif_total,summary,3,2,5,,,,,,,,,,,,,
2016-03-31,other_jurisdictions,summary,67,2,69,,,,,,,,,,,,,
2016-03-31,out_of_county,summary,0,0,0,,,,,,,,,,,,,
2016-03-31,picc,facility,1007,0,1056,49,0,0,0,0,0,0,0,0,0,0,0,
2016-03-31,pdp_in_facility,facility,6386,640,7080,49,0,0,0,0,0,3,2,0,0,0,0,
2016-03-31,pdp_headcount_nif,summary,6438,642,7080,,,,,,,,,,,,,
2016-03-31,pdp_headcount_nif_oj,summary,7430,823,7149,,,,,,,,,,,,,"males + females = 8253, published total 7149"
2016-03-31,rcf,facility,0,629,631,0,0,0,0,0,0,0,2,0,0,0,0,
2016-03-31,roth,summary,23,1,24,,,,,,,,,,,,,
2016-03-31,state_doc,summary,0,0,0,,,,,,,,,,,,,
2016-03-31,total,summary,6858,646,7504,,,,,,,,,,,,,
2016-03-31,in_facility_total,summary,6435,640,7075,,,0,0,,,6,4,,,,,
2016-03-31,weekenders,facility,0,1,1,0,0,0,0,0,0,0,0,0,0,0,0,
2016-04-05,asd_cannery,facility,0,0,0,0,0,0,0,0,0,0,0,0,0,0,0,
2016-04-05,asd_wrp,facility,0,0,0,0,0,0,0,0,0,0,0,0,0,0,0,
2016-04-05,asd_asdcu,facility,130,8,141,0,0,3,0,0,0,0,0,0,0,0,0,
2016-04-05,asd_cambria,facility,229,0,229,0,0,0,0,0,0,0,0,0,0,0,0,
2016-04-05,asd_mod3,facility,0,0,0,0,0,0,0,0,0,0,0,0,0,0,0,
2016-04-05,cec,summary,287,0,287,,,,,,,,,,,,,
2016-04-05,cfcf,facility,2748,0,2752,0,0,0,0,0,0,4,0,0,0,0,0,
2016-04-05,dc,facility,957,0,958,0,0,0,0,0,0,1,0,0,0,0,0,
2016-04-05,dc_phsw,facility,45,3,50,1,0,0,0,0,0,1,0,0,0,0,0,
2016-04-05,delaware_county,summary,0,0,0,,,,,,,,,,,,,
2016-04-05,hoc,facility,1273,0,1273,0,0,0,0,0,0,0,0,0,0,0,0,
2016-04-05,lehigh_county,summary,40,1,41,,,,,,,,,,,,,
2016-04-05,nif_total,summary,9,0,9,,,,,,,,,,,,,
2016-04-05,other_jurisdictions,summary,70,3,73,,,,,,,,,,,,,
2016-04-05,out_of_county,summary,0,0,0,,,,,,,,,,,,,
2016-04-05,picc,facility,992,0,1040,48,0,0,0,0,0,0,0,0,0,0,0,
2016-04-05,pdp_in_facility,facility,6374,625,7057,49,0,3,0,0,0,6,0,0,0,0,0,
2016-04-05,pdp_headcount_nif,summary,6432,625,7057,,,,,,,,,,,,,
2016-04-05,pdp_headcount_nif_oj,summary,7430,823,7130,,,,,,,,,,,,,"males + females = 8253, published total 7130"
2016-04-05,rcf,facility,0,614,614,0,0,0,0,0,0,0,0,0,0,0,0,
2016-04-05,roth,summary,23,1,24,,,,,,,,,,,,,
2016-04-05,state_doc,summary,0,0,0,,,,,,,,,,,,,
2016-04-05,total,summary,6854,630,7484,,,,,,,,,,,,,
2016-04-05,in_facility_total,summary,6423,625,7048,,,6,0,,,12,0,,,,,
2016-04-05,weekenders,facility,0,0,0,0,0,0,0,0,0,0,0,0,0,0,0,
2016-04-12,asd_cannery,facility,0,0,0,0,0,0,0,0,0,0,0,0,0,0,0,
2016-04-12,asd_wrp,facility,0,0,0,0,0,0,0,0,0,0,0,0,0,0,0,
2016-04-12,asd_asdcu,facility,139,9,150,0,0,2,0,0,0,0,0,0,0,0,0,
2016-04-12,asd_cambria,facility,233,0,233,0,0,0,0,0,0,0,0,0,0,0,0,
2016-04-12,asd_mod3,facility,0,0,0,0,0,0,0,0,0,0,0,0,0,0,0,
2016-04-12,cec,summary,299,0,299,,,,,,,,,,,,,
2016-04-12,cfcf,facility,2740,0,2742,0,0,0,0,0,0,2,0,0,0,0,0,
2016-04-12,dc,facility,976,0,977,0,0,0,0,0,0,1,0,0,0,0,0,
2016-04-12,dc_phsw,facility,46,1,48,1,0,0,0,0,0,0,0,0,0,0,0,
2016-04-12,delaware_county,summary,0,0,0,,,,,,,,,,,,,
2016-04-12,hoc,facility,1256,0,1256,0,0,0,0,0,0,0,0,0,0,0,0,
2016-04-12,lehigh_county,summary,38,1,39,,,,,,,,,,,,,
2016-04-12,nif_total,summary,5,0,5,,,,,,,,,,,,,
2016-04-12,other_jurisdictions,summary,71,3,74,,,,,,,,,,,,,
2016-04-12,out_of_county,summary,0,0,0,,,,,,,,,,,,,
2016-04-12,picc,facility,969,0,1018,49,0,0,0,0,0,0,0,0,0,0,0,
2016-04-12,pdp_in_facility,facility,6359,602,7016,50,0,2,0,0,0,3,0,0,0,0,0,
2016-04-12,pdp_headcount_nif,summary,6414,602,7016,,,,,,,,,,,,,
2016-04-12,pdp_headcount_nif_oj,summary,7430,823,7090,,,,,,,,,,,,,"males + females = 8253, published total 7090"
2016-04-12,rcf,facility,0,592,592,0,0,0,0,0,0,0,0,0,0,0,0,
2016-04-12,roth,summary,21,1,22,,,,,,,,,,,,,
2016-04-12,state_doc,summary,0,0,0,,,,,,,,,,,,,
2016-04-12,total,summary,6845,607,7452,,,,,,,,,,,,,
2016-04-12,in_facility_total,summary,6409,602,7011,,,4,0,,,6,0,,,,,
2016-04-12,weekenders,facility,0,0,0,0,0,0,0,0,0,0,0,0,0,0,0,
2016-04-17,asd_cannery,facility,0,0,0,0,0,0,0,0,0,0,0,0,0,0,0,
2016-04-17,asd_wrp,facility,0,0,0,0,0,0,0,0,0,0,0,0,0,0,0,
2016-04-17,asd_asdcu,facility,125,9,136,0,0,1,0,0,0,0,0,1,0,0,0,
2016-04-17,asd_cambria,facility,224,0,224,0,0,0,0,0,0,0,0,0,0,0,0,
2016-04-17,asd_mod3,facility,0,0,0,0,0,0,0,0,0,0,0,0,0,0,0,
2016-04-17,cec,summary,299,0,299,,,,,,,,,,,,,
2016-04-17,cfcf,facility,2769,0,2770,0,0,0,0,0,0,1,0,0,0,0,0,
2016-04-17,dc,facility,1031,0,1031,0,0,0,0,0,0,0,0,0,0,0,0,
2016-04-17,dc_phsw,facility,49,3,53,1,0,0,0,0,0,0,0,0,0,0,0,
2016-04-17,delaware_county,summary,0,0,0,,,,,,,,,,,,,
2016-04-17,hoc,facility,1243,0,1243,0,0,0,0,0,0,0,0,0,0,0,0,
2016-04-17,lehigh_county,summary,37,1,38,,,,,,,,,,,,,
2016-04-17,nif_total,summary,3,0,3,,,,,,,,,,,,,
2016-04-17,other_jurisdictions,summary,63,2,65,,,,,,,,,,,,,
2016-04-17,out_of_county,summary,0,0,0,,,,,,,,,,,,,
2016-04-17,picc,facility,969,0,1015,46,0,0,0,0,0,0,0,0,0,0,0,
2016-04-17,pdp_in_facility,facility,6425,611,7086,47,0,1,0,0,0,1,0,1,0,0,0,
2016-04-17,pdp_headcount_nif,summary,6475,611,7086,,,,,,,,,,,,,
2016-04-17,pdp_headcount_nif_oj,summary,7430,823,7151,,,,,,,,,,,,,"males + females = 8253, published total 7151"
2016-04-17,rcf,facility,0,594,594,0,0,0,0,0,0,0,0,0,0,0,0,
2016-04-17,roth,summary,21,1,22,,,,,,,,,,,,,
2016-04-17,state_doc,summary,0,0,0,,,,,,,,,,,,,
2016-04-17,total,summary,6897,615,7512,,,,,,,,,,,,,
2016-04-17,in_facility_total,summary,6472,611,7083,,,2,0,,,2,0,,,,,
2016-04-17,weekenders,facility,15,5,20,0,0,0,0,0,0,0,0,0,0,0,0,
2016-04-18,asd_cannery,facility,0,0,0,0,0,0,0,0,0,0,0,0,0,0,0,
2016-04-18,asd_wrp,facility,0,0,0,0,0,0,0,0,0,0,0,0,0,0,0,
2016-04-18,asd_asdcu,facility,125,9,136,0,0,2,0,0,0,0,0,0,0,0,0,
2016-04-18,asd_cambria,facility,238,0,238,0,0,0,0,0,0,0,0,0,0,0,0,
2016-04-18,asd_mod3,facility,0,0,0,0,0,0,0,0,0,0,0,0,0,0,0,
2016-04-18,cec,summary,293,0,293,,,,,,,,,,,,,
2016-04-18,cfcf,facility,2734,0,2737,0,0,0,0,0,0,1,0,2,0,0,0,
2016-04-18,dc,facility,1019,0,1019,0,0,0,0,0,0,0,0,0,0,0,0,
2016-04-18,dc_phsw,facility,44,2,47,1,0,0,0,0,0,0,0,0,0,0,0,
2016-04-18,delaware_county,summary,0,0,0,,,,,,,,,,,,,
2016-04-18,hoc,facility,1252,0,1252,0,0,0,0,0,0,0,0,0,0,0,0,
2016-04-18,lehigh_county,summary,37,1,38,,,,,,,,,,,,,
2016-04-18,nif_total,summary,5,0,5,,,,,,,,,,,,,
2016-04-18,other_jurisdictions,summary,63,2,65,,,,,,,,,,,,,
2016-04-18,out_of_county,summary,0,0,0,,,,,,,,,,,,,
2016-04-18,picc,facility,977,0,1023,46,0,0,0,0,0,0,0,0,0,0,0,
2016-04-18,pdp_in_facility,facility,6391,610,7053,47,0,2,0,0,0,1,0,2,0,0,0,
2016-04-18,pdp_headcount_nif,summary,6443,610,7053,,,,,,,,,,,,,
2016-04-18,pdp_headcount_nif_oj,summary,7430,823,7118,,,,,,,,,,,,,"males + females = 8253, published total 7118"
2016-04-18,rcf,facility,0,598,598,0,0,0,0,0,0,0,0,0,0,0,0,
2016-04-18,roth,summary,21,1,22,,,,,,,,,,,,,
2016-04-18,state_doc,summary,0,0,0,,,,,,,,,,,,,
2016-04-18,total,summary,6859,614,7473,,,,,,,,,,,,,
2016-04-18,in_facility_total,summary,6438,610,7048,,,4,0,,,2,0,,,,,
2016-04-18,weekenders,facility,2,1,3,0,0,0,0,0,0,0,0,0,0,0,0,
2016-04-26,asd_cannery,facility,0,0,0,0,0,0,0,0,0,0,0,0,0,0,0,
2016-04-26,asd_wrp,facility,0,0,0,0,0,0,0,0,0,0,0,0,0,0,0,
2016-04-26,asd_asdcu,facility,126,8,137,0,0,2,0,0,0,0,0,1,0,0,0,
2016-04-26,asd_cambria,facility,230,0,230,0,0,0,0,0,0,0,0,0,0,0,0,
2016-04-26,asd_mod3,facility,0,0,0,0,0,0,0,0,0,0,0,0,0,0,0,
2016-04-26,cec,summary,295,0,295,,,,,,,,,,,,,
2016-04-26,cfcf,facility,2689,0,2691,0,0,0,0,0,0,2,0,0,0,0,0,
2016-04-26,dc,facility,1071,0,1071,0,0,0,0,0,0,0,0,0,0,0,0,
2016-04-26,dc_phsw,facility,46,2,48,0,0,0,0,0,0,0,0,0,0,0,0,
2016-04-26,delaware_county,summary,0,0,0,,,,,,,,,,,,,
2016-04-26,hoc,facility,1222,0,1222,0,0,0,0,0,0,0,0,0,0,0,0,
2016-04-26,lehigh_county,summary,41,1,42,,,,,,,,,,,,,
2016-04-26,nif_total,summary,5,2,7,,,,,,,,,,,,,
2016-04-26,other_jurisdictions,summary,71,5,76,,,,,,,,,,,,,
2016-04-26,out_of_county,summary,0,0,0,,,,,,,,,,,,,
2016-04-26,picc,facility,1001,0,1046,45,0,0,0,0,0,0,0,0,0,0,0,
2016-04-26,pdp_in_facility,facility,6385,613,7050,45,0,2,0,0,0,2,2,1,0,0,0,
2016-04-26,pdp_headcount_nif,summary,6435,615,7050,,,,,,,,,,,,,
2016-04-26,pdp_headcount_nif_oj,summary,7430,823,7126,,,,,,,,,,,,,"males + females = 8253, published total 7126"
2016-04-26,rcf,facility,0,603,605,0,0,0,0,0,0,0,2,0,0,0,0,
2016-04-26,roth,summary,20,1,21,,,,,,,,,,,,,
2016-04-26,state_doc,summary,0,0,0,,,,,,,,,,,,,
2016-04-26,total,summary,6863,622,7485,,,,,,,,,,,,,
2016-04-26,in_facility_total,summary,6430,613,7043,,,4,0,,,4,4,,,,,
2016-04-26,weekenders,facility,0,0,0,0,0,0,0,0,0,0,0,0,0,0,0,
2016-04-27,asd_cannery,facility,0,0,0,0,0,0,0,0,0,0,0,0,0,0,0,
2016-04-27,asd_wrp,facility,0,0,0,0,0,0,0,0,0,0,0,0,0,0,0,
2016-04-27,asd_asdcu,facility,127,8,137,0,0,1,0,0,0,1,0,0,0,0,0,
2016-04-27,asd_cambria,facility,229,0,229,0,0,0,0,0,0,0,0,0,0,0,0,
2016-04-27,asd_mod3,facility,0,0,0,0,0,0,0,0,0,0,0,0,0,0,0,
2016-04-27,cec,summary,288,0,288,,,,,,,,,,,,,
2016-04-27,cfcf,facility,2679,0,2680,0,0,0,0,0,0,1,0,0,0,0,0,
2016-04-27,dc,facility,1073,0,1074,0,0,0,0,0,0,0,0,1,0,0,0,
2016-04-27,dc_phsw,facility,45,1,46,0,0,0,0,0,0,0,0,0,0,0,0,
2016-04-27,delaware_county,summary,0,0,0,,,,,,,,,,,,,
2016-04-27,hoc,facility,1221,0,1221,0,0,0,0,0,0,0,0,0,0,0,0,
2016-04-27,lehigh_county,summary,42,1,43,,,,,,,,,,,,,
2016-04-27,nif_total,summary,5,3,8,,,,,,,,,,,,,
2016-04-27,other_jurisdictions,summary,72,5,77,,,,,,,,,,,,,
2016-04-27,out_of_county,summary,0,0,0,,,,,,,,,,,,,
2016-04-27,picc,facility,1001,0,1047,45,0,0,0,0,0,1,0,0,0,0,0,
2016-04-27,pdp_in_facility,facility,6375,614,7042,45,0,1,0,0,0,3,3,1,0,0,0,
2016-04-27,pdp_headcount_nif,summary,6425,617,7042,,,,,,,,,,,,,
2016-04-27,pdp_headcount_nif_oj,summary,7430,823,7119,,,,,,,,,,,,,"males + females = 8253, published total 7119"
2016-04-27,rcf,facility,0,604,607,0,0,0,0,0,0,0,3,0,0,0,0,
2016-04-27,roth,summary,20,1,21,,,,,,,,,,,,,
2016-04-27,state_doc,summary,0,0,0,,,,,,,,,,,,,
2016-04-27,total,summary,6848,624,7472,,,,,,,,,,,,,
2016-04-27,in_facility_total,summary,6420,614,7034,,,2,0,,,6,6,,,,,
2016-04-27,weekenders,facility,0,1,1,0,0,0,0,0,0,0,0,0,0,0,0,
2016-05-03,asd_cannery,facility,0,0,0,0,0,0,0,0,0,0,0,0,0,0,0,
2016-05-03,asd_wrp,facility,0,0,0,0,0,0,0,0,0,0,0,0,0,0,0,
2016-05-03,asd_asdcu,facility,150,7,160,0,0,2,0,0,0,1,0,0,0,0,0,
2016-05-03,asd_cambria,facility,231,0,231,0,0,0,0,0,0,0,0,0,0,0,0,
2016-05-03,asd_mod3,facility,0,0,0,0,0,0,0,0,0,0,0,0,0,0,0,
2016-05-03,cec,summary,291,0,291,,,,,,,,,,,,,
2016-05-03,cfcf,facility,2733,0,2735,0,0,0,0,0,0,2,0,0,0,0,0,
2016-05-03,dc,facility,1050,0,1050,0,0,0,0,0,0,0,0,0,0,0,0,
2016-05-03,dc_phsw,facility,38,3,41,0,0,0,0,0,0,0,0,0,0,0,0,
2016-05-03,delaware_county,summary,0,0,0,,,,,,,,,,,,,
2016-05-03,hoc,facility,1220,0,1220,0,0,0,0,0,0,0,0,0,0,0,0,
2016-05-03,lehigh_county,summary,42,1,43,,,,,,,,,,,,,
2016-05-03,nif_total,summary,5,0,5,,,,,,,,,,,,,
2016-05-03,other_jurisdictions,summary,73,5,78,,,,,,,,,,,,,
2016-05-03,out_of_county,summary,0,0,0,,,,,,,,,,,,,
2016-05-03,picc,facility,981,0,1024,43,0,0,0,0,0,0,0,0,0,0,0,
2016-05-03,pdp_in_facility,facility,6403,634,7085,43,0,2,0,0,0,3,0,0,0,0,0,
2016-05-03,pdp_headcount_nif,summary,6451,634,7085,,,,,,,,,,,,,
2016-05-03,pdp_headcount_nif_oj,summary,7430,823,7163,,,,,,,,,,,,,"males + females = 8253, published total 7163"
2016-05-03,rcf,facility,0,624,624,0,0,0,0,0,0,0,0,0,0,0,0,
2016-05-03,roth,summary,19,1,20,,,,,,,,,,,,,
2016-05-03,state_doc,summary,0,0,0,,,,,,,,,,,,,
2016-05-03,total,summary,6876,641,7517,,,,,,,,,,,,,
2016-05-03,in_facility_total,summary,6446,634,7080,,,4,0,,,6,0,,,,,
2016-05-03,weekenders,facility,0,0,0,0,0,0,0,0,0,0,0,0,0,0,0,
2016-05-10,asd_cannery,facility,0,0,0,0,0,0,0,0,0,0,0,0,0,0,0,
2016-05-10,asd_wrp,facility,0,0,0,0,0,0,0,0,0,0,0,0,0,0,0,
2016-05-10,asd_asdcu,facility,167,7,176,0,0,2,0,0,0,0,0,0,0,0,0,
2016-05-10,asd_cambria,facility,230,0,230,0,0,0,0,0,0,0,0,0,0,0,0,
2016-05-10,asd_mod3,facility,0,0,0,0,0,0,0,0,0,0,0,0,0,0,0,
2016-05-10,cec,summary,297,0,297,,,,,,,,,,,,,
2016-05-10,cfcf,facility,2759,0,2761,0,0,0,0,0,0,1,0,1,0,0,0,
2016-05-10,dc,facility,1027,0,1029,0,0,0,0,0,0,1,0,1,0,0,0,
2016-05-10,dc_phsw,facility,46,4,51,0,0,0,0,0,0,0,1,0,0,0,0,
2016-05-10,delaware_county,summary,0,0,0,,,,,,,,,,,,,
2016-05-10,hoc,facility,1181,0,1181,0,0,0,0,0,0,0,0,0,0,0,0,
2016-05-10,lehigh_county,summary,40,1,41,,,,,,,,,,,,,
2016-05-10,nif_total,summary,6,4,10,,,,,,,,,,,,,
2016-05-10,other_jurisdictions,summary,67,2,69,,,,,,,,,,,,,
2016-05-10,out_of_county,summary,0,0,0,,,,,,,,,,,,,
2016-05-10,picc,facility,963,0,1007,44,0,0,0,0,0,0,0,0,0,0,0,
2016-05-10,pdp_in_facility,facility,6373,633,7061,44,1,2,0,0,0,2,3,2,1,0,0,
2016-05-10,pdp_headcount_nif,summary,6423,638,7061,,,,,,,,,,,,,
2016-05-10,pdp_headcount_nif_oj,summary,7430,823,7130,,,,,,,,,,,,,"males + females = 8253, published total 7130"
2016-05-10,rcf,facility,0,622,626,0,1,0,0,0,0,0,2,0,1,0,0,
2016-05-10,roth,summary,23,1,24,,,,,,,,,,,,,
2016-05-10,state_doc,summary,0,0,0,,,,,,,,,,,,,
2016-05-10,total,summary,6850,642,7492,,,,,,,,,,,,,
2016-05-10,in_facility_total,summary,6417,634,7051,,,4,0,,,4,6,,,,,
2016-05-10,weekenders,facility,0,0,0,0,0,0,0,0,0,0,0,0,0,0,0,
2016-05-24,asd_cannery,facility,0,0,0,0,0,0,0,0,0,0,0,0,0,0,0,
2016-05-24,asd_wrp,facility,0,0,0,0,0,0,0,0,0,0,0,0,0,0,0,
2016-05-24,asd_asdcu,facility,155,5,160,0,0,0,0,0,0,0,0,0,0,0,0,
2016-05-24,asd_cambria,facility,225,0,225,0,0,0,0,0,0,0,0,0,0,0,0,
2016-05-24,asd_mod3,facility,0,0,0,0,0,0,0,0,0,0,0,0,0,0,0,
2016-05-24,cec,summary,300,0,300,,,,,,,,,,,,,
2016-05-24,cfcf,facility,2753,0,2756,0,0,0,0,0,0,1,0,2,0,0,0,
2016-05-24,dc,facility,1063,0,1066,0,0,0,0,0,0,3,0,0,0,0,0,
2016-05-24,dc_phsw,facility,40,6,47,0,0,0,0,0,0,1,0,0,0,0,0,
2016-05-24,delaware_county,summary,0,0,0,,,,,,,,,,,,,
2016-05-24,hoc,facility,1156,0,1156,0,0,0,0,0,0,0,0,0,0,0,0,
2016-05-24,lehigh_county,summary,39,1,40,,,,,,,,,,,,,
2016-05-24,nif_total,summary,7,1,8,,,,,,,,,,,,,
2016-05-24,other_jurisdictions,summary,51,3,54,,,,,,,,,,,,,
2016-05-24,out_of_county,summary,0,0,0,,,,,,,,,,,,,
2016-05-24,picc,facility,986,0,1021,35,0,0,0,0,0,0,0,0,0,0,0,
2016-05-24,pdp_in_facility,facility,6378,626,7048,35,1,0,0,0,0,5,1,2,0,0,0,
2016-05-24,pdp_headcount_nif,summary,6420,628,7048,,,,,,,,,,,,,
2016-05-24,pdp_headcount_nif_oj,summary,7430,823,7102,,,,,,,,,,,,,"males + females = 8253, published total 7102"
2016-05-24,rcf,facility,0,615,617,0,1,0,0,0,0,0,1,0,0,0,0,
2016-05-24,roth,summary,30,3,33,,,,,,,,,,,,,
2016-05-24,state_doc,summary,0,0,0,,,,,,,,,,,,,
2016-05-24,total,summary,6840,635,7475,,,,,,,,,,,,,
2016-05-24,in_facility_total,summary,6413,627,7040,,,0,0,,,10,2,,,,,
2016-05-24,weekenders,facility,0,0,0,0,0,0,0,0,0,0,0,0,0,0,0,
2016-05-30,asd_cannery,facility,0,0,0,0,0,0,0,0,0,0,0,0,0,0,0,
2016-05-30,asd_wrp,facility,0,0,0,0,0,0,0,0,0,0,0,0,0,0,0,
2016-05-30,asd_asdcu,facility,143,4,147,0,0,0,0,0,0,0,0,0,0,0,0,
2016-05-30,asd_cambria,facility,225,0,226,0,0,0,0,0,0,0,0,1,0,0,0,
2016-05-30,asd_mod3,facility,0,0,0,0,0,0,0,0,0,0,0,0,0,0,0,
2016-05-30,cec,summary,296,0,296,,,,,,,,,,,,,
2016-05-30,cfcf,facility,2747,0,2750,0,0,0,0,0,0,3,0,0,0,0,0,
2016-05-30,dc,facility,1136,0,1138,0,0,0,0,0,0,2,0,0,0,0,0,
2016-05-30,dc_phsw,facility,47,6,54,0,0,0,0,0,0,1,0,0,0,0,0,
2016-05-30,delaware_county,summary,0,0,0,,,,,,,,,,,,,
2016-05-30,hoc,facility,1148,0,1148,0,0,0,0,0,0,0,0,0,0,0,0,
2016-05-30,lehigh_county,summary,37,1,38,,,,,,,,,,,,,
2016-05-30,nif_total,summary,8,3,11,,,,,,,,,,,,,
2016-05-30,other_jurisdictions,summary,51,5,56,,,,,,,,,,,,,
2016-05-30,out_of_county,summary,0,0,0,,,,,,,,,,,,,
2016-05-30,picc,facility,993,0,1031,37,0,0,0,0,0,1,0,0,0,0,0,
2016-05-30,pdp_in_facility,facility,6442,661,7152,37,1,0,0,0,0,7,2,1,1,0,0,
2016-05-30,pdp_headcount_nif,summary,6487,665,7152,,,,,,,,,,,,,
2016-05-30,pdp_headcount_nif_oj,summary,7430,823,7208,,,,,,,,,,,,,"males + females = 8253, published total 7208"
2016-05-30,rcf,facility,0,651,655,0,1,0,0,0,0,0,2,0,1,0,0,
2016-05-30,roth,summary,29,3,32,,,,,,,,,,,,,
2016-05-30,state_doc,summary,0,0,0,,,,,,,,,,,,,
2016-05-30,total,summary,6900,674,7574,,,,,,,,,,,,,
2016-05-30,in_facility_total,summary,6479,662,7141,,,0,0,,,14,4,,,,,
2016-05-30,weekenders,facility,3,0,3,0,0,0,0,0,0,0,0,0,0,0,0,
2016-06-02,asd_cannery,facility,0,0,0,0,0,0,0,0,0,0,0,0,0,0,0,
2016-06-02,asd_wrp,facility,0,0,0,0,0,0,0,0,0,0,0,0,0,0,0,
2016-06-02,asd_asdcu,facility,137,4,141,0,0,0,0,0,0,0,0,0,0,0,0,
2016-06-02,asd_cambria,facility,216,0,216,0,0,0,0,0,0,0,0,0,0,0,0,
2016-06-02,asd_mod3,facility,0,0,0,0,0,0,0,0,0,0,0,0,0,0,0,
2016-06-02,cec,summary,280,0,280,,,,,,,,,,,,,
2016-06-02,cfcf,facility,2718,0,2720,0,0,0,0,0,0,2,0,0,0,0,0,
2016-06-02,dc,facility,1112,0,1114,0,0,0,0,0,0,2,0,0,0,0,0,
2016-06-02,dc_phsw,facility,39,6,46,0,0,0,0,0,0,0,0,1,0,0,0,
2016-06-02,delaware_county,summary,0,0,0,,,,,,,,,,,,,
2016-06-02,hoc,facility,1149,0,1150,0,0,0,0,0,0,0,0,1,0,0,0,
2016-06-02,lehigh_county,summary,36,1,37,,,,,,,,,,,,,
2016-06-02,nif_total,summary,7,1,8,,,,,,,,,,,,,
2016-06-02,other_jurisdictions,summary,52,5,57,,,,,,,,,,,,,
2016-06-02,out_of_county,summary,0,0,0,,,,,,,,,,,,,
2016-06-02,picc,facility,1014,0,1052,37,0,0,0,0,0,1,0,0,0,0,0,
2016-06-02,pdp_in_facility,facility,6385,644,7075,37,1,0,0,0,0,5,1,2,0,0,0,
2016-06-02,pdp_headcount_nif,summary,6429,646,7075,,,,,,,,,,,,,
2016-06-02,pdp_headcount_nif_oj,summary,7430,823,7132,,,,,,,,,,,,,"males + females = 8253, published total 7132"
2016-06-02,rcf,facility,0,634,636,0,1,0,0,0,0,0,1,0,0,0,0,
2016-06-02,roth,summary,27,3,30,,,,,,,,,,,,,
2016-06-02,state_doc,summary,0,0,0,,,,,,,,,,,,,
2016-06-02,total,summary,6824,655,7479,,,,,,,,,,,,,
2016-06-02,in_facility_total,summary,6422,645,7067,,,0,0,,,10,2,,,,,
2016-06-02,weekenders,facility,0,0,0,0,0,0,0,0,0,0,0,0,0,0,0,
2016-06-07,asd_cannery,facility,0,0,0,0,0,0,0,0,0,0,0,0,0,0,0,
2016-06-07,asd_wrp,facility,0,0,0,0,0,0,0,0,0,0,0,0,0,0,0,
2016-06-07,asd_asdcu,facility,136,5,141,0,0,0,0,0,0,0,0,0,0,0,0,
2016-06-07,asd_cambria,facility,211,0,211,0,0,0,0,0,0,0,0,0,0,0,0,
2016-06-07,asd_mod3,facility,0,0,0,0,0,0,0,0,0,0,0,0,0,0,0,
2016-06-07,cec,summary,299,0,299,,,,,,,,,,,,,
2016-06-07,cfcf,facility,2745,0,2746,0,0,0,0,0,0,1,0,0,0,0,0,
2016-06-07,dc,facility,1137,0,1138,0,0,0,0,0,0,1,0,0,0,0,0,
2016-06-07,dc_phsw,facility,37,5,43,0,0,0,0,0,0,0,0,1,0,0,0,
2016-06-07,delaware_county,summary,0,0,0,,,,,,,,,,,,,
2016-06-07,hoc,facility,1152,0,1152,0,0,0,0,0,0,0,0,0,0,0,0,
2016-06-07,lehigh_county,summary,35,1,37,,,,,,,,,,,,,"males + females = 36, published total 37"
2016-06-07,nif_total,summary,4,2,6,,,,,,,,,,,,,
2016-06-07,other_jurisdictions,summary,54,7,61,,,,,,,,,,,,,
2016-06-07,out_of_county,summary,0,0,0,,,,,,,,,,,,,
2016-06-07,picc,facility,1005,0,1041,35,0,0,0,0,0,1,0,0,0,0,0,
2016-06-07,pdp_in_facility,facility,6423,647,7112,35,1,0,0,0,0,3,1,1,1,0,0,
2016-06-07,pdp_headcount_nif,summary,6462,650,7112,,,,,,,,,,,,,
2016-06-07,pdp_headcount_nif_oj,summary,7430,823,7173,,,,,,,,,,,,,"males + females = 8253, published total 7173"
2016-06-07,rcf,facility,0,637,640,0,1,0,0,0,0,0,1,0,1,0,0,
2016-06-07,roth,summary,26,3,29,,,,,,,,,,,,,
2016-06-07,state_doc,summary,0,0,0,,,,,,,,,,,,,
2016-06-07,total,summary,6876,661,7537,,,,,,,,,,,,,
2016-06-07,in_facility_total,summary,6458,648,7106,,,0,0,,,6,2,,,,,
2016-06-07,weekenders,facility,0,0,0,0,0,0,0,0,0,0,0,0,0,0,0,
2016-06-08,asd_cannery,facility,0,0,0,0,0,0,0,0,0,0,0,0,0,0,0,
2016-06-08,asd_wrp,facility,0,0,0,0,0,0,0,0,0,0,0,0,0,0,0,
2016-06-08,asd_asdcu,facility,134,5,139,0,0,0,0,0,0,0,0,0,0,0,0,
2016-06-08,asd_cambria,facility,208,0,208,0,0,0,0,0,0,0,0,0,0,0,0,
2016-06-08,asd_mod3,facility,0,0,0,0,0,0,0,0,0,0,0,0,0,0,0,
2016-06-08,cec,summary,297,0,297,,,,,,,,,,,,,
2016-06-08,cfcf,facility,2746,0,2748,0,0,0,0,0,0,2,0,0,0,0,0,
2016-06-08,dc,facility,1140,0,1141,0,0,0,0,0,0,1,0,0,0,0,0,
2016-06-08,dc_phsw,facility,37,3,40,0,0,0,0,0,0,0,0,0,0,0,0,
2016-06-08,delaware_county,summary,0,0,0,,,,,,,,,,,,,
2016-06-08,hoc,facility,1138,0,1138,0,0,0,0,0,0,0,0,0,0,0,0,
2016-06-08,lehigh_county,summary,36,1,37,,,,,,,,,,,,,
2016-06-08,nif_total,summary,5,1,6,,,,,,,,,,,,,
2016-06-08,other_jurisdictions,summary,49,6,55,,,,,,,,,,,,,
2016-06-08,out_of_county,summary,0,0,0,,,,,,,,,,,,,
2016-06-08,pdp_in_facility,facility,6402,641,7086,36,1,0,0,0,0,5,1,0,0,0,0,
2016-06-08,pdp_headcount_nif,summary,6443,643,7086,,,,,,,,,,,,,
2016-06-08,pdp_headcount_nif_oj,summary,7430,823,7141,,,,,,,,,,,,,"males + females = 8253, published total 7141"
2016-06-08,picc,facility,999,0,1037,36,0,0,0,0,0,2,0,0,0,0,0,
2016-06-08,rcf,facility,0,633,635,0,1,0,0,0,0,0,1,0,0,0,0,
2016-06-08,roth,summary,27,3,30,,,,,,,,,,,,,
2016-06-08,state_doc,summary,0,0,0,,,,,,,,,,,,,
2016-06-08,total,summary,6852,653,7505,,,,,,,,,,,,,
2016-06-08,in_facility_total,summary,6438,642,7080,,,0,0,,,10,2,,,,,
2016-06-08,weekenders,facility,0,0,0,0,0,0,0,0,0,0,0,0,0,0,0,
2016-06-13,asd_cannery,facility,0,0,0,0,0,0,0,0,0,0,0,0,0,0,0,
2016-06-13,asd_wrp,facility,0,0,0,0,0,0,0,0,0,0,0,0,0,0,0,
2016-06-13,asd_asdcu,facility,137,5,143,0,0,1,0,0,0,0,0,0,0,0,0,
2016-06-13,asd_cambria,facility,214,0,214,0,0,0,0,0,0,0,0,0,0,0,0,
2016-06-13,asd_mod3,facility,0,0,0,0,0,0,0,0,0,0,0,0,0,0,0,
2016-06-13,cec,summary,292,0,292,,,,,,,,,,,,,
2016-06-13,cfcf,facility,2720,0,2721,0,0,0,0,0,0,1,0,0,0,0,0,
2016-06-13,dc,facility,1157,0,1158,0,0,0,0,0,0,1,0,0,0,0,0,
2016-06-13,dc_phsw,facility,39,4,44,0,0,0,0,0,0,1,0,0,0,0,0,
2016-06-13,delaware_county,summary,0,0,0,,,,,,,,,,,,,
2016-06-13,hoc,facility,1151,0,1151,0,0,0,0,0,0,0,0,0,0,0,0,
2016-06-13,lehigh_county,summary,34,1,35,,,,,,,,,,,,,
2016-06-13,nif_total,summary,4,0,4,,,,,,,,,,,,,
2016-06-13,other_jurisdictions,summary,51,6,57,,,,,,,,,,,,,
2016-06-13,out_of_county,summary,0,0,0,,,,,,,,,,,,,
2016-06-13,pdp_in_facility,facility,6427,652,7121,37,1,1,0,0,0,3,0,0,0,0,0,
2016-06-13,pdp_headcount_nif,summary,6468,653,7121,,,,,,,,,,,,,
2016-06-13,pdp_headcount_nif_oj,summary,7430,823,7178,,,,,,,,,,,,,"males + females = 8253, published total 7178"
2016-06-13,picc,facility,1007,0,1044,37,0,0,0,0,0,0,0,0,0,0,0,
2016-06-13,rcf,facility,0,642,643,0,1,0,0,0,0,0,0,0,0,0,0,
2016-06-13,roth,summary,27,3,30,,,,,,,,,,,,,
2016-06-13,state_doc,summary,0,0,0,,,,,,,,,,,,,
2016-06-13,total,summary,6872,663,7535,,,,,,,,,,,,,
2016-06-13,in_facility_total,summary,6464,653,7117,,,2,0,,,6,0,,,,,
2016-06-13,weekenders,facility,2,1,3,0,0,0,0,0,0,0,0,0,0,0,0,
2016-06-14,asd_cannery,facility,0,0,0,0,0,0,0,0,0,0,0,0,0,0,0,
2016-06-14,asd_wrp,facility,0,0,0,0,0,0,0,0,0,0,0,0,0,0,0,
2016-06-14,asd_asdcu,facility,138,5,143,0,0,0,0,0,0,0,0,0,0,0,0,
2016-06-14,asd_cambria,facility,212,0,213,0,0,0,0,0,0,1,0,0,0,0,0,
2016-06-14,asd_mod3,facility,0,0,0,0,0,0,0,0,0,0,0,0,0,0,0,
2016-06-14,cec,summary,298,0,298,,,,,,,,,,,,,
2016-06-14,cfcf,facility,2719,0,2721,0,0,0,0,0,0,0,0,2,0,0,0,
2016-06-14,dc,facility,1142,0,1143,0,0,0,0,0,0,1,0,0,0,0,0,
2016-06-14,dc_phsw,facility,38,3,42,0,0,0,0,0,0,1,0,0,0,0,0,
2016-06-14,delaware_county,summary,0,0,0,,,,,,,,,,,,,
2016-06-14,hoc,facility,1132,0,1132,0,0,0,0,0,0,0,0,0,0,0,0,
2016-06-14,lehigh_county,summary,34,1,35,,,,,,,,,,,,,
2016-06-14,nif_total,summary,5,1,6,,,,,,,,,,,,,
2016-06-14,other_jurisdictions,summary,54,6,60,,,,,,,,,,,,,
2016-06-14,out_of_county,summary,0,0,0,,,,,,,,,,,,,
2016-06-14,pdp_in_facility,facility,6393,651,7088,37,1,0,0,0,0,3,0,2,1,0,0,
2016-06-14,pdp_headcount_nif,summary,6435,653,7088,,,,,,,,,,,,,
2016-06-14,pdp_headcount_nif_oj,summary,7430,823,7148,,,,,,,,,,,,,"males + females = 8253, published total 7148"
2016-06-14,picc,facility,1012,0,1049,37,0,0,0,0,0,0,0,0,0,0,0,
2016-06-14,rcf,facility,0,643,645,0,1,0,0,0,0,0,0,0,1,0,0,
2016-06-14,roth,summary,27,3,30,,,,,,,,,,,,,
2016-06-14,state_doc,summary,0,0,0,,,,,,,,,,,,,
2016-06-14,total,summary,6848,663,7511,,,,,,,,,,,,,
2016-06-14,in_facility_total,summary,6430,652,7082,,,0,0,,,6,0,,,,,
2016-06-14,weekenders,facility,0,0,0,0,0,0,0,0,0,0,0,0,0,0,0,
2016-06-15,asd_cannery,facility,0,0,0,0,0,0,0,0,0,0,0,0,0,0,0,
2016-06-15,asd_wrp,facility,0,0,0,0,0,0,0,0,0,0,0,0,0,0,0,
2016-06-15,asd_asdcu,facility,144,5,149,0,0,0,0,0,0,0,0,0,0,0,0,
2016-06-15,asd_cambria,facility,211,0,211,0,0,0,0,0,0,0,0,0,0,0,0,
2016-06-15,asd_mod3,facility,0,0,0,0,0,0,0,0,0,0,0,0,0,0,0,
2016-06-15,cec,summary,296,0,296,,,,,,,,,,,,,
2016-06-15,cfcf,facility,2724,0,2724,0,0,0,0,0,0,0,0,0,0,0,0,
2016-06-15,dc,facility,1130,0,1131,0,0,0,0,0,0,1,0,0,0,0,0,
2016-06-15,dc_phsw,facility,34,3,38,0,0,0,0,0,0,1,0,0,0,0,0,
2016-06-15,delaware_county,summary,0,0,0,,,,,,,,,,,,,
2016-06-15,hoc,facility,1128,0,1128,0,0,0,0,0,0,0,0,0,0,0,0,
2016-06-15,lehigh_county,summary,34,1,35,,,,,,,,,,,,,
2016-06-15,nif_total,summary,2,3,5,,,,,,,,,,,,,
2016-06-15,other_jurisdictions,summary,50,5,55,,,,,,,,,,,,,
2016-06-15,out_of_county,summary,0,0,0,,,,,,,,,,,,,
2016-06-15,pdp_in_facility,facility,6374,647,7063,36,1,0,0,0,0,2,0,0,3,0,0,
2016-06-15,pdp_headcount_nif,summary,6412,651,7063,,,,,,,,,,,,,
2016-06-15,pdp_headcount_nif_oj,summary,7430,823,7118,,,,,,,,,,,,,"males + females = 8253, published total 7118"
2016-06-15,picc,facility,1003,0,1039,36,0,0,0,0,0,0,0,0,0,0,0,
2016-06-15,rcf,facility,0,639,643,0,1,0,0,0,0,0,0,0,3,0,0,
2016-06-15,roth,summary,26,3,29,,,,,,,,,,,,,
2016-06-15,state_doc,summary,0,0,0,,,,,,,,,,,,,
2016-06-15,total,summary,6818,660,7478,,,,,,,,,,,,,
2016-06-15,in_facility_total,summary,6410,648,7058,,,0,0,,,4,0,,,,,
2016-06-15,weekenders,facility,0,0,0,0,0,0,0,0,0,0,0,0,0,0,0,
2016-06-16,asd_cannery,facility,0,0,0,0,0,0,0,0,0,0,0,0,0,0,0,
2016-06-16,asd_wrp,facility,0,0,0,0,0,0,0,0,0,0,0,0,0,0,0,
2016-06-16,asd_asdcu,facility,139,5,144,0,0,0,0,0,0,0,0,0,0,0,0,
2016-06-16,asd_cambria,facility,233,0,233,0,0,0,0,0,0,0,0,0,0,0,0,
2016-06-16,asd_mod3,facility,0,0,0,0,0,0,0,0,0,0,0,0,0,0,0,
2016-06-16,cec,summary,292,0,292,,,,,,,,,,,,,
2016-06-16,cfcf,facility,2748,0,2748,0,0,0,0,0,0,0,0,0,0,0,0,
2016-06-16,dc,facility,1122,0,1124,0,0,0,0,0,0,1,0,1,0,0,0,
2016-06-16,dc_phsw,facility,34,5,39,0,0,0,0,0,0,0,0,0,0,0,0,
2016-06-16,delaware_county,summary,0,0,0,,,,,,,,,,,,,
2016-06-16,hoc,facility,1101,0,1101,0,0,0,0,0,0,0,0,0,0,0,0,
2016-06-16,lehigh_county,summary,34,1,35,,,,,,,,,,,,,
2016-06-16,nif_total,summary,2,1,3,,,,,,,,,,,,,
2016-06-16,other_jurisdictions,summary,45,5,50,,,,,,,,,,,,,
2016-06-16,out_of_county,summary,0,0,0,,,,,,,,,,,,,
2016-06-16,pdp_in_facility,facility,6383,652,7075,36,1,0,0,0,0,1,0,1,1,0,0,
2016-06-16,pdp_headcount_nif,summary,6421,654,7075,,,,,,,,,,,,,
2016-06-16,pdp_headcount_nif_oj,summary,7430,823,7125,,,,,,,,,,,,,"males + females = 8253, published total 7125"
2016-06-16,picc,facility,1006,0,1042,36,0,0,0,0,0,0,0,0,0,0,0,
2016-06-16,rcf,facility,0,642,644,0,1,0,0,0,0,0,0,0,1,0,0,
2016-06-16,roth,summary,26,3,29,,,,,,,,,,,,,
2016-06-16,state_doc,summary,0,0,0,,,,,,,,,,,,,
2016-06-16,total,summary,6818,663,7481,,,,,,,,,,,,,
2016-06-16,in_facility_total,summary,6419,653,7072,,,0,0,,,2,0,,,,,
2016-06-16,weekenders,facility,0,0,0,0,0,0,0,0,0,0,0,0,0,0,0,
2016-06-21,asd_cannery,facility,0,0,0,0,0,0,0,0,0,0,0,0,0,0,0,
2016-06-21,asd_wrp,facility,0,0,0,0,0,0,0,0,0,0,0,0,0,0,0,
2016-06-21,asd_asdcu,facility,132,5,137,0,0,0,0,0,0,0,0,0,0,0,0,
2016-06-21,asd_cambria,facility,229,0,229,0,0,0,0,0,0,0,0,0,0,0,0,
2016-06-21,asd_mod3,facility,0,0,0,0,0,0,0,0,0,0,0,0,0,0,0,
2016-06-21,cec,summary,301,0,301,,,,,,,,,,,,,
2016-06-21,cfcf,facility,2725,0,2728,0,0,0,0,0,0,3,0,0,0,0,0,
2016-06-21,dc,facility,1137,0,1138,0,0,0,0,0,0,1,0,0,0,0,0,
2016-06-21,dc_phsw,facility,38,2,41,0,0,0,0,0,0,0,0,1,0,0,0,
2016-06-21,delaware_county,summary,0,0,0,,,,,,,,,,,,,
2016-06-21,hoc,facility,1124,0,1124,0,0,0,0,0,0,0,0,0,0,0,0,
2016-06-21,lehigh_county,summary,33,1,34,,,,,,,,,,,,,
2016-06-21,nif_total,summary,5,1,6,,,,,,,,,,,,,
2016-06-21,other_jurisdictions,summary,54,5,59,,,,,,,,,,,,,
2016-06-21,out_of_county,summary,0,0,0,,,,,,,,,,,,,
2016-06-21,pdp_in_facility,facility,6393,648,7085,37,1,0,0,0,0,4,0,1,1,0,0,
2016-06-21,pdp_headcount_nif,summary,6435,650,7085,,,,,,,,,,,,,
2016-06-21,pdp_headcount_nif_oj,summary,7430,823,7144,,,,,,,,,,,,,"males + females = 8253, published total 7144"
2016-06-21,picc,facility,1008,0,1045,37,0,0,0,0,0,0,0,0,0,0,0,
2016-06-21,rcf,facility,0,641,643,0,1,0,0,0,0,0,0,0,1,0,0,
2016-06-21,roth,summary,26,3,29,,,,,,,,,,,,,
2016-06-21,state_doc,summary,0,0,0,,,,,,,,,,,,,
2016-06-21,total,summary,6849,659,7508,,,,,,,,,,,,,
2016-06-21,in_facility_total,summary,6430,649,7079,,,0,0,,,8,0,,,,,
2016-06-21,weekenders,facility,0,0,0,0,0,0,0,0,0,0,0,0,0,0,0,
2016-06-22,asd_cannery,facility,0,0,0,0,0,0,0,0,0,0,0,0,0,0,0,
2016-06-22,asd_wrp,facility,0,0,0,0,0,0,0,0,0,0,0,0,0,0,0,
2016-06-22,asd_asdcu,facility,141,4,145,0,0,0,0,0,0,0,0,0,0,0,0,
2016-06-22,asd_cambria,facility,230,0,230,0,0,0,0,0,0,0,0,0,0,0,0,
2016-06-22,asd_mod3,facility,0,0,0,0,0,0,0,0,0,0,0,0,0,0,0,
2016-06-22,cec,summary,298,0,298,,,,,,,,,,,,,
2016-06-22,cfcf,facility,2734,0,2736,0,0,0,0,0,0,1,0,1,0,0,0,
2016-06-22,dc,facility,1121,0,1123,0,0,0,0,0,0,2,0,0,0,0,0,
2016-06-22,dc_phsw,facility,37,2,40,0,0,0,0,0,0,1,0,0,0,0,0,
2016-06-22,delaware_county,summary,0,0,0,,,,,,,,,,,,,
2016-06-22,hoc,facility,1111,0,1111,0,0,0,0,0,0,0,0,0,0,0,0,
2016-06-22,lehigh_county,summary,32,1,33,,,,,,,,,,,,,
2016-06-22,nif_total,summary,5,0,5,,,,,,,,,,,,,
2016-06-22,other_jurisdictions,summary,48,4,52,,,,,,,,,,,,,
2016-06-22,out_of_county,summary,0,0,0,,,,,,,,,,,,,
2016-06-22,pdp_in_facility,facility,6383,643,7069,37,1,0,0,0,0,4,0,1,0,0,0,
2016-06-22,pdp_headcount_nif,summary,6425,644,7069,,,,,,,,,,,,,
2016-06-22,pdp_headcount_nif_oj,summary,7430,823,7121,,,,,,,,,,,,,"males + females = 8253, published total 7121"
2016-06-22,picc,facility,1009,0,1046,37,0,0,0,0,0,0,0,0,0,0,0,
2016-06-22,rcf,facility,0,637,638,0,1,0,0,0,0,0,0,0,0,0,0,
2016-06-22,roth,summary,26,3,29,,,,,,,,,,,,,
2016-06-22,state_doc,summary,0,0,0,,,,,,,,,,,,,
2016-06-22,total,summary,6829,652,7481,,,,,,,,,,,,,
2016-06-22,in_facility_total,summary,6420,644,7064,,,0,0,,,8,0,,,,,
2016-06-22,weekenders,facility,0,0,0,0,0,0,0,0,0,0,0,0,0,0,0,
2016-06-23,asd_cannery,facility,0,0,0,0,0,0,0,0,0,0,0,0,0,0,0,
2016-06-23,asd_wrp,facility,0,0,0,0,0,0,0,0,0,0,0,0,0,0,0,
2016-06-23,asd_asdcu,facility,139,4,143,0,0,0,0,0,0,0,0,0,0,0,0,
2016-06-23,asd_cambria,facility,229,0,229,0,0,0,0,0,0,0,0,0,0,0,0,
2016-06-23,asd_mod3,facility,0,0,0,0,0,0,0,0,0,0,0,0,0,0,0,
2016-06-23,cec,summary,295,0,295,,,,,,,,,,,,,
2016-06-23,cfcf,facility,2750,0,2751,0,0,0,0,0,0,0,0,1,0,0,0,
2016-06-23,dc,facility,1114,0,1115,0,0,0,0,0,0,1,0,0,0,0,0,
2016-06-23,dc_phsw,facility,37,2,40,0,0,0,0,0,0,1,0,0,0,0,0,
2016-06-23,delaware_county,summary,0,0,0,,,,,,,,,,,,,
2016-06-23,hoc,facility,1104,0,1104,0,0,0,0,0,0,0,0,0,0,0,0,
2016-06-23,lehigh_county,summary,32,1,33,,,,,,,,,,,,,
2016-06-23,nif_total,summary,3,1,4,,,,,,,,,,,,,
2016-06-23,other_jurisdictions,summary,49,3,52,,,,,,,,,,,,,
2016-06-23,out_of_county,summary,0,0,0,,,,,,,,,,,,,
2016-06-23,pdp_in_facility,facility,6387,639,7068,37,1,0,0,0,0,2,0,1,1,0,0,
2016-06-23,pdp_headcount_nif,summary,6427,641,7068,,,,,,,,,,,,,
2016-06-23,pdp_headcount_nif_oj,summary,7430,823,7120,,,,,,,,,,,,,"males + females = 8253, published total 7120"
2016-06-23,picc,facility,1014,0,1051,37,0,0,0,0,0,0,0,0,0,0,0,
2016-06-23,rcf,facility,0,633,635,0,1,0,0,0,0,0,0,0,1,0,0,
2016-06-23,roth,summary,26,3,29,,,,,,,,,,,,,
2016-06-23,state_doc,summary,0,0,0,,,,,,,,,,,,,
2016-06-23,total,summary,6829,648,7477,,,,,,,,,,,,,
2016-06-23,in_facility_total,summary,6424,640,7064,,,0,0,,,4,0,,,,,
2016-06-23,weekenders,facility,0,0,0,0,0,0,0,0,0,0,0,0,0,0,0,
2016-06-26,asd_cannery,facility,0,0,0,0,0,0,0,0,0,0,0,0,0,0,0,
2016-06-26,asd_wrp,facility,0,0,0,0,0,0,0,0,0,0,0,0,0,0,0,
2016-06-26,asd_asdcu,facility,147,4,151,0,0,0,0,0,0,0,0,0,0,0,0,
2016-06-26,asd_cambria,facility,230,0,230,0,0,0,0,0,0,0,0,0,0,0,0,
2016-06-26,asd_mod3,facility,0,0,0,0,0,0,0,0,0,0,0,0,0,0,0,
2016-06-26,cec,summary,290,0,290,,,,,,,,,,,,,
2016-06-26,cfcf,facility,2775,0,2775,0,0,0,0,0,0,0,0,0,0,0,0,
2016-06-26,dc,facility,1144,0,1146,0,0,0,0,0,0,1,0,1,0,0,0,
2016-06-26,dc_phsw,facility,43,2,46,0,0,0,0,0,0,1,0,0,0,0,0,
2016-06-26,delaware_county,summary,0,0,0,,,,,,,,,,,,,
2016-06-26,hoc,facility,1123,0,1123,0,0,0,0,0,0,0,0,0,0,0,0,
2016-06-26,lehigh_county,summary,32,1,33,,,,,,,,,,,,,
2016-06-26,nif_total,summary,3,1,4,,,,,,,,,,,,,
2016-06-26,other_jurisdictions,summary,49,3,52,,,,,,,,,,,,,
2016-06-26,out_of_county,summary,0,0,0,,,,,,,,,,,,,
2016-06-26,pdp_in_facility,facility,6484,650,7177,38,1,0,0,0,0,2,1,1,0,0,0,
2016-06-26,pdp_headcount_nif,summary,6525,652,7177,,,,,,,,,,,,,
2016-06-26,pdp_headcount_nif_oj,summary,7430,823,7229,,,,,,,,,,,,,"males + females = 8253, published total 7229"
2016-06-26,picc,facility,1011,0,1049,38,0,0,0,0,0,0,0,0,0,0,0,
2016-06-26,rcf,facility,0,643,645,0,1,0,0,0,0,0,1,0,0,0,0,
2016-06-26,roth,summary,26,3,29,,,,,,,,,,,,,
2016-06-26,state_doc,summary,0,0,0,,,,,,,,,,,,,
2016-06-26,total,summary,6922,659,7581,,,,,,,,,,,,,
2016-06-26,in_facility_total,summary,6522,651,7173,,,0,0,,,4,2,,,,,
2016-06-26,weekenders,facility,11,1,12,0,0,0,0,0,0,0,0,0,0,0,0,
2016-06-30,asd_cannery,facility,0,0,0,0,0,0,0,0,0,0,0,0,0,0,0,
2016-06-30,asd_wrp,facility,0,0,0,0,0,0,0,0,0,0,0,0,0,0,0,
2016-06-30,asd_asdcu,facility,135,4,139,0,0,0,0,0,0,0,0,0,0,0,0,
2016-06-30,asd_cambria,facility,225,0,225,0,0,0,0,0,0,0,0,0,0,0,0,
2016-06-30,asd_mod3,facility,0,0,0,0,0,0,0,0,0,0,0,0,0,0,0,
2016-06-30,cec,summary,294,0,294,,,,,,,,,,,,,
2016-06-30,cfcf,facility,2808,0,2808,0,0,0,0,0,0,0,0,0,0,0,0,
2016-06-30,dc,facility,1085,0,1086,0,0,0,0,0,0,1,0,0,0,0,0,
2016-06-30,dc_phsw,facility,41,2,43,0,0,0,0,0,0,0,0,0,0,0,0,
2016-06-30,delaware_county,summary,0,0,0,,,,,,,,,,,,,
2016-06-30,hoc,facility,1106,0,1106,0,0,0,0,0,0,0,0,0,0,0,0,
2016-06-30,lehigh_county,summary,28,1,29,,,,,,,,,,,,,
2016-06-30,nif_total,summary,1,2,3,,,,,,,,,,,,,
2016-06-30,other_jurisdictions,summary,55,3,58,,,,,,,,,,,,,
2016-06-30,out_of_county,summary,0,0,0,,,,,,,,,,,,,
2016-06-30,pdp_in_facility,facility,6433,663,7140,41,0,0,0,0,0,1,2,0,0,0,0,
2016-06-30,pdp_headcount_nif,summary,6475,665,7140,,,,,,,,,,,,,
2016-06-30,pdp_headcount_nif_oj,summary,7430,823,7198,,,,,,,,,,,,,"males + females = 8253, published total 7198"
2016-06-30,picc,facility,1032,0,1073,41,0,0,0,0,0,0,0,0,0,0,0,
2016-06-30,rcf,facility,0,657,659,0,0,0,0,0,0,0,2,0,0,0,0,
2016-06-30,roth,summary,24,3,27,,,,,,,,,,,,,
2016-06-30,state_doc,summary,0,0,0,,,,,,,,,,,,,
2016-06-30,total,summary,6876,672,7548,,,,,,,,,,,,,
2016-06-30,in_facility_total,summary,6474,663,7137,,,0,0,,,2,4,,,,,
2016-06-30,weekenders,facility,1,0,1,0,0,0,0,0,0,0,0,0,0,0,0,
2016-07-07,asd_cambria,facility,210,0,210,0,0,0,0,0,0,0,0,0,0,0,0,
2016-07-07,asd_cannery,facility,0,0,0,0,0,0,0,0,0,0,0,0,0,0,0,
2016-07-07,asd_wrp,facility,0,0,0,0,0,0,0,0,0,0,0,0,0,0,0,
2016-07-07,asd_asdcu,facility,126,4,131,0,0,1,0,0,0,0,0,0,0,0,0,
2016-07-07,asd_mod3,facility,0,0,0,0,0,0,0,0,0,0,0,0,0,0,0,
2016-07-07,cec,summary,296,0,296,,,,,,,,,,,,,
2016-07-07,cfcf,facility,2791,0,2795,0,0,0,0,0,0,3,0,1,0,0,0,
2016-07-07,dc,facility,1120,0,1123,0,0,0,0,0,0,3,0,0,0,0,0,
2016-07-07,dc_phsw,facility,39,2,44,1,0,0,0,0,0,2,0,0,0,0,0,
2016-07-07,delaware_county,summary,0,0,0,,,,,,,,,,,,,
2016-07-07,hoc,facility,1106,0,1107,0,0,0,0,0,0,1,0,0,0,0,0,
2016-07-07,lehigh_county,summary,28,1,29,,,,,,,,,,,,,
2016-07-07,nif_total,summary,11,4,15,,,,,,,,,,,,,
2016-07-07,other_jurisdictions,summary,47,5,52,,,,,,,,,,,,,
2016-07-07,out_of_county,summary,0,0,0,,,,,,,,,,,,,
2016-07-07,pdp_in_facility,facility,6429,635,7122,43,0,1,0,0,0,9,3,1,1,0,0,
2016-07-07,pdp_headcount_nif,summary,6483,639,7122,,,,,,,,,,,,,
2016-07-07,pdp_headcount_nif_oj,summary,7430,823,7174,,,,,,,,,,,,,"males + females = 8253, published total 7174"
2016-07-07,picc,facility,1036,0,1078,42,0,0,0,0,0,0,0,0,0,0,0,
2016-07-07,rcf,facility,0,629,633,0,0,0,0,0,0,0,3,0,1,0,0,
2016-07-07,roth,summary,33,3,36,,,,,,,,,,,,,
2016-07-07,state_doc,summary,0,0,0,,,,,,,,,,,,,
2016-07-07,total,summary,6888,648,7536,,,,,,,,,,,,,
2016-07-07,in_facility_total,summary,6472,635,7107,,,2,0,,,18,6,,,,,
2016-07-07,weekenders,facility,1,0,1,0,0,0,0,0,0,0,0,0,0,0,0,
2016-07-10,asd_cannery,facility,0,0,0,0,0,0,0,0,0,0,0,0,0,0,0,
2016-07-10,asd_wrp,facility,0,0,0,0,0,0,0,0,0,0,0,0,0,0,0,
2016-07-10,asd_asdcu,facility,127,4,131,0,0,0,0,0,0,0,0,0,0,0,0,
2016-07-10,asd_cambria,facility,205,0,205,0,0,0,0,0,0,0,0,0,0,0,0,
2016-07-10,asd_mod3,facility,0,0,0,0,0,0,0,0,0,0,0,0,0,0,0,
2016-07-10,cec,summary,293,0,293,,,,,,,,,,,,,
2016-07-10,cfcf,facility,2796,0,2802,0,0,0,0,0,0,5,0,1,0,0,0,
2016-07-10,dc,facility,1143,0,1146,0,0,0,0,0,0,3,0,0,0,0,0,
2016-07-10,dc_phsw,facility,38,6,46,1,0,0,0,0,0,1,0,0,0,0,0,
2016-07-10,delaware_county,summary,0,0,0,,,,,,,,,,,,,
2016-07-10,hoc,facility,1109,0,1110,0,0,0,0,0,0,1,0,0,0,0,0,
2016-07-10,lehigh_county,summary,28,1,29,,,,,,,,,,,,,
2016-07-10,nif_total,summary,13,1,14,,,,,,,,,,,,,
2016-07-10,other_jurisdictions,summary,48,5,53,,,,,,,,,,,,,
2016-07-10,out_of_county,summary,0,0,0,,,,,,,,,,,,,
2016-07-10,pdp_in_facility,facility,6470,653,7180,43,0,0,0,0,0,12,1,1,0,0,0,
2016-07-10,pdp_headcount_nif,summary,6526,654,7180,,,,,,,,,,,,,
2016-07-10,pdp_headcount_nif_oj,summary,7430,823,7233,,,,,,,,,,,,,"males + females = 8253, published total 7233"
2016-07-10,picc,facility,1041,0,1085,42,0,0,0,0,0,2,0,0,0,0,0,
2016-07-10,rcf,facility,0,641,642,0,0,0,0,0,0,0,1,0,0,0,0,
2016-07-10,roth,summary,32,3,35,,,,,,,,,,,,,
2016-07-10,state_doc,summary,0,0,0,,,,,,,,,,,,,
2016-07-10,total,summary,6929,663,7592,,,,,,,,,,,,,
2016-07-10,in_facility_total,summary,6513,653,7166,,,0,0,,,24,2,,,,,
2016-07-10,weekenders,facility,11,2,13,0,0,0,0,0,0,0,0,0,0,0,0,
2016-07-11,asd_cannery,facility,0,0,0,0,0,0,0,0,0,0,0,0,0,0,0,
2016-07-11,asd_wrp,facility,0,0,0,0,0,0,0,0,0,0,0,0,0,0,0,
2016-07-11,asd_asdcu,facility,127,4,131,0,0,0,0,0,0,0,0,0,0,0,0,
2016-07-11,asd_cambria,facility,214,0,214,0,0,0,0,0,0,0,0,0,0,0,0,
2016-07-11,asd_mod3,facility,0,0,0,0,0,0,0,0,0,0,0,0,0,0,0,
2016-07-11,cec,summary,293,0,293,,,,,,,,,,,,,
2016-07-11,cfcf,facility,2800,0,2805,0,0,0,0,0,0,5,0,0,0,0,0,
2016-07-11,dc,facility,1131,0,1134,0,0,0,0,0,0,3,0,0,0,0,0,
2016-07-11,dc_phsw,facility,31,6,38,0,0,0,0,0,0,1,0,0,0,0,0,
2016-07-11,delaware_county,summary,0,0,0,,,,,,,,,,,,,
2016-07-11,hoc,facility,1108,0,1108,0,0,0,0,0,0,0,0,0,0,0,0,
2016-07-11,lehigh_county,summary,29,1,30,,,,,,,,,,,,,
2016-07-11,nif_total,summary,11,1,12,,,,,,,,,,,,,
2016-07-11,other_jurisdictions,summary,51,5,56,,,,,,,,,,,,,
2016-07-11,out_of_county,summary,0,0,0,,,,,,,,,,,,,
2016-07-11,pdp_in_facility,facility,6460,651,7166,43,0,0,0,0,0,11,1,0,0,0,0,
2016-07-11,pdp_headcount_nif,summary,6514,652,7166,,,,,,,,,,,,,
2016-07-11,pdp_headcount_nif_oj,summary,7430,823,7222,,,,,,,,,,,,,"males + females = 8253, published total 7222"
2016-07-11,picc,facility,1047,0,1092,43,0,0,0,0,0,2,0,0,0,0,0,
2016-07-11,rcf,facility,0,640,641,0,0,0,0,0,0,0,1,0,0,0,0,
2016-07-11,roth,summary,32,3,35,,,,,,,,,,,,,
2016-07-11,state_doc,summary,0,0,0,,,,,,,,,,,,,
2016-07-11,total,summary,6921,661,7582,,,,,,,,,,,,,
2016-07-11,in_facility_total,summary,6503,651,7154,,,0,0,,,22,2,,,,,
2016-07-11,weekenders,facility,2,1,3,0,0,0,0,0,0,0,0,0,0,0,0,
2016-07-18,asd_cannery,facility,0,0,0,0,0,0,0,0,0,0,0,0,0,0,0,
2016-07-18,asd_wrp,facility,0,0,0,0,0,0,0,0,0,0,0,0,0,0,0,
2016-07-18,asd_asdcu,facility,124,4,129,0,0,1,0,0,0,0,0,0,0,0,0,
2016-07-18,asd_cambria,facility,233,0,233,0,0,0,0,0,0,0,0,0,0,0,0,
2016-07-18,asd_mod3,facility,0,0,0,0,0,0,0,0,0,0,0,0,0,0,0,
2016-07-18,cec,summary,295,0,295,,,,,,,,,,,,,
2016-07-18,cfcf,facility,2782,0,2787,0,0,0,0,0,0,5,0,0,0,0,0,
2016-07-18,dc,facility,1153,0,1155,0,0,0,0,0,0,2,0,0,0,0,0,
2016-07-18,dc_phsw,facility,41,2,43,0,0,0,0,0,0,0,0,0,0,0,0,
2016-07-18,delaware_county,summary,0,0,0,,,,,,,,,,,,,
2016-07-18,hoc,facility,1081,0,1081,0,0,0,0,0,0,0,0,0,0,0,0,
2016-07-18,lehigh_county,summary,27,1,28,,,,,,,,,,,,,
2016-07-18,nif_total,summary,8,2,10,,,,,,,,,,,,,
2016-07-18,other_jurisdictions,summary,52,5,57,,,,,,,,,,,,,
2016-07-18,out_of_county,summary,0,0,0,,,,,,,,,,,,,
2016-07-18,pdp_in_facility,facility,6457,650,7161,44,0,1,0,0,0,7,2,0,0,0,0,
2016-07-18,pdp_headcount_nif,summary,6509,652,7161,,,,,,,,,,,,,
2016-07-18,pdp_headcount_nif_oj,summary,7430,823,7218,,,,,,,,,,,,,"males + females = 8253, published total 7218"
2016-07-18,picc,facility,1041,0,1085,44,0,0,0,0,0,0,0,0,0,0,0,
2016-07-18,rcf,facility,0,644,646,0,0,0,0,0,0,0,2,0,0,0,0,
2016-07-18,roth,summary,31,3,34,,,,,,,,,,,,,
2016-07-18,state_doc,summary,0,0,0,,,,,,,,,,,,,
2016-07-18,total,summary,6916,661,7577,,,,,,,,,,,,,
2016-07-18,in_facility_total,summary,6501,650,7151,,,2,0,,,14,4,,,,,
2016-07-18,weekenders,facility,2,0,2,0,0,0,0,0,0,0,0,0,0,0,0,
2016-07-24,asd_cannery,facility,0,0,0,0,0,0,0,0,0,0,0,0,0,0,0,
2016-07-24,asd_wrp,facility,0,0,0,0,0,0,0,0,0,0,0,0,0,0,0,
2016-07-24,asd_asdcu,facility,133,5,140,0,0,2,0,0,0,0,0,0,0,0,0,
2016-07-24,asd_cambria,facility,226,0,226,0,0,0,0,0,0,0,0,0,0,0,0,
2016-07-24,asd_mod3,facility,0,0,0,0,0,0,0,0,0,0,0,0,0,0,0,
2016-07-24,cec,summary,287,0,287,,,,,,,,,,,,,
2016-07-24,cfcf,facility,2775,0,2780,0,0,0,0,0,0,4,0,1,0,0,0,
2016-07-24,dc,facility,1094,0,1095,0,0,0,0,0,0,1,0,0,0,0,0,
2016-07-24,dc_phsw,facility,47,3,52,0,0,0,0,0,0,1,0,1,0,0,0,
2016-07-24,delaware_county,summary,0,0,0,,,,,,,,,,,,,
2016-07-24,hoc,facility,1090,0,1091,0,0,0,0,0,0,0,0,1,0,0,0,
2016-07-24,lehigh_county,summary,30,1,31,,,,,,,,,,,,,
2016-07-24,nif_total,summary,11,2,13,,,,,,,,,,,,,
2016-07-24,other_jurisdictions,summary,49,3,52,,,,,,,,,,,,,
2016-07-24,out_of_county,summary,0,0,0,,,,,,,,,,,,,
2016-07-24,pdp_in_facility,facility,6391,662,7111,45,0,2,0,0,0,6,2,3,0,0,0,
2016-07-24,pdp_headcount_nif,summary,6447,664,7111,,,,,,,,,,,,,
2016-07-24,pdp_headcount_nif_oj,summary,7430,823,7163,,,,,,,,,,,,,"males + females = 8253, published total 7163"
2016-07-24,picc,facility,1019,0,1064,45,0,0,0,0,0,0,0,0,0,0,0,
2016-07-24,rcf,facility,0,653,655,0,0,0,0,0,0,0,2,0,0,0,0,
2016-07-24,roth,summary,29,2,31,,,,,,,,,,,,,
2016-07-24,state_doc,summary,0,0,0,,,,,,,,,,,,,
2016-07-24,total,summary,6844,670,7514,,,,,,,,,,,,,
2016-07-24,in_facility_total,summary,6436,662,7098,,,4,0,,,12,4,,,,,
2016-07-24,weekenders,facility,7,1,8,0,0,0,0,0,0,0,0,0,0,0,0,
2016-07-25,asd_cannery,facility,0,0,0,0,0,0,0,0,0,0,0,0,0,0,0,
2016-07-25,asd_wrp,facility,0,0,0,0,0,0,0,0,0,0,0,0,0,0,0,
2016-07-25,asd_asdcu,facility,135,5,141,0,0,1,0,0,0,0,0,0,0,0,0,
2016-07-25,asd_cambria,facility,231,0,231,0,0,0,0,0,0,0,0,0,0,0,0,
2016-07-25,asd_mod3,facility,0,0,0,0,0,0,0,0,0,0,0,0,0,0,0,
2016-07-25,cec,summary,298,0,298,,,,,,,,,,,,,
2016-07-25,cfcf,facility,2741,0,2746,0,0,0,0,0,0,4,0,1,0,0,0,
2016-07-25,dc,facility,1111,0,1112,0,0,0,0,0,0,1,0,0,0,0,0,
2016-07-25,dc_phsw,facility,40,2,44,0,0,0,0,0,0,2,0,0,0,0,0,
2016-07-25,delaware_county,summary,0,0,0,,,,,,,,,,,,,
2016-07-25,hoc,facility,1073,0,1073,0,0,0,0,0,0,0,0,0,0,0,0,
2016-07-25,lehigh_county,summary,30,1,31,,,,,,,,,,,,,
2016-07-25,nif_total,summary,10,3,13,,,,,,,,,,,,,
2016-07-25,other_jurisdictions,summary,49,3,52,,,,,,,,,,,,,
2016-07-25,out_of_county,summary,0,0,0,,,,,,,,,,,,,
2016-07-25,pdp_in_facility,facility,6358,656,7071,44,0,1,0,0,0,7,3,2,0,0,0,
2016-07-25,pdp_headcount_nif,summary,6412,659,7071,,,,,,,,,,,,,
2016-07-25,pdp_headcount_nif_oj,summary,7430,823,7123,,,,,,,,,,,,,"males + females = 8253, published total 7123"
2016-07-25,picc,facility,1025,0,1070,44,0,0,0,0,0,0,0,1,0,0,0,
2016-07-25,rcf,facility,0,649,652,0,0,0,0,0,0,0,3,0,0,0,0,
2016-07-25,roth,summary,29,1,30,,,,,,,,,,,,,
2016-07-25,state_doc,summary,0,0,0,,,,,,,,,,,,,
2016-07-25,total,summary,6820,664,7484,,,,,,,,,,,,,
2016-07-25,in_facility_total,summary,6402,656,7058,,,2,0,,,14,6,,,,,
2016-07-25,weekenders,facility,2,0,2,0,0,0,0,0,0,0,0,0,0,0,0,
2016-07-26,asd_cannery,facility,0,0,0,0,0,0,0,0,0,0,0,0,0,0,0,
2016-07-26,asd_wrp,facility,0,0,0,0,0,0,0,0,0,0,0,0,0,0,0,
2016-07-26,asd_asdcu,facility,133,6,140,0,0,1,0,0,0,0,0,0,0,0,0,
2016-07-26,asd_cambria,facility,229,0,230,0,0,0,0,0,0,1,0,0,0,0,0,
2016-07-26,asd_mod3,facility,0,0,0,0,0,0,0,0,0,0,0,0,0,0,0,
2016-07-26,cec,summary,295,0,295,,,,,,,,,,,,,
2016-07-26,cfcf,facility,2731,0,2734,0,0,0,0,0,0,2,0,1,0,0,0,
2016-07-26,dc,facility,1100,0,1103,0,0,0,0,0,0,1,0,2,0,0,0,
2016-07-26,dc_phsw,facility,40,2,42,0,0,0,0,0,0,0,0,0,0,0,0,
2016-07-26,delaware_county,summary,0,0,0,,,,,,,,,,,,,
2016-07-26,hoc,facility,1068,0,1070,0,0,0,0,0,0,0,0,2,0,0,0,
2016-07-26,lehigh_county,summary,30,1,31,,,,,,,,,,,,,
2016-07-26,nif_total,summary,12,3,15,,,,,,,,,,,,,
2016-07-26,other_jurisdictions,summary,47,3,50,,,,,,,,,,,,,
2016-07-26,out_of_county,summary,0,0,0,,,,,,,,,,,,,
2016-07-26,pdp_in_facility,facility,6318,654,7032,44,1,1,0,0,0,4,3,7,0,0,0,
2016-07-26,pdp_headcount_nif,summary,6374,658,7032,,,,,,,,,,,,,
2016-07-26,pdp_headcount_nif_oj,summary,7430,823,7082,,,,,,,,,,,,,"males + females = 8253, published total 7082"
2016-07-26,picc,facility,1017,0,1063,44,0,0,0,0,0,0,0,2,0,0,0,
2016-07-26,rcf,facility,0,646,650,0,1,0,0,0,0,0,3,0,0,0,0,
2016-07-26,roth,summary,29,1,30,,,,,,,,,,,,,
2016-07-26,state_doc,summary,0,0,0,,,,,,,,,,,,,
2016-07-26,total,summary,6777,663,7440,,,,,,,,,,,,,
2016-07-26,in_facility_total,summary,6362,655,7017,,,2,0,,,8,6,,,,,
2016-07-26,weekenders,facility,0,0,0,0,0,0,0,0,0,0,0,0,0,0,0,
2016-07-27,asd_cannery,facility,0,0,0,0,0,0,0,0,0,0,0,0,0,0,0,
2016-07-27,asd_wrp,facility,0,0,0,0,0,0,0,0,0,0,0,0,0,0,0,
2016-07-27,asd_asdcu,facility,133,6,140,0,0,1,0,0,0,0,0,0,0,0,0,
2016-07-27,asd_cambria,facility,227,0,228,0,0,0,0,0,0,1,0,0,0,0,0,
2016-07-27,asd_mod3,facility,0,0,0,0,0,0,0,0,0,0,0,0,0,0,0,
2016-07-27,cec,summary,293,0,293,,,,,,,,,,,,,
2016-07-27,cfcf,facility,2715,0,2720,0,0,0,0,0,0,3,0,2,0,0,0,
2016-07-27,dc,facility,1090,0,1091,0,0,0,0,0,0,1,0,0,0,0,0,
2016-07-27,dc_phsw,facility,46,3,49,0,0,0,0,0,0,0,0,0,0,0,0,
2016-07-27,delaware_county,summary,0,0,0,,,,,,,,,,,,,
2016-07-27,hoc,facility,1054,0,1054,0,0,0,0,0,0,0,0,0,0,0,0,
2016-07-27,lehigh_county,summary,30,1,31,,,,,,,,,,,,,
2016-07-27,nif_total,summary,8,2,10,,,,,,,,,,,,,
2016-07-27,other_jurisdictions,summary,47,3,50,,,,,,,,,,,,,
2016-07-27,out_of_county,summary,0,0,0,,,,,,,,,,,,,
2016-07-27,pdp_in_facility,facility,6296,650,7001,44,1,1,0,0,0,5,2,2,0,0,0,
2016-07-27,pdp_headcount_nif,summary,6348,653,7001,,,,,,,,,,,,,
2016-07-27,pdp_headcount_nif_oj,summary,7430,823,7051,,,,,,,,,,,,,"males + females = 8253, published total 7051"
2016-07-27,picc,facility,1030,0,1074,44,0,0,0,0,0,0,0,0,0,0,0,
2016-07-27,rcf,facility,0,641,644,0,1,0,0,0,0,0,2,0,0,0,0,
2016-07-27,roth,summary,28,1,29,,,,,,,,,,,,,
2016-07-27,state_doc,summary,0,0,0,,,,,,,,,,,,,
2016-07-27,total,summary,6748,658,7406,,,,,,,,,,,,,
2016-07-27,in_facility_total,summary,6340,651,6991,,,2,0,,,10,4,,,,,
2016-07-27,weekenders,facility,1,0,1,0,0,0,0,0,0,0,0,0,0,0,0,
2016-07-28,asd_cannery,facility,0,0,0,0,0,0,0,0,0,0,0,0,0,0,0,
2016-07-28,asd_wrp,facility,0,0,0,0,0,0,0,0,0,0,0,0,0,0,0,
2016-07-28,asd_asdcu,facility,139,6,146,0,0,1,0,0,0,0,0,0,0,0,0,
2016-07-28,asd_cambria,facility,233,0,234,0,0,0,0,0,0,1,0,0,0,0,0,
2016-07-28,asd_mod3,facility,0,0,0,0,0,0,0,0,0,0,0,0,0,0,0,
2016-07-28,cec,summary,299,0,299,,,,,,,,,,,,,
2016-07-28,cfcf,facility,2699,0,2705,0,0,0,0,0,0,5,0,1,0,0,0,
2016-07-28,dc,facility,1088,0,1088,0,0,0,0,0,0,0,0,0,0,0,0,
2016-07-28,dc_phsw,facility,39,2,41,0,0,0,0,0,0,0,0,0,0,0,0,
2016-07-28,delaware_county,summary,0,0,0,,,,,,,,,,,,,
2016-07-28,hoc,facility,1051,0,1051,0,0,0,0,0,0,0,0,0,0,0,0,
2016-07-28,lehigh_county,summary,29,1,30,,,,,,,,,,,,,
2016-07-28,nif_total,summary,10,3,13,,,,,,,,,,,,,
2016-07-28,other_jurisdictions,summary,48,3,51,,,,,,,,,,,,,
2016-07-28,out_of_county,summary,0,0,0,,,,,,,,,,,,,
2016-07-28,pdp_in_facility,facility,6279,643,6981,45,1,1,0,0,0,8,2,1,1,0,0,
2016-07-28,pdp_headcount_nif,summary,6334,647,6981,,,,,,,,,,,,,
2016-07-28,pdp_headcount_nif_oj,summary,7430,823,7032,,,,,,,,,,,,,"males + females = 8253, published total 7032"
2016-07-28,picc,facility,1029,0,1076,45,0,0,0,0,0,2,0,0,0,0,0,
2016-07-28,rcf,facility,0,635,639,0,1,0,0,0,0,0,2,0,1,0,0,
2016-07-28,roth,summary,26,1,27,,,,,,,,,,,,,
2016-07-28,state_doc,summary,0,0,0,,,,,,,,,,,,,
2016-07-28,total,summary,6738,652,7390,,,,,,,,,,,,,
2016-07-28,in_facility_total,summary,6324,644,6968,,,2,0,,,16,4,,,,,
2016-07-28,weekenders,facility,1,0,1,0,0,0,0,0,0,0,0,0,0,0,0,
2016-08-01,asd_cannery,facility,0,0,0,0,0,0,0,0,0,0,0,0,0,0,0,
2016-08-01,asd_wrp,facility,0,0,0,0,0,0,0,0,0,0,0,0,0,0,0,
2016-08-01,asd_asdcu,facility,138,6,145,0,0,1,0,0,0,0,0,0,0,0,0,
2016-08-01,asd_cambria,facility,237,0,237,0,0,0,0,0,0,0,0,0,0,0,0,
2016-08-01,asd_mod3,facility,0,0,0,0,0,0,0,0,0,0,0,0,0,0,0,
2016-08-01,cec,summary,277,0,277,,,,,,,,,,,,,
2016-08-01,cfcf,facility,2687,0,2691,0,0,0,0,0,0,4,0,0,0,0,0,
2016-08-01,dc,facility,1091,0,1092,0,0,0,0,0,0,1,0,0,0,0,0,
2016-08-01,dc_phsw,facility,42,4,48,0,0,0,0,0,0,1,1,0,0,0,0,
2016-08-01,delaware_county,summary,0,0,0,,,,,,,,,,,,,
2016-08-01,hoc,facility,1078,0,1078,0,0,0,0,0,0,0,0,0,0,0,0,
2016-08-01,lehigh_county,summary,27,1,28,,,,,,,,,,,,,
2016-08-01,nif_total,summary,7,3,10,,,,,,,,,,,,,
2016-08-01,other_jurisdictions,summary,56,3,59,,,,,,,,,,,,,
2016-08-01,out_of_county,summary,0,0,0,,,,,,,,,,,,,
2016-08-01,pdp_in_facility,facility,6305,647,7008,45,1,1,0,0,0,6,3,0,0,0,0,
2016-08-01,pdp_headcount_nif,summary,6357,651,7008,,,,,,,,,,,,,
2016-08-01,pdp_headcount_nif_oj,summary,7430,823,7067,,,,,,,,,,,,,"males + females = 8253, published total 7067"
2016-08-01,picc,facility,1030,0,1075,45,0,0,0,0,0,0,0,0,0,0,0,
2016-08-01,rcf,facility,0,636,639,0,1,0,0,0,0,0,2,0,0,0,0,
2016-08-01,roth,summary,23,1,24,,,,,,,,,,,,,
2016-08-01,state_doc,summary,0,0,0,,,,,,,,,,,,,
2016-08-01,total,summary,6743,656,7399,,,,,,,,,,,,,
2016-08-01,in_facility_total,summary,6350,648,6998,,,2,0,,,12,6,,,,,
2016-08-01,weekenders,facility,2,1,3,0,0,0,0,0,0,0,0,0,0,0,0,
2016-08-07,asd_cambria,facility,234,0,234,0,0,0,0,0,0,0,0,0,0,0,0,
2016-08-07,asd_cannery,facility,0,0,0,0,0,0,0,0,0,0,0,0,0,0,0,
2016-08-07,asd_wrp,facility,0,0,0,0,0,0,0,0,0,0,0,0,0,0,0,
2016-08-07,asd_asdcu,facility,137,5,144,0,0,2,0,0,0,0,0,0,0,0,0,
2016-08-07,asd_mod3,facility,0,0,0,0,0,0,0,0,0,0,0,0,0,0,0,
2016-08-07,cec,summary,298,0,298,,,,,,,,,,,,,
2016-08-07,cfcf,facility,2767,0,2769,0,0,0,0,0,0,2,0,0,0,0,0,
2016-08-07,dc,facility,1069,0,1069,0,0,0,0,0,0,0,0,0,0,0,0,
2016-08-07,dc_phsw,facility,47,8,57,0,0,0,0,0,0,2,0,0,0,0,0,
2016-08-07,delaware_county,summary,0,0,0,,,,,,,,,,,,,
2016-08-07,hoc,facility,1076,0,1076,0,0,0,0,0,0,0,0,0,0,0,0,
2016-08-07,juveniles,summary,3,0,3,,,,,,,,,,,,,
2016-08-07,lehigh_county,summary,28,1,29,,,,,,,,,,,,,
2016-08-07,nif_total,summary,6,1,7,,,,,,,,,,,,,
2016-08-07,other_jurisdictions,summary,50,5,55,,,,,,,,,,,,,
2016-08-07,out_of_county,summary,0,0,0,,,,,,,,,,,,,
2016-08-07,pdp_in_facility,facility,6341,651,7051,51,1,2,0,0,0,4,1,0,0,0,0,
2016-08-07,pdp_headcount_nif,summary,6398,653,7051,,,,,,,,,,,,,
2016-08-07,pdp_headcount_nif_oj,summary,7430,823,7106,,,,,,,,,,,,,"males + females = 8253, published total 7106"
2016-08-07,picc,facility,1009,0,1060,51,0,0,0,0,0,0,0,0,0,0,0,
2016-08-07,rcf,facility,0,637,639,0,1,0,0,0,0,0,1,0,0,0,0,
2016-08-07,roth,summary,23,1,24,,,,,,,,,,,,,
2016-08-07,state_doc,summary,0,0,0,,,,,,,,,,,,,
2016-08-07,total,summary,6800,660,7460,,,,,,,,,,,,,
2016-08-07,in_facility_total,summary,6392,652,7044,,,4,0,,,8,2,,,,,
2016-08-07,weekenders,facility,2,1,3,0,0,0,0,0,0,0,0,0,0,0,0,
2016-08-09,asd_cambria,facility,232,0,232,0,0,0,0,0,0,0,0,0,0,0,0,
2016-08-09,asd_cannery,facility,0,0,0,0,0,0,0,0,0,0,0,0,0,0,0,
2016-08-09,asd_wrp,facility,0,0,0,0,0,0,0,0,0,0,0,0,0,0,0,
2016-08-09,asd_asdcu,facility,141,5,148,0,0,2,0,0,0,0,0,0,0,0,0,
2016-08-09,asd_mod3,facility,0,0,0,0,0,0,0,0,0,0,0,0,0,0,0,
2016-08-09,cec,summary,294,0,294,,,,,,,,,,,,,
2016-08-09,cfcf,facility,2749,0,2755,0,0,0,0,0,0,4,0,2,0,0,0,
2016-08-09,dc,facility,1063,0,1063,0,0,0,0,0,0,0,0,0,0,0,0,
2016-08-09,dc_phsw,facility,39,9,50,0,0,0,0,0,0,2,0,0,0,0,0,
2016-08-09,delaware_county,summary,0,0,0,,,,,,,,,,,,,
2016-08-09,hoc,facility,1066,0,1066,0,0,0,0,0,0,0,0,0,0,0,0,
2016-08-09,juveniles,summary,3,0,3,,,,,,,,,,,,,
2016-08-09,lehigh_county,summary,27,1,28,,,,,,,,,,,,,
2016-08-09,nif_total,summary,10,0,10,,,,,,,,,,,,,
2016-08-09,other_jurisdictions,summary,53,4,57,,,,,,,,,,,,,
2016-08-09,out_of_county,summary,0,0,0,,,,,,,,,,,,,
2016-08-09,pdp_in_facility,facility,6312,636,7011,52,1,2,0,0,0,6,0,2,0,0,0,
2016-08-09,pdp_headcount_nif,summary,6374,637,7011,,,,,,,,,,,,,
2016-08-09,pdp_headcount_nif_oj,summary,7430,823,7068,,,,,,,,,,,,,"males + females = 8253, published total 7068"
2016-08-09,picc,facility,1021,0,1073,52,0,0,0,0,0,0,0,0,0,0,0,
2016-08-09,rcf,facility,0,622,623,0,1,0,0,0,0,0,0,0,0,0,0,
2016-08-09,roth,summary,23,1,24,,,,,,,,,,,,,
2016-08-09,state_doc,summary,0,0,0,,,,,,,,,,,,,
2016-08-09,total,summary,6774,643,7417,,,,,,,,,,,,,
2016-08-09,in_facility_total,summary,6364,637,7001,,,4,0,,,12,0,,,,,
2016-08-09,weekenders,facility,1,0,1,0,0,0,0,0,0,0,0,0,0,0,0,
2016-08-10,asd_cambria,facility,231,0,231,0,0,0,0,0,0,0,0,0,0,0,0,
2016-08-10,asd_cannery,facility,0,0,0,0,0,0,0,0,0,0,0,0,0,0,0,
2016-08-10,asd_wrp,facility,0,0,0,0,0,0,0,0,0,0,0,0,0,0,0,
2016-08-10,asd_asdcu,facility,140,5,145,0,0,0,0,0,0,0,0,0,0,0,0,
2016-08-10,asd_mod3,facility,0,0,0,0,0,0,0,0,0,0,0,0,0,0,0,
2016-08-10,cec,summary,287,0,287,,,,,,,,,,,,,
2016-08-10,cfcf,facility,2769,0,2776,0,0,0,0,0,0,6,0,1,0,0,0,
2016-08-10,dc,facility,1066,0,1066,0,0,0,0,0,0,0,0,0,0,0,0,
2016-08-10,dc_phsw,facility,37,6,47,0,0,0,0,0,0,3,0,0,1,0,0,
2016-08-10,delaware_county,summary,0,0,0,,,,,,,,,,,,,
2016-08-10,hoc,facility,1047,0,1047,0,0,0,0,0,0,0,0,0,0,0,0,
2016-08-10,juveniles,summary,3,0,3,,,,,,,,,,,,,
2016-08-10,lehigh_county,summary,27,1,28,,,,,,,,,,,,,
2016-08-10,nif_total,summary,10,1,11,,,,,,,,,,,,,
2016-08-10,other_jurisdictions,summary,59,4,63,,,,,,,,,,,,,
2016-08-10,out_of_county,summary,0,0,0,,,,,,,,,,,,,
2016-08-10,pdp_in_facility,facility,6308,645,7017,52,1,0,0,0,0,9,0,1,1,0,0,
2016-08-10,pdp_headcount_nif,summary,6370,647,7017,,,,,,,,,,,,,
2016-08-10,pdp_headcount_nif_oj,summary,7430,823,7080,,,,,,,,,,,,,"males + females = 8253, published total 7080"
2016-08-10,picc,facility,1016,0,1068,52,0,0,0,0,0,0,0,0,0,0,0,
2016-08-10,rcf,facility,0,634,635,0,1,0,0,0,0,0,0,0,0,0,0,
2016-08-10,roth,summary,21,1,22,,,,,,,,,,,,,
2016-08-10,state_doc,summary,0,0,0,,,,,,,,,,,,,
2016-08-10,total,summary,6767,653,7420,,,,,,,,,,,,,
2016-08-10,in_facility_total,summary,6360,646,7006,,,0,0,,,18,0,,,,,
2016-08-10,weekenders,facility,2,0,2,0,0,0,0,0,0,0,0,0,0,0,0,
2016-08-15,asd_cambria,facility,231,0,231,0,0,0,0,0,0,0,0,0,0,0,0,
2016-08-15,asd_cannery,facility,0,0,0,0,0,0,0,0,0,0,0,0,0,0,0,
2016-08-15,asd_wrp,facility,0,0,0,0,0,0,0,0,0,0,0,0,0,0,0,
2016-08-15,asd_asdcu,facility,136,5,141,0,0,0,0,0,0,0,0,0,0,0,0,
2016-08-15,asd_mod3,facility,0,0,0,0,0,0,0,0,0,0,0,0,0,0,0,
2016-08-15,cec,summary,295,0,295,,,,,,,,,,,,,
2016-08-15,cfcf,facility,2793,0,2798,0,0,0,0,0,0,4,0,1,0,0,0,
2016-08-15,dc,facility,1062,0,1062,0,0,0,0,0,0,0,0,0,0,0,0,
2016-08-15,dc_phsw,facility,45,6,53,0,0,0,0,0,0,2,0,0,0,0,0,
2016-08-15,delaware_county,summary,0,0,0,,,,,,,,,,,,,
2016-08-15,hoc,facility,1046,0,1047,0,0,0,0,0,0,0,0,1,0,0,0,
2016-08-15,juveniles,summary,3,0,3,,,,,,,,,,,,,
2016-08-15,lehigh_county,summary,27,1,28,,,,,,,,,,,,,
2016-08-15,nif_total,summary,9,1,10,,,,,,,,,,,,,
2016-08-15,other_jurisdictions,summary,58,3,61,,,,,,,,,,,,,
2016-08-15,out_of_county,summary,0,0,0,,,,,,,,,,,,,
2016-08-15,pdp_in_facility,facility,6331,656,7052,54,1,0,0,0,0,7,1,2,0,0,0,
2016-08-15,pdp_headcount_nif,summary,6394,658,7052,,,,,,,,,,,,,
2016-08-15,pdp_headcount_nif_oj,summary,7430,823,7113,,,,,,,,,,,,,"males + females = 8253, published total 7113"
2016-08-15,picc,facility,1018,0,1073,54,0,0,0,0,0,1,0,0,0,0,0,
2016-08-15,rcf,facility,0,645,647,0,1,0,0,0,0,0,1,0,0,0,0,
2016-08-15,roth,summary,23,1,24,,,,,,,,,,,,,
2016-08-15,state_doc,summary,0,0,0,,,,,,,,,,,,,
2016-08-15,total,summary,6800,663,7463,,,,,,,,,,,,,
2016-08-15,in_facility_total,summary,6385,657,7042,,,0,0,,,14,2,,,,,
2016-08-15,weekenders,facility,0,0,0,0,0,0,0,0,0,0,0,0,0,0,0,
2016-08-21,asd_cambria,facility,238,0,238,0,0,0,0,0,0,0,0,0,0,0,0,
2016-08-21,asd_cannery,facility,0,0,0,0,0,0,0,0,0,0,0,0,0,0,0,
2016-08-21,asd_wrp,facility,0,0,0,0,0,0,0,0,0,0,0,0,0,0,0,
2016-08-21,asd_asdcu,facility,142,5,151,0,0,3,0,0,0,1,0,0,0,0,0,
2016-08-21,asd_mod3,facility,0,0,0,0,0,0,0,0,0,0,0,0,0,0,0,
2016-08-21,cec,summary,296,0,296,,,,,,,,,,,,,
2016-08-21,cfcf,facility,2752,0,2755,0,0,0,0,0,0,3,0,0,0,0,0,
2016-08-21,dc,facility,1077,0,1077,0,0,0,0,0,0,0,0,0,0,0,0,
2016-08-21,dc_phsw,facility,49,7,58,0,0,0,0,0,0,2,0,0,0,0,0,
2016-08-21,delaware_county,summary,0,0,0,,,,,,,,,,,,,
2016-08-21,hoc,facility,1040,0,1042,0,0,0,0,0,0,0,0,2,0,0,0,
2016-08-21,juveniles,summary,2,0,2,,,,,,,,,,,,,
2016-08-21,lehigh_county,summary,27,1,28,,,,,,,,,,,,,
2016-08-21,nif_total,summary,11,0,11,,,,,,,,,,,,,
2016-08-21,other_jurisdictions,summary,59,5,64,,,,,,,,,,,,,
2016-08-21,out_of_county,summary,0,0,0,,,,,,,,,,,,,
2016-08-21,pdp_in_facility,facility,6316,664,7043,51,1,3,0,0,0,6,0,2,0,0,0,
2016-08-21,pdp_headcount_nif,summary,6378,665,7043,,,,,,,,,,,,,
2016-08-21,pdp_headcount_nif_oj,summary,7430,823,7107,,,,,,,,,,,,,"males + females = 8253, published total 7107"
2016-08-21,picc,facility,1007,0,1058,51,0,0,0,0,0,0,0,0,0,0,0,
2016-08-21,rcf,facility,0,646,647,0,1,0,0,0,0,0,0,0,0,0,0,
2016-08-21,roth,summary,23,1,24,,,,,,,,,,,,,
2016-08-21,state_doc,summary,0,0,0,,,,,,,,,,,,,
2016-08-21,total,summary,6785,672,7457,,,,,,,,,,,,,
2016-08-21,in_facility_total,summary,6367,665,7032,,,6,0,,,12,0,,,,,
2016-08-21,weekenders,facility,11,6,17,0,0,0,0,0,0,0,0,0,0,0,0,
2016-08-24,asd_cambria,facility,236,0,236,0,0,0,0,0,0,0,0,0,0,0,0,
2016-08-24,asd_cannery,facility,0,0,0,0,0,0,0,0,0,0,0,0,0,0,0,
2016-08-24,asd_wrp,facility,0,0,0,0,0,0,0,0,0,0,0,0,0,0,0,
2016-08-24,asd_asdcu,facility,136,5,142,0,0,1,0,0,0,0,0,0,0,0,0,
2016-08-24,asd_mod3,facility,0,0,0,0,0,0,0,0,0,0,0,0,0,0,0,
2016-08-24,cec,summary,300,0,300,,,,,,,,,,,,,
2016-08-24,cfcf,facility,2773,0,2779,0,0,0,0,0,0,6,0,0,0,0,0,
2016-08-24,dc,facility,1065,0,1065,0,0,0,0,0,0,0,0,0,0,0,0,
2016-08-24,dc_phsw,facility,36,4,43,0,0,0,0,0,0,3,0,0,0,0,0,
2016-08-24,delaware_county,summary,0,0,0,,,,,,,,,,,,,
2016-08-24,hoc,facility,1019,0,1019,0,0,0,0,0,0,0,0,0,0,0,0,
2016-08-24,juveniles,summary,1,0,1,,,,,,,,,,,,,
2016-08-24,lehigh_county,summary,25,1,26,,,,,,,,,,,,,
2016-08-24,nif_total,summary,10,0,10,,,,,,,,,,,,,
2016-08-24,other_jurisdictions,summary,50,3,53,,,,,,,,,,,,,
2016-08-24,out_of_county,summary,0,0,0,,,,,,,,,,,,,
2016-08-24,pdp_in_facility,facility,6270,664,6995,50,1,1,0,0,0,9,0,0,0,0,0,
2016-08-24,pdp_headcount_nif,summary,6330,665,6995,,,,,,,,,,,,,
2016-08-24,pdp_headcount_nif_oj,summary,7430,823,7048,,,,,,,,,,,,,"males + females = 8253, published total 7048"
2016-08-24,picc,facility,1003,0,1053,50,0,0,0,0,0,0,0,0,0,0,0,
2016-08-24,rcf,facility,0,655,656,0,1,0,0,0,0,0,0,0,0,0,0,
2016-08-24,roth,summary,22,1,23,,,,,,,,,,,,,
2016-08-24,state_doc,summary,0,0,0,,,,,,,,,,,,,
2016-08-24,total,summary,6728,670,7398,,,,,,,,,,,,,
2016-08-24,in_facility_total,summary,6320,665,6985,,,2,0,,,18,0,,,,,
2016-08-24,weekenders,facility,2,0,2,0,0,0,0,0,0,0,0,0,0,0,0,
2016-08-25,asd_cambria,facility,239,0,239,0,0,0,0,0,0,0,0,0,0,0,0,
2016-08-25,asd_cannery,facility,0,0,0,0,0,0,0,0,0,0,0,0,0,0,0,
2016-08-25,asd_wrp,facility,0,0,0,0,0,0,0,0,0,0,0,0,0,0,0,
2016-08-25,asd_asdcu,facility,143,5,149,0,0,1,0,0,0,0,0,0,0,0,0,
2016-08-25,asd_mod3,facility,0,0,0,0,0,0,0,0,0,0,0,0,0,0,0,
2016-08-25,cec,summary,298,0,298,,,,,,,,,,,,,
2016-08-25,cfcf,facility,2790,0,2795,0,0,0,0,0,0,5,0,0,0,0,0,
2016-08-25,dc,facility,1030,0,1030,0,0,0,0,0,0,0,0,0,0,0,0,
2016-08-25,dc_phsw,facility,33,3,38,0,0,0,0,0,0,2,0,0,0,0,0,
2016-08-25,delaware_county,summary,0,0,0,,,,,,,,,,,,,
2016-08-25,hoc,facility,1017,0,1017,0,0,0,0,0,0,0,0,0,0,0,0,
2016-08-25,juveniles,summary,1,0,1,,,,,,,,,,,,,
2016-08-25,lehigh_county,summary,26,1,27,,,,,,,,,,,,,
2016-08-25,nif_total,summary,9,1,10,,,,,,,,,,,,,
2016-08-25,other_jurisdictions,summary,55,3,58,,,,,,,,,,,,,
2016-08-25,out_of_county,summary,0,0,0,,,,,,,,,,,,,
2016-08-25,pdp_in_facility,facility,6251,671,6983,49,2,1,0,0,0,8,0,0,1,0,0,
2016-08-25,pdp_headcount_nif,summary,6309,674,6983,,,,,,,,,,,,,
2016-08-25,pdp_headcount_nif_oj,summary,7430,823,7041,,,,,,,,,,,,,"males + females = 8253, published total 7041"
2016-08-25,picc,facility,998,0,1048,49,0,0,0,0,0,1,0,0,0,0,0,
2016-08-25,rcf,facility,0,663,666,0,2,0,0,0,0,0,0,0,1,0,0,
2016-08-25,roth,summary,22,1,23,,,,,,,,,,,,,
2016-08-25,state_doc,summary,0,0,0,,,,,,,,,,,,,
2016-08-25,total,summary,6711,679,7390,,,,,,,,,,,,,
2016-08-25,in_facility_total,summary,6300,673,6973,,,2,0,,,16,0,,,,,
2016-08-25,weekenders,facility,1,0,1,0,0,0,0,0,0,0,0,0,0,0,0,
2016-08-29,asd_cambria,facility,237,0,237,0,0,0,0,0,0,0,0,0,0,0,0,
2016-08-29,asd_cannery,facility,0,0,0,0,0,0,0,0,0,0,0,0,0,0,0,
2016-08-29,asd_wrp,facility,0,0,0,0,0,0,0,0,0,0,0,0,0,0,0,
2016-08-29,asd_asdcu,facility,136,0,138,0,0,2,0,0,0,0,0,0,0,0,0,
2016-08-29,asd_mod3,facility,0,0,0,0,0,0,0,0,0,0,0,0,0,0,0,
2016-08-29,cec,summary,279,0,279,,,,,,,,,,,,,
2016-08-29,cfcf,facility,2787,0,2792,0,0,0,0,0,0,5,0,0,0,0,0,
2016-08-29,dc,facility,1077,0,1078,0,0,0,0,0,0,0,0,1,0,0,0,
2016-08-29,dc_phsw,facility,36,5,43,0,0,0,0,0,0,2,0,0,0,0,0,
2016-08-29,delaware_county,summary,0,0,0,,,,,,,,,,,,,
2016-08-29,hoc,facility,1042,0,1042,0,0,0,0,0,0,0,0,0,0,0,0,
2016-08-29,juveniles,summary,1,0,1,,,,,,,,,,,,,
2016-08-29,lehigh_county,summary,26,1,27,,,,,,,,,,,,,
2016-08-29,nif_total,summary,11,0,11,,,,,,,,,,,,,
2016-08-29,other_jurisdictions,summary,46,4,50,,,,,,,,,,,,,
2016-08-29,out_of_county,summary,0,0,0,,,,,,,,,,,,,
2016-08-29,pdp_in_facility,facility,6313,675,7050,49,2,2,0,0,0,8,0,1,0,0,0,
2016-08-29,pdp_headcount_nif,summary,6373,677,7050,,,,,,,,,,,,,
2016-08-29,pdp_headcount_nif_oj,summary,7430,823,7100,,,,,,,,,,,,,"males + females = 8253, published total 7100"
2016-08-29,picc,facility,997,0,1047,49,0,0,0,0,0,1,0,0,0,0,0,
2016-08-29,rcf,facility,0,669,671,0,2,0,0,0,0,0,0,0,0,0,0,
2016-08-29,roth,summary,25,2,27,,,,,,,,,,,,,
2016-08-29,state_doc,summary,0,0,0,,,,,,,,,,,,,
2016-08-29,total,summary,6750,684,7434,,,,,,,,,,,,,
2016-08-29,in_facility_total,summary,6362,677,7039,,,4,0,,,16,0,,,,,
2016-08-29,weekenders,facility,1,1,2,0,0,0,0,0,0,0,0,0,0,0,0,
2016-08-30,asd_cambria,facility,235,0,235,0,0,0,0,0,0,0,0,0,0,0,0,
2016-08-30,asd_cannery,facility,0,0,0,0,0,0,0,0,0,0,0,0,0,0,0,
2016-08-30,asd_wrp,facility,0,0,0,0,0,0,0,0,0,0,0,0,0,0,0,
2016-08-30,asd_asdcu,facility,134,0,136,0,0,2,0,0,0,0,0,0,0,0,0,
2016-08-30,asd_mod3,facility,0,0,0,0,0,0,0,0,0,0,0,0,0,0,0,
2016-08-30,cec,summary,284,0,284,,,,,,,,,,,,,
2016-08-30,cfcf,facility,2764,0,2768,0,0,0,0,0,0,2,0,2,0,0,0,
2016-08-30,dc,facility,1059,0,1059,0,0,0,0,0,0,0,0,0,0,0,0,
2016-08-30,dc_phsw,facility,36,4,42,0,0,0,0,0,0,2,0,0,0,0,0,
2016-08-30,delaware_county,summary,0,0,0,,,,,,,,,,,,,
2016-08-30,hoc,facility,1030,0,1030,0,0,0,0,0,0,0,0,0,0,0,0,
2016-08-30,juveniles,summary,1,0,1,,,,,,,,,,,,,
2016-08-30,lehigh_county,summary,27,1,28,,,,,,,,,,,,,
2016-08-30,nif_total,summary,9,1,10,,,,,,,,,,,,,
2016-08-30,other_jurisdictions,summary,51,4,55,,,,,,,,,,,,,
2016-08-30,out_of_county,summary,0,0,0,,,,,,,,,,,,,
2016-08-30,pdp_in_facility,facility,6265,659,6983,47,2,2,0,0,0,5,1,2,0,0,0,
2016-08-30,pdp_headcount_nif,summary,6321,662,6983,,,,,,,,,,,,,
2016-08-30,pdp_headcount_nif_oj,summary,7430,823,7038,,,,,,,,,,,,,"males + females = 8253, published total 7038"
2016-08-30,picc,facility,1006,0,1054,47,0,0,0,0,0,1,0,0,0,0,0,
2016-08-30,rcf,facility,0,655,658,0,2,0,0,0,0,0,1,0,0,0,0,
2016-08-30,roth,summary,25,4,29,,,,,,,,,,,,,
2016-08-30,state_doc,summary,0,0,0,,,,,,,,,,,,,
2016-08-30,total,summary,6709,671,7380,,,,,,,,,,,,,
2016-08-30,in_facility_total,summary,6312,661,6973,,,4,0,,,10,2,,,,,
2016-08-30,weekenders,facility,1,0,1,0,0,0,0,0,0,0,0,0,0,0,0,
2016-08-31,asd_cambria,facility,240,0,240,0,0,0,0,0,0,0,0,0,0,0,0,
2016-08-31,asd_cannery,facility,0,0,0,0,0,0,0,0,0,0,0,0,0,0,0,
2016-08-31,asd_wrp,facility,0,0,0,0,0,0,0,0,0,0,0,0,0,0,0,
2016-08-31,asd_asdcu,facility,134,0,137,0,0,3,0,0,0,0,0,0,0,0,0,
2016-08-31,asd_mod3,facility,0,0,0,0,0,0,0,0,0,0,0,0,0,0,0,
2016-08-31,cec,summary,294,0,294,,,,,,,,,,,,,
2016-08-31,cfcf,facility,2736,0,2741,0,0,0,0,0,0,4,0,1,0,0,0,
2016-08-31,dc,facility,1036,0,1036,0,0,0,0,0,0,0,0,0,0,0,0,
2016-08-31,dc_phsw,facility,33,2,37,0,0,0,0,0,0,2,0,0,0,0,0,
2016-08-31,delaware_county,summary,0,0,0,,,,,,,,,,,,,
2016-08-31,hoc,facility,1029,0,1029,0,0,0,0,0,0,0,0,0,0,0,0,
2016-08-31,juveniles,summary,1,0,1,,,,,,,,,,,,,
2016-08-31,lehigh_county,summary,26,1,27,,,,,,,,,,,,,
2016-08-31,nif_total,summary,11,1,12,,,,,,,,,,,,,
2016-08-31,other_jurisdictions,summary,50,4,54,,,,,,,,,,,,,
2016-08-31,out_of_county,summary,0,0,0,,,,,,,,,,,,,
2016-08-31,pdp_in_facility,facility,6226,671,6959,48,2,3,0,0,0,7,0,1,1,0,0,
2016-08-31,pdp_headcount_nif,summary,6285,674,6959,,,,,,,,,,,,,
2016-08-31,pdp_headcount_nif_oj,summary,7430,823,7013,,,,,,,,,,,,,"males + females = 8253, published total 7013"
2016-08-31,picc,facility,1016,0,1065,48,0,0,0,0,0,1,0,0,0,0,0,
2016-08-31,rcf,facility,0,669,672,0,2,0,0,0,0,0,0,0,1,0,0,
2016-08-31,roth,summary,25,4,29,,,,,,,,,,,,,
2016-08-31,state_doc,summary,0,0,0,,,,,,,,,,,,,
2016-08-31,total,summary,6681,683,7364,,,,,,,,,,,,,
2016-08-31,in_facility_total,summary,6274,673,6947,,,6,0,,,14,0,,,,,
2016-08-31,weekenders,facility,2,0,2,0,0,0,0,0,0,0,0,0,0,0,0,
2016-09-05,asd_cambria,facility,233,0,233,0,0,0,0,0,0,0,0,0,0,0,0,
2016-09-05,asd_cannery,facility,0,0,0,0,0,0,0,0,0,0,0,0,0,0,0,
2016-09-05,asd_wrp,facility,0,0,0,0,0,0,0,0,0,0,0,0,0,0,0,
2016-09-05,asd_asdcu,facility,147,0,148,0,0,1,0,0,0,0,0,0,0,0,0,
2016-09-05,asd_mod3,facility,0,0,0,0,0,0,0,0,0,0,0,0,0,0,0,
2016-09-05,cec,summary,281,0,281,,,,,,,,,,,,,
2016-09-05,cfcf,facility,2754,0,2758,0,0,0,0,0,0,3,0,1,0,0,0,
2016-09-05,dc,facility,1063,0,1063,0,0,0,0,0,0,0,0,0,0,0,0,
2016-09-05,dc_phsw,facility,45,3,50,0,0,0,0,0,0,2,0,0,0,0,0,
2016-09-05,delaware_county,summary,0,0,0,,,,,,,,,,,,,
2016-09-05,hoc,facility,1031,0,1032,0,0,0,0,0,0,1,0,0,0,0,0,
2016-09-05,juveniles,summary,2,0,2,,,,,,,,,,,,,
2016-09-05,lehigh_county,summary,35,1,36,,,,,,,,,,,,,
2016-09-05,nif_total,summary,9,1,10,,,,,,,,,,,,,
2016-09-05,other_jurisdictions,summary,54,4,58,,,,,,,,,,,,,
2016-09-05,out_of_county,summary,0,0,0,,,,,,,,,,,,,
2016-09-05,pdp_in_facility,facility,6294,657,7014,50,3,1,0,0,0,7,1,1,0,0,0,
2016-09-05,pdp_headcount_nif,summary,6353,661,7014,,,,,,,,,,,,,
2016-09-05,pdp_headcount_nif_oj,summary,7430,823,7072,,,,,,,,,,,,,"males + females = 8253, published total 7072"
2016-09-05,picc,facility,1021,0,1072,50,0,0,0,0,0,1,0,0,0,0,0,
2016-09-05,rcf,facility,0,654,658,0,3,0,0,0,0,0,1,0,0,0,0,
2016-09-05,roth,summary,29,4,33,,,,,,,,,,,,,
2016-09-05,state_doc,summary,0,0,0,,,,,,,,,,,,,
2016-09-05,total,summary,6754,670,7424,,,,,,,,,,,,,
2016-09-05,in_facility_total,summary,6344,660,7004,,,2,0,,,14,2,,,,,
2016-09-05,weekenders,facility,0,0,0,0,0,0,0,0,0,0,0,0,0,0,0,
2016-09-07,asd_cambria,facility,231,0,231,0,0,0,0,0,0,0,0,0,0,0,0,
2016-09-07,asd_cannery,facility,0,0,0,0,0,0,0,0,0,0,0,0,0,0,0,
2016-09-07,asd_wrp,facility,0,0,0,0,0,0,0,0,0,0,0,0,0,0,0,
2016-09-07,asd_asdcu,facility,148,0,148,0,0,0,0,0,0,0,0,0,0,0,0,
2016-09-07,asd_mod3,facility,0,0,0,0,0,0,0,0,0,0,0,0,0,0,0,
2016-09-07,cec,summary,272,0,272,,,,,,,,,,,,,
2016-09-07,cfcf,facility,2747,0,2750,0,0,0,0,0,0,3,0,0,0,0,0,
2016-09-07,dc,facility,1068,0,1068,0,0,0,0,0,0,0,0,0,0,0,0,
2016-09-07,dc_phsw,facility,36,2,40,0,0,0,0,0,0,2,0,0,0,0,0,
2016-09-07,delaware_county,summary,0,0,0,,,,,,,,,,,,,
2016-09-07,hoc,facility,1040,0,1040,0,0,0,0,0,0,0,0,0,0,0,0,
2016-09-07,juveniles,summary,2,0,2,,,,,,,,,,,,,
2016-09-07,lehigh_county,summary,35,0,35,,,,,,,,,,,,,
2016-09-07,nif_total,summary,7,0,7,,,,,,,,,,,,,
2016-09-07,other_jurisdictions,summary,53,4,57,,,,,,,,,,,,,
2016-09-07,out_of_county,summary,0,0,0,,,,,,,,,,,,,
2016-09-07,pdp_in_facility,facility,6286,650,6996,50,3,0,0,0,0,7,0,0,0,0,0,
2016-09-07,pdp_headcount_nif,summary,6343,653,6996,,,,,,,,,,,,,
2016-09-07,pdp_headcount_nif_oj,summary,7430,823,7053,,,,,,,,,,,,,"males + females = 8253, published total 7053"
2016-09-07,picc,facility,1014,0,1066,50,0,0,0,0,0,2,0,0,0,0,0,
2016-09-07,rcf,facility,0,648,651,0,3,0,0,0,0,0,0,0,0,0,0,
2016-09-07,roth,summary,28,4,32,,,,,,,,,,,,,
2016-09-07,state_doc,summary,0,0,0,,,,,,,,,,,,,
2016-09-07,total,summary,6733,661,7394,,,,,,,,,,,,,
2016-09-07,in_facility_total,summary,6336,653,6989,,,0,0,,,14,0,,,,,
2016-09-07,weekenders,facility,2,0,2,0,0,0,0,0,0,0,0,0,0,0,0,
2016-09-11,asd_cambria,facility,240,0,240,0,0,0,0,0,0,0,0,0,0,0,0,
2016-09-11,asd_cannery,facility,0,0,0,0,0,0,0,0,0,0,0,0,0,0,0,
2016-09-11,asd_wrp,facility,0,0,0,0,0,0,0,0,0,0,0,0,0,0,0,
2016-09-11,asd_asdcu,facility,147,0,148,0,0,1,0,0,0,0,0,0,0,0,0,
2016-09-11,asd_mod3,facility,0,0,0,0,0,0,0,0,0,0,0,0,0,0,0,
2016-09-11,cec,summary,295,0,295,,,,,,,,,,,,,
2016-09-11,cfcf,facility,2762,0,2763,0,0,0,0,0,0,1,0,0,0,0,0,
2016-09-11,dc,facility,1081,0,1082,0,0,0,0,0,0,1,0,0,0,0,0,
2016-09-11,dc_phsw,facility,40,3,44,0,0,0,0,0,0,1,0,0,0,0,0,
2016-09-11,delaware_county,summary,0,0,0,,,,,,,,,,,,,
2016-09-11,hoc,facility,1025,0,1025,0,0,0,0,0,0,0,0,0,0,0,0,
2016-09-11,juveniles,summary,2,0,2,,,,,,,,,,,,,
2016-09-11,lehigh_county,summary,34,1,35,,,,,,,,,,,,,
2016-09-11,nif_total,summary,5,0,5,,,,,,,,,,,,,
2016-09-11,other_jurisdictions,summary,46,5,51,,,,,,,,,,,,,
2016-09-11,out_of_county,summary,0,0,0,,,,,,,,,,,,,
2016-09-11,pdp_in_facility,facility,6317,667,7041,49,3,1,0,0,0,4,0,0,0,0,0,
2016-09-11,pdp_headcount_nif,summary,6371,670,7041,,,,,,,,,,,,,
2016-09-11,pdp_headcount_nif_oj,summary,7430,823,7092,,,,,,,,,,,,,"males + females = 8253, published total 7092"
2016-09-11,picc,facility,1010,0,1060,49,0,0,0,0,0,1,0,0,0,0,0,
2016-09-11,rcf,facility,0,662,665,0,3,0,0,0,0,0,0,0,0,0,0,
2016-09-11,roth,summary,28,4,32,,,,,,,,,,,,,
2016-09-11,state_doc,summary,0,0,0,,,,,,,,,,,,,
2016-09-11,total,summary,6776,680,7456,,,,,,,,,,,,,
2016-09-11,in_facility_total,summary,6366,670,7036,,,2,0,,,8,0,,,,,
2016-09-11,weekenders,facility,12,2,14,0,0,0,0,0,0,0,0,0,0,0,0,
2016-09-12,asd_cambria,facility,237,0,237,0,0,0,0,0,0,0,0,0,0,0,0,
2016-09-12,asd_cannery,facility,0,0,0,0,0,0,0,0,0,0,0,0,0,0,0,
2016-09-12,asd_wrp,facility,0,0,0,0,0,0,0,0,0,0,0,0,0,0,0,
2016-09-12,asd_asdcu,facility,145,0,146,0,0,1,0,0,0,0,0,0,0,0,0,
2016-09-12,asd_mod3,facility,0,0,0,0,0,0,0,0,0,0,0,0,0,0,0,
2016-09-12,cec,summary,290,0,290,,,,,,,,,,,,,
2016-09-12,cfcf,facility,2752,0,2753,0,0,0,0,0,0,1,0,0,0,0,0,
2016-09-12,dc,facility,1086,0,1086,0,0,0,0,0,0,0,0,0,0,0,0,
2016-09-12,dc_phsw,facility,40,3,44,0,0,0,0,0,0,1,0,0,0,0,0,
2016-09-12,delaware_county,summary,0,0,0,,,,,,,,,,,,,
2016-09-12,hoc,facility,1027,0,1027,0,0,0,0,0,0,0,0,0,0,0,0,
2016-09-12,juveniles,summary,2,0,2,,,,,,,,,,,,,
2016-09-12,lehigh_county,summary,32,1,33,,,,,,,,,,,,,
2016-09-12,nif_total,summary,4,3,7,,,,,,,,,,,,,
2016-09-12,other_jurisdictions,summary,50,5,55,,,,,,,,,,,,,
2016-09-12,out_of_county,summary,0,0,0,,,,,,,,,,,,,
2016-09-12,pdp_in_facility,facility,6297,666,7022,49,3,1,0,0,0,3,2,0,1,0,0,
2016-09-12,pdp_headcount_nif,summary,6350,672,7022,,,,,,,,,,,,,
2016-09-12,pdp_headcount_nif_oj,summary,7430,823,7077,,,,,,,,,,,,,"males + females = 8253, published total 7077"
2016-09-12,picc,facility,1010,0,1060,49,0,0,0,0,0,1,0,0,0,0,0,
2016-09-12,rcf,facility,0,663,669,0,3,0,0,0,0,0,2,0,1,0,0,
2016-09-12,roth,summary,27,4,31,,,,,,,,,,,,,
2016-09-12,state_doc,summary,0,0,0,,,,,,,,,,,,,
2016-09-12,total,summary,6751,682,7433,,,,,,,,,,,,,
2016-09-12,in_facility_total,summary,6346,669,7015,,,2,0,,,6,4,,,,,
2016-09-12,weekenders,facility,0,0,0,0,0,0,0,0,0,0,0,0,0,0,0,
2016-09-13,asd_cambria,facility,231,0,231,0,0,0,0,0,0,0,0,0,0,0,0,
2016-09-13,asd_cannery,facility,0,0,0,0,0,0,0,0,0,0,0,0,0,0,0,
2016-09-13,asd_wrp,facility,0,0,0,0,0,0,0,0,0,0,0,0,0,0,0,
2016-09-13,asd_asdcu,facility,146,0,148,0,0,2,0,0,0,0,0,0,0,0,0,
2016-09-13,asd_mod3,facility,0,0,0,0,0,0,0,0,0,0,0,0,0,0,0,
2016-09-13,cec,summary,299,0,299,,,,,,,,,,,,,
2016-09-13,cfcf,facility,2743,0,2747,0,0,0,0,0,0,3,0,1,0,0,0,
2016-09-13,dc,facility,1062,0,1062,0,0,0,0,0,0,0,0,0,0,0,0,
2016-09-13,dc_phsw,facility,32,2,35,0,0,0,0,0,0,1,0,0,0,0,0,
2016-09-13,delaware_county,summary,0,0,0,,,,,,,,,,,,,
2016-09-13,hoc,facility,1029,0,1029,0,0,0,0,0,0,0,0,0,0,0,0,
2016-09-13,juveniles,summary,2,0,2,,,,,,,,,,,,,
2016-09-13,lehigh_county,summary,32,1,33,,,,,,,,,,,,,
2016-09-13,nif_total,summary,8,2,10,,,,,,,,,,,,,
2016-09-13,other_jurisdictions,summary,55,5,60,,,,,,,,,,,,,
2016-09-13,out_of_county,summary,0,0,0,,,,,,,,,,,,,
2016-09-13,pdp_in_facility,facility,6257,653,6972,49,3,2,0,0,0,5,2,1,0,0,0,
2016-09-13,pdp_headcount_nif,summary,6314,658,6972,,,,,,,,,,,,,
2016-09-13,pdp_headcount_nif_oj,summary,7430,823,7032,,,,,,,,,,,,,"males + females = 8253, published total 7032"
2016-09-13,picc,facility,1013,0,1063,49,0,0,0,0,0,1,0,0,0,0,0,
2016-09-13,rcf,facility,0,651,656,0,3,0,0,0,0,0,2,0,0,0,0,
2016-09-13,roth,summary,27,4,31,,,,,,,,,,,,,
2016-09-13,state_doc,summary,0,0,0,,,,,,,,,,,,,
2016-09-13,total,summary,6729,668,7397,,,,,,,,,,,,,
2016-09-13,in_facility_total,summary,6306,656,6962,,,4,0,,,10,4,,,,,
2016-09-13,weekenders,facility,1,0,1,0,0,0,0,0,0,0,0,0,0,0,0,
2016-09-18,asd_cambria,facility,225,0,225,0,0,0,0,0,0,0,0,0,0,0,0,
2016-09-18,asd_cannery,facility,0,0,0,0,0,0,0,0,0,0,0,0,0,0,0,
2016-09-18,asd_wrp,facility,0,0,0,0,0,0,0,0,0,0,0,0,0,0,0,
2016-09-18,asd_asdcu,facility,147,0,148,0,0,1,0,0,0,0,0,0,0,0,0,
2016-09-18,asd_mod3,facility,0,0,0,0,0,0,0,0,0,0,0,0,0,0,0,
2016-09-18,cec,summary,296,0,296,,,,,,,,,,,,,
2016-09-18,cfcf,facility,2727,0,2729,0,0,0,0,0,0,2,0,0,0,0,0,
2016-09-18,dc,facility,1081,0,1082,0,0,0,0,0,0,0,0,1,0,0,0,
2016-09-18,dc_phsw,facility,38,3,43,0,0,0,0,0,0,2,0,0,0,0,0,
2016-09-18,delaware_county,summary,0,0,0,,,,,,,,,,,,,
2016-09-18,hoc,facility,1040,0,1040,0,0,0,0,0,0,0,0,0,0,0,0,
2016-09-18,juveniles,summary,2,0,2,,,,,,,,,,,,,
2016-09-18,lehigh_county,summary,30,1,31,,,,,,,,,,,,,
2016-09-18,nif_total,summary,8,3,11,,,,,,,,,,,,,
2016-09-18,other_jurisdictions,summary,54,6,60,,,,,,,,,,,,,
2016-09-18,out_of_county,summary,0,0,0,,,,,,,,,,,,,
2016-09-18,pdp_in_facility,facility,6284,656,7001,47,3,1,0,0,0,6,3,1,0,0,0,
2016-09-18,pdp_headcount_nif,summary,6339,662,7001,,,,,,,,,,,,,
2016-09-18,pdp_headcount_nif_oj,summary,7430,823,7061,,,,,,,,,,,,,"males + females = 8253, published total 7061"
2016-09-18,picc,facility,1017,0,1066,47,0,0,0,0,0,2,0,0,0,0,0,
2016-09-18,rcf,facility,0,650,656,0,3,0,0,0,0,0,3,0,0,0,0,
2016-09-18,roth,summary,23,4,27,,,,,,,,,,,,,
2016-09-18,state_doc,summary,0,0,0,,,,,,,,,,,,,
2016-09-18,total,summary,6744,673,7417,,,,,,,,,,,,,
2016-09-18,in_facility_total,summary,6331,659,6990,,,2,0,,,12,6,,,,,
2016-09-18,weekenders,facility,9,3,12,0,0,0,0,0,0,0,0,0,0,0,0,
2016-09-22,asd_cambria,facility,229,0,229,0,0,0,0,0,0,0,0,0,0,0,0,
2016-09-22,asd_cannery,facility,0,0,0,0,0,0,0,0,0,0,0,0,0,0,0,
2016-09-22,asd_wrp,facility,0,0,0,0,0,0,0,0,0,0,0,0,0,0,0,
2016-09-22,asd_asdcu,facility,151,3,155,0,0,1,0,0,0,0,0,0,0,0,0,
2016-09-22,asd_mod3,facility,0,0,0,0,0,0,0,0,0,0,0,0,0,0,0,
2016-09-22,cec,summary,295,0,295,,,,,,,,,,,,,
2016-09-22,cfcf,facility,2719,0,2721,0,0,0,0,0,0,2,0,0,0,0,0,
2016-09-22,dc,facility,1083,0,1084,0,0,0,0,0,0,1,0,0,0,0,0,
2016-09-22,dc_phsw,facility,38,2,41,0,0,0,0,0,0,1,0,0,0,0,0,
2016-09-22,delaware_county,summary,0,0,0,,,,,,,,,,,,,
2016-09-22,hoc,facility,1027,0,1027,0,0,0,0,0,0,0,0,0,0,0,0,
2016-09-22,juveniles,summary,1,0,1,,,,,,,,,,,,,
2016-09-22,lehigh_county,summary,32,1,33,,,,,,,,,,,,,
2016-09-22,nif_total,summary,7,2,9,,,,,,,,,,,,,
2016-09-22,other_jurisdictions,summary,58,5,63,,,,,,,,,,,,,
2016-09-22,out_of_county,summary,0,0,0,,,,,,,,,,,,,
2016-09-22,pdp_in_facility,facility,6245,650,6952,45,3,1,0,0,0,6,2,0,0,0,0,
2016-09-22,pdp_headcount_nif,summary,6297,655,6952,,,,,,,,,,,,,
2016-09-22,pdp_headcount_nif_oj,summary,7430,823,7015,,,,,,,,,,,,,"males + females = 8253, published total 7015"
2016-09-22,picc,facility,997,0,1044,45,0,0,0,0,0,2,0,0,0,0,0,
2016-09-22,rcf,facility,0,645,650,0,3,0,0,0,0,0,2,0,0,0,0,
2016-09-22,roth,summary,22,4,26,,,,,,,,,,,,,
2016-09-22,state_doc,summary,0,0,0,,,,,,,,,,,,,
2016-09-22,total,summary,6705,665,7370,,,,,,,,,,,,,
2016-09-22,in_facility_total,summary,6290,653,6943,,,2,0,,,12,4,,,,,
2016-09-22,weekenders,facility,1,0,1,0,0,0,0,0,0,0,0,0,0,0,0,
2016-09-25,asd_cambria,facility,234,0,234,0,0,0,0,0,0,0,0,0,0,0,0,
2016-09-25,asd_cannery,facility,0,0,0,0,0,0,0,0,0,0,0,0,0,0,0,
2016-09-25,asd_wrp,facility,0,0,0,0,0,0,0,0,0,0,0,0,0,0,0,
2016-09-25,asd_asdcu,facility,144,3,147,0,0,0,0,0,0,0,0,0,0,0,0,
2016-09-25,asd_mod3,facility,0,0,0,0,0,0,0,0,0,0,0,0,0,0,0,
2016-09-25,cec,summary,285,0,285,,,,,,,,,,,,,
2016-09-25,cfcf,facility,2720,0,2724,0,0,0,0,0,0,4,0,0,0,0,0,
2016-09-25,dc,facility,1119,0,1119,0,0,0,0,0,0,0,0,0,0,0,0,
2016-09-25,dc_phsw,facility,47,2,50,0,0,0,0,0,0,1,0,0,0,0,0,
2016-09-25,delaware_county,summary,0,0,0,,,,,,,,,,,,,
2016-09-25,hoc,facility,1063,0,1064,0,0,0,0,0,0,0,0,1,0,0,0,
2016-09-25,juveniles,summary,1,0,1,,,,,,,,,,,,,
2016-09-25,lehigh_county,summary,32,1,33,,,,,,,,,,,,,
2016-09-25,nif_total,summary,7,1,8,,,,,,,,,,,,,
2016-09-25,other_jurisdictions,summary,54,3,57,,,,,,,,,,,,,
2016-09-25,out_of_county,summary,0,0,0,,,,,,,,,,,,,
2016-09-25,pdp_in_facility,facility,6337,658,7050,44,3,0,0,0,0,6,1,1,0,0,0,
2016-09-25,pdp_headcount_nif,summary,6388,662,7050,,,,,,,,,,,,,
2016-09-25,pdp_headcount_nif_oj,summary,7430,823,7107,,,,,,,,,,,,,"males + females = 8253, published total 7107"
2016-09-25,picc,facility,1002,0,1047,44,0,0,0,0,0,1,0,0,0,0,0,
2016-09-25,rcf,facility,0,652,656,0,3,0,0,0,0,0,1,0,0,0,0,
2016-09-25,roth,summary,21,4,25,,,,,,,,,,,,,
2016-09-25,state_doc,summary,0,0,0,,,,,,,,,,,,,
2016-09-25,total,summary,6781,670,7451,,,,,,,,,,,,,
2016-09-25,in_facility_total,summary,6381,661,7042,,,0,0,,,12,2,,,,,
2016-09-25,weekenders,facility,8,1,9,0,0,0,0,0,0,0,0,0,0,0,0,
2016-09-27,asd_cambria,facility,232,0,232,0,0,0,0,0,0,0,0,0,0,0,0,
2016-09-27,asd_cannery,facility,0,0,0,0,0,0,0,0,0,0,0,0,0,0,0,
2016-09-27,asd_wrp,facility,0,0,0,0,0,0,0,0,0,0,0,0,0,0,0,
2016-09-27,asd_asdcu,facility,152,3,156,0,0,1,0,0,0,0,0,0,0,0,0,
2016-09-27,asd_mod3,facility,0,0,0,0,0,0,0,0,0,0,0,0,0,0,0,
2016-09-27,cec,summary,288,0,288,,,,,,,,,,,,,
2016-09-27,cfcf,facility,2679,0,2682,0,0,0,0,0,0,3,0,0,0,0,0,
2016-09-27,dc,facility,1090,0,1090,0,0,0,0,0,0,0,0,0,0,0,0,
2016-09-27,dc_phsw,facility,36,3,39,0,0,0,0,0,0,0,0,0,0,0,0,
2016-09-27,delaware_county,summary,0,0,0,,,,,,,,,,,,,
2016-09-27,hoc,facility,1091,0,1091,0,0,0,0,0,0,0,0,0,0,0,0,
2016-09-27,juveniles,summary,1,0,1,,,,,,,,,,,,,
2016-09-27,lehigh_county,summary,30,1,31,,,,,,,,,,,,,
2016-09-27,nif_total,summary,5,1,6,,,,,,,,,,,,,
2016-09-27,other_jurisdictions,summary,60,3,63,,,,,,,,,,,,,
2016-09-27,out_of_county,summary,0,0,0,,,,,,,,,,,,,
2016-09-27,pdp_in_facility,facility,6277,646,6976,44,3,1,0,0,0,4,1,0,0,0,0,
2016-09-27,pdp_headcount_nif,summary,6326,650,6976,,,,,,,,,,,,,
2016-09-27,pdp_headcount_nif_oj,summary,7430,823,7039,,,,,,,,,,,,,"males + females = 8253, published total 7039"
2016-09-27,picc,facility,996,0,1041,44,0,0,0,0,0,1,0,0,0,0,0,
2016-09-27,rcf,facility,0,640,644,0,3,0,0,0,0,0,1,0,0,0,0,
2016-09-27,roth,summary,19,4,23,,,,,,,,,,,,,
2016-09-27,state_doc,summary,0,0,0,,,,,,,,,,,,,
2016-09-27,total,summary,6724,658,7382,,,,,,,,,,,,,
2016-09-27,in_facility_total,summary,6321,649,6970,,,2,0,,,8,2,,,,,
2016-09-27,weekenders,facility,1,0,1,0,0,0,0,0,0,0,0,0,0,0,0,
2016-09-28,asd_cambria,facility,229,0,229,0,0,0,0,0,0,0,0,0,0,0,0,
2016-09-28,asd_cannery,facility,0,0,0,0,0,0,0,0,0,0,0,0,0,0,0,
2016-09-28,asd_wrp,facility,0,0,0,0,0,0,0,0,0,0,0,0,0,0,0,
2016-09-28,asd_asdcu,facility,147,3,151,0,0,0,0,0,0,1,0,0,0,0,0,
2016-09-28,asd_mod3,facility,0,0,0,0,0,0,0,0,0,0,0,0,0,0,0,
2016-09-28,cec,summary,288,0,288,,,,,,,,,,,,,
2016-09-28,cfcf,facility,2668,0,2671,0,0,0,0,0,0,3,0,0,0,0,0,
2016-09-28,dc,facility,1084,0,1084,0,0,0,0,0,0,0,0,0,0,0,0,
2016-09-28,dc_phsw,facility,39,4,43,0,0,0,0,0,0,0,0,0,0,0,0,
2016-09-28,delaware_county,summary,0,0,0,,,,,,,,,,,,,
2016-09-28,hoc,facility,1078,0,1078,0,0,0,0,0,0,0,0,0,0,0,0,
2016-09-28,juveniles,summary,1,0,1,,,,,,,,,,,,,
2016-09-28,lehigh_county,summary,30,1,31,,,,,,,,,,,,,
2016-09-28,nif_total,summary,6,3,9,,,,,,,,,,,,,
2016-09-28,other_jurisdictions,summary,62,5,67,,,,,,,,,,,,,
2016-09-28,out_of_county,summary,0,0,0,,,,,,,,,,,,,
2016-09-28,pdp_in_facility,facility,6244,649,6949,44,3,0,0,0,0,6,1,0,2,0,0,
2016-09-28,pdp_headcount_nif,summary,6294,655,6949,,,,,,,,,,,,,
2016-09-28,pdp_headcount_nif_oj,summary,7430,823,7016,,,,,,,,,,,,,"males + females = 8253, published total 7016"
2016-09-28,picc,facility,997,0,1043,44,0,0,0,0,0,2,0,0,0,0,0,
2016-09-28,rcf,facility,0,642,648,0,3,0,0,0,0,0,1,0,2,0,0,
2016-09-28,roth,summary,18,4,22,,,,,,,,,,,,,
2016-09-28,state_doc,summary,0,0,0,,,,,,,,,,,,,
2016-09-28,total,summary,6693,665,7358,,,,,,,,,,,,,
2016-09-28,in_facility_total,summary,6288,652,6940,,,0,0,,,12,2,,,,,
2016-09-28,weekenders,facility,2,0,2,0,0,0,0,0,0,0,0,0,0,0,0,
2016-09-29,asd_cambria,facility,191,0,191,0,0,0,0,0,0,0,0,0,0,0,0,
2016-09-29,asd_cannery,facility,0,0,0,0,0,0,0,0,0,0,0,0,0,0,0,
2016-09-29,asd_wrp,facility,0,0,0,0,0,0,0,0,0,0,0,0,0,0,0,
2016-09-29,asd_asdcu,facility,150,3,153,0,0,0,0,0,0,0,0,0,0,0,0,
2016-09-29,asd_mod3,facility,43,0,43,0,0,0,0,0,0,0,0,0,0,0,0,
2016-09-29,cec,summary,297,0,297,,,,,,,,,,,,,
2016-09-29,cfcf,facility,2671,0,2674,0,0,0,0,0,0,3,0,0,0,0,0,
2016-09-29,dc,facility,1047,0,1047,0,0,0,0,0,0,0,0,0,0,0,0,
2016-09-29,dc_phsw,facility,43,2,45,0,0,0,0,0,0,0,0,0,0,0,0,
2016-09-29,delaware_county,summary,0,0,0,,,,,,,,,,,,,
2016-09-29,hoc,facility,1069,0,1069,0,0,0,0,0,0,0,0,0,0,0,0,
2016-09-29,juveniles,summary,0,0,0,,,,,,,,,,,,,
2016-09-29,lehigh_county,summary,30,1,31,,,,,,,,,,,,,
2016-09-29,nif_total,summary,5,2,7,,,,,,,,,,,,,
2016-09-29,other_jurisdictions,summary,60,3,63,,,,,,,,,,,,,
2016-09-29,out_of_county,summary,0,0,0,,,,,,,,,,,,,
2016-09-29,pdp_in_facility,facility,6206,656,6917,46,2,0,0,0,0,5,2,0,0,0,0,
2016-09-29,pdp_headcount_nif,summary,6257,660,6917,,,,,,,,,,,,,
2016-09-29,pdp_headcount_nif_oj,summary,7430,823,6980,,,,,,,,,,,,,"males + females = 8253, published total 6980"
2016-09-29,picc,facility,991,0,1039,46,0,0,0,0,0,2,0,0,0,0,0,
2016-09-29,rcf,facility,0,651,655,0,2,0,0,0,0,0,2,0,0,0,0,
2016-09-29,roth,summary,18,4,22,,,,,,,,,,,,,
2016-09-29,state_doc,summary,0,0,0,,,,,,,,,,,,,
2016-09-29,total,summary,6662,668,7330,,,,,,,,,,,,,
2016-09-29,in_facility_total,summary,6252,658,6910,,,0,0,,,10,4,,,,,
2016-09-29,weekenders,facility,1,0,1,0,0,0,0,0,0,0,0,0,0,0,0,
2016-10-02,asd_cambria,facility,189,0,190,0,0,0,0,0,0,1,0,0,0,0,0,
2016-10-02,asd_cannery,facility,0,0,0,0,0,0,0,0,0,0,0,0,0,0,0,
2016-10-02,asd_wrp,facility,0,0,0,0,0,0,0,0,0,0,0,0,0,0,0,
2016-10-02,asd_asdcu,facility,147,3,151,0,0,1,0,0,0,0,0,0,0,0,0,
2016-10-02,asd_mod3,facility,42,0,42,0,0,0,0,0,0,0,0,0,0,0,0,
2016-10-02,cec,summary,292,0,292,,,,,,,,,,,,,
2016-10-02,cfcf,facility,2652,0,2654,0,0,0,0,0,0,2,0,0,0,0,0,
2016-10-02,dc,facility,1088,0,1089,0,0,0,0,0,0,1,0,0,0,0,0,
2016-10-02,dc_phsw,facility,48,7,55,0,0,0,0,0,0,0,0,0,0,0,0,
2016-10-02,delaware_county,summary,0,0,0,,,,,,,,,,,,,
2016-10-02,hoc,facility,1087,0,1087,0,0,0,0,0,0,0,0,0,0,0,0,
2016-10-02,juveniles,summary,0,0,0,,,,,,,,,,,,,
2016-10-02,lehigh_county,summary,30,1,31,,,,,,,,,,,,,
2016-10-02,nif_total,summary,7,4,11,,,,,,,,,,,,,
2016-10-02,other_jurisdictions,summary,54,3,57,,,,,,,,,,,,,
2016-10-02,out_of_county,summary,0,0,0,,,,,,,,,,,,,
2016-10-02,pdp_in_facility,facility,6253,669,6980,45,2,1,0,0,0,6,2,0,2,0,0,
2016-10-02,pdp_headcount_nif,summary,6305,675,6980,,,,,,,,,,,,,
2016-10-02,pdp_headcount_nif_oj,summary,7430,823,7037,,,,,,,,,,,,,"males + females = 8253, published total 7037"
2016-10-02,picc,facility,995,0,1042,45,0,0,0,0,0,2,0,0,0,0,0,
2016-10-02,rcf,facility,0,657,663,0,2,0,0,0,0,0,2,0,2,0,0,
2016-10-02,roth,summary,17,4,21,,,,,,,,,,,,,
2016-10-02,state_doc,summary,0,0,0,,,,,,,,,,,,,
2016-10-02,total,summary,6698,683,7381,,,,,,,,,,,,,
2016-10-02,in_facility_total,summary,6298,671,6969,,,2,0,,,12,4,,,,,
2016-10-02,weekenders,facility,5,2,7,0,0,0,0,0,0,0,0,0,0,0,0,
2016-10-10,asd_cambria,facility,232,0,233,0,0,0,0,0,0,1,0,0,0,0,0,
2016-10-10,asd_cannery,facility,0,0,0,0,0,0,0,0,0,0,0,0,0,0,0,
2016-10-10,asd_wrp,facility,0,0,0,0,0,0,0,0,0,0,0,0,0,0,0,
2016-10-10,asd_asdcu,facility,149,2,151,0,0,0,0,0,0,0,0,0,0,0,0,
2016-10-10,asd_mod3,facility,0,0,0,0,0,0,0,0,0,0,0,0,0,0,0,
2016-10-10,cec,summary,291,0,291,,,,,,,,,,,,,
2016-10-10,cfcf,facility,2686,0,2689,0,0,0,0,0,0,3,0,0,0,0,0,
2016-10-10,dc,facility,1087,0,1087,0,0,0,0,0,0,0,0,0,0,0,0,
2016-10-10,dc_phsw,facility,38,3,43,1,0,0,0,0,0,1,0,0,0,0,0,
2016-10-10,delaware_county,summary,0,0,0,,,,,,,,,,,,,
2016-10-10,hoc,facility,1072,0,1073,0,0,0,0,0,0,1,0,0,0,0,0,
2016-10-10,juveniles,summary,0,0,0,,,,,,,,,,,,,
2016-10-10,lehigh_county,summary,38,1,39,,,,,,,,,,,,,
2016-10-10,nif_total,summary,6,2,8,,,,,,,,,,,,,
2016-10-10,other_jurisdictions,summary,57,3,60,,,,,,,,,,,,,
2016-10-10,out_of_county,summary,0,0,0,,,,,,,,,,,,,
2016-10-10,pdp_in_facility,facility,6260,670,6986,46,2,0,0,0,0,6,2,0,0,0,0,
2016-10-10,pdp_headcount_nif,summary,6312,674,6986,,,,,,,,,,,,,
2016-10-10,pdp_headcount_nif_oj,summary,7430,823,7046,,,,,,,,,,,,,"males + females = 8253, published total 7046"
2016-10-10,picc,facility,996,0,1041,45,0,0,0,0,0,0,0,0,0,0,0,
2016-10-10,rcf,facility,0,665,669,0,2,0,0,0,0,0,2,0,0,0,0,
2016-10-10,roth,summary,19,5,24,,,,,,,,,,,,,
2016-10-10,state_doc,summary,0,0,0,,,,,,,,,,,,,
2016-10-10,total,summary,6717,683,7400,,,,,,,,,,,,,
2016-10-10,in_facility_total,summary,6306,672,6978,,,0,0,,,12,4,,,,,
2016-10-10,weekenders,facility,0,0,0,0,0,0,0,0,0,0,0,0,0,0,0,
2016-10-13,asd_cambria,facility,227,0,227,0,0,0,0,0,0,0,0,0,0,0,0,
2016-10-13,asd_cannery,facility,0,0,0,0,0,0,0,0,0,0,0,0,0,0,0,
2016-10-13,asd_wrp,facility,0,0,0,0,0,0,0,0,0,0,0,0,0,0,0,
2016-10-13,asd_asdcu,facility,138,2,140,0,0,0,0,0,0,0,0,0,0,0,0,
2016-10-13,asd_mod3,facility,0,0,0,0,0,0,0,0,0,0,0,0,0,0,0,
2016-10-13,cec,summary,285,0,285,,,,,,,,,,,,,
2016-10-13,cfcf,facility,2677,0,2678,0,0,0,0,0,0,0,0,1,0,0,0,
2016-10-13,dc,facility,1050,0,1050,0,0,0,0,0,0,0,0,0,0,0,0,
2016-10-13,dc_phsw,facility,35,5,41,0,0,0,0,0,0,1,0,0,0,0,0,
2016-10-13,delaware_county,summary,0,0,0,,,,,,,,,,,,,
2016-10-13,hoc,facility,1048,0,1049,0,0,0,0,0,0,1,0,0,0,0,0,
2016-10-13,juveniles,summary,0,0,0,,,,,,,,,,,,,
2016-10-13,lehigh_county,summary,36,1,37,,,,,,,,,,,,,
2016-10-13,nif_total,summary,3,1,4,,,,,,,,,,,,,
2016-10-13,other_jurisdictions,summary,63,4,67,,,,,,,,,,,,,
2016-10-13,out_of_county,summary,0,0,0,,,,,,,,,,,,,
2016-10-13,pdp_in_facility,facility,6162,660,6871,44,1,0,0,0,0,2,1,1,0,0,0,
2016-10-13,pdp_headcount_nif,summary,6209,662,6871,,,,,,,,,,,,,
2016-10-13,pdp_headcount_nif_oj,summary,7430,823,6938,,,,,,,,,,,,,"males + females = 8253, published total 6938"
2016-10-13,picc,facility,986,0,1030,44,0,0,0,0,0,0,0,0,0,0,0,
2016-10-13,rcf,facility,0,653,655,0,1,0,0,0,0,0,1,0,0,0,0,
2016-10-13,roth,summary,19,5,24,,,,,,,,,,,,,
2016-10-13,state_doc,summary,0,0,0,,,,,,,,,,,,,
2016-10-13,total,summary,6612,672,7284,,,,,,,,,,,,,
2016-10-13,in_facility_total,summary,6206,661,6867,,,0,0,,,4,2,,,,,
2016-10-13,weekenders,facility,1,0,1,0,0,0,0,0,0,0,0,0,0,0,0,
2016-10-17,asd_cambria,facility,231,0,231,0,0,0,0,0,0,0,0,0,0,0,0,
2016-10-17,asd_cannery,facility,0,0,0,0,0,0,0,0,0,0,0,0,0,0,0,
2016-10-17,asd_wrp,facility,0,0,0,0,0,0,0,0,0,0,0,0,0,0,0,
2016-10-17,asd_asdcu,facility,130,2,133,0,0,1,0,0,0,0,0,0,0,0,0,
2016-10-17,asd_mod3,facility,0,0,0,0,0,0,0,0,0,0,0,0,0,0,0,
2016-10-17,cec,summary,292,0,292,,,,,,,,,,,,,
2016-10-17,cfcf,facility,2695,0,2697,0,0,0,0,0,0,1,0,1,0,0,0,
2016-10-17,dc,facility,1083,0,1084,0,0,0,0,0,0,0,0,1,0,0,0,
2016-10-17,dc_phsw,facility,36,3,40,0,0,0,0,0,0,1,0,0,0,0,0,
2016-10-17,delaware_county,summary,0,0,0,,,,,,,,,,,,,
2016-10-17,hoc,facility,1023,0,1023,0,0,0,0,0,0,0,0,0,0,0,0,
2016-10-17,juveniles,summary,0,0,0,,,,,,,,,,,,,
2016-10-17,lehigh_county,summary,37,1,38,,,,,,,,,,,,,
2016-10-17,nif_total,summary,6,1,7,,,,,,,,,,,,,
2016-10-17,other_jurisdictions,summary,65,3,68,,,,,,,,,,,,,
2016-10-17,out_of_county,summary,0,0,0,,,,,,,,,,,,,
2016-10-17,pdp_in_facility,facility,6188,669,6909,44,1,1,0,0,0,3,1,2,0,0,0,
2016-10-17,pdp_headcount_nif,summary,6238,671,6909,,,,,,,,,,,,,
2016-10-17,pdp_headcount_nif_oj,summary,7430,823,6977,,,,,,,,,,,,,"males + females = 8253, published total 6977"
2016-10-17,picc,facility,990,0,1035,44,0,0,0,0,0,1,0,0,0,0,0,
2016-10-17,rcf,facility,0,663,665,0,1,0,0,0,0,0,1,0,0,0,0,
2016-10-17,roth,summary,17,5,22,,,,,,,,,,,,,
2016-10-17,state_doc,summary,0,0,0,,,,,,,,,,,,,
2016-10-17,total,summary,6649,680,7329,,,,,,,,,,,,,
2016-10-17,in_facility_total,summary,6232,670,6902,,,2,0,,,6,2,,,,,
2016-10-17,weekenders,facility,0,1,1,0,0,0,0,0,0,0,0,0,0,0,0,
2016-10-25,asd_cambria,facility,232,0,232,0,0,0,0,0,0,0,0,0,0,0,0,
2016-10-25,asd_cannery,facility,0,0,0,0,0,0,0,0,0,0,0,0,0,0,0,
2016-10-25,asd_wrp,facility,0,0,0,0,0,0,0,0,0,0,0,0,0,0,0,
2016-10-25,asd_asdcu,facility,127,2,130,0,0,1,0,0,0,0,0,0,0,0,0,
2016-10-25,asd_mod3,facility,0,0,0,0,0,0,0,0,0,0,0,0,0,0,0,
2016-10-25,cec,summary,287,0,287,,,,,,,,,,,,,
2016-10-25,cfcf,facility,2694,0,2697,0,0,0,0,0,0,3,0,0,0,0,0,
2016-10-25,dc,facility,1025,0,1026,0,0,0,0,0,0,1,0,0,0,0,0,
2016-10-25,dc_phsw,facility,33,5,38,0,0,0,0,0,0,0,0,0,0,0,0,
2016-10-25,delaware_county,summary,0,0,0,,,,,,,,,,,,,
2016-10-25,hoc,facility,1056,0,1057,0,0,0,0,0,0,1,0,0,0,0,0,
2016-10-25,juveniles,summary,0,0,0,,,,,,,,,,,,,
2016-10-25,lehigh_county,summary,31,1,32,,,,,,,,,,,,,
2016-10-25,nif_total,summary,6,2,8,,,,,,,,,,,,,
2016-10-25,other_jurisdictions,summary,57,4,61,,,,,,,,,,,,,
2016-10-25,out_of_county,summary,0,0,0,,,,,,,,,,,,,
2016-10-25,pdp_in_facility,facility,6160,669,6883,45,1,1,0,0,0,5,2,0,0,0,0,
2016-10-25,pdp_headcount_nif,summary,6211,672,6883,,,,,,,,,,,,,
2016-10-25,pdp_headcount_nif_oj,summary,7430,823,6944,,,,,,,,,,,,,"males + females = 8253, published total 6944"
2016-10-25,picc,facility,992,0,1037,45,0,0,0,0,0,0,0,0,0,0,0,
2016-10-25,rcf,facility,0,662,665,0,1,0,0,0,0,0,2,0,0,0,0,
2016-10-25,roth,summary,17,3,20,,,,,,,,,,,,,
2016-10-25,state_doc,summary,0,0,0,,,,,,,,,,,,,
2016-10-25,total,summary,6603,680,7283,,,,,,,,,,,,,
2016-10-25,in_facility_total,summary,6205,670,6875,,,2,0,,,10,4,,,,,
2016-10-25,weekenders,facility,1,0,1,0,0,0,0,0,0,0,0,0,0,0,0,
2016-10-26,asd_cambria,facility,230,0,230,0,0,0,0,0,0,0,0,0,0,0,0,
2016-10-26,asd_cannery,facility,0,0,0,0,0,0,0,0,0,0,0,0,0,0,0,
2016-10-26,asd_wrp,facility,0,0,0,0,0,0,0,0,0,0,0,0,0,0,0,
2016-10-26,asd_asdcu,facility,125,2,128,0,0,1,0,0,0,0,0,0,0,0,0,
2016-10-26,asd_mod3,facility,0,0,0,0,0,0,0,0,0,0,0,0,0,0,0,
2016-10-26,cec,summary,279,0,279,,,,,,,,,,,,,
2016-10-26,cfcf,facility,2694,0,2697,0,0,0,0,0,0,3,0,0,0,0,0,
2016-10-26,dc,facility,1001,0,1001,0,0,0,0,0,0,0,0,0,0,0,0,
2016-10-26,dc_phsw,facility,37,5,43,0,0,0,0,0,0,0,0,1,0,0,0,
2016-10-26,delaware_county,summary,0,0,0,,,,,,,,,,,,,
2016-10-26,hoc,facility,1053,0,1054,0,0,0,0,0,0,1,0,0,0,0,0,
2016-10-26,juveniles,summary,0,0,0,,,,,,,,,,,,,
2016-10-26,lehigh_county,summary,31,1,32,,,,,,,,,,,,,
2016-10-26,nif_total,summary,6,2,8,,,,,,,,,,,,,
2016-10-26,other_jurisdictions,summary,59,5,64,,,,,,,,,,,,,
2016-10-26,out_of_county,summary,0,0,0,,,,,,,,,,,,,
2016-10-26,pdp_in_facility,facility,6122,673,6849,45,1,1,0,0,0,4,2,1,0,0,0,
2016-10-26,pdp_headcount_nif,summary,6173,676,6849,,,,,,,,,,,,,
2016-10-26,pdp_headcount_nif_oj,summary,7430,823,6913,,,,,,,,,,,,,"males + females = 8253, published total 6913"
2016-10-26,picc,facility,980,0,1025,45,0,0,0,0,0,0,0,0,0,0,0,
2016-10-26,rcf,facility,0,666,669,0,1,0,0,0,0,0,2,0,0,0,0,
2016-10-26,roth,summary,17,3,20,,,,,,,,,,,,,
2016-10-26,state_doc,summary,0,0,0,,,,,,,,,,,,,
2016-10-26,total,summary,6559,685,7244,,,,,,,,,,,,,
2016-10-26,in_facility_total,summary,6167,674,6841,,,2,0,,,8,4,,,,,
2016-10-26,weekenders,facility,2,0,2,0,0,0,0,0,0,0,0,0,0,0,0,
2016-10-30,asd_cambria,facility,231,0,231,0,0,0,0,0,0,0,0,0,0,0,0,
2016-10-30,asd_cannery,facility,0,0,0,0,0,0,0,0,0,0,0,0,0,0,0,
2016-10-30,asd_wrp,facility,0,0,0,0,0,0,0,0,0,0,0,0,0,0,0,
2016-10-30,asd_asdcu,facility,130,2,132,0,0,0,0,0,0,0,0,0,0,0,0,
2016-10-30,asd_mod3,facility,0,0,0,0,0,0,0,0,0,0,0,0,0,0,0,
2016-10-30,cec,summary,286,0,286,,,,,,,,,,,,,
2016-10-30,cfcf,facility,2702,0,2702,0,0,0,0,0,0,0,0,0,0,0,0,
2016-10-30,dc,facility,1021,0,1022,0,0,0,0,0,0,0,0,1,0,0,0,
2016-10-30,dc_phsw,facility,43,7,51,0,0,0,0,0,0,1,0,0,0,0,0,
2016-10-30,delaware_county,summary,0,0,0,,,,,,,,,,,,,
2016-10-30,hoc,facility,1009,0,1011,0,0,0,0,0,0,1,0,1,0,0,0,
2016-10-30,juveniles,summary,0,0,0,,,,,,,,,,,,,
2016-10-30,lehigh_county,summary,31,1,32,,,,,,,,,,,,,
2016-10-30,nif_total,summary,4,0,4,,,,,,,,,,,,,
2016-10-30,other_jurisdictions,summary,58,3,61,,,,,,,,,,,,,
2016-10-30,out_of_county,summary,0,0,0,,,,,,,,,,,,,
2016-10-30,pdp_in_facility,facility,6120,665,6836,45,2,0,0,0,0,2,0,2,0,0,0,
2016-10-30,pdp_headcount_nif,summary,6169,667,6836,,,,,,,,,,,,,
2016-10-30,pdp_headcount_nif_oj,summary,7430,823,6897,,,,,,,,,,,,,"males + females = 8253, published total 6897"
2016-10-30,picc,facility,977,0,1022,45,0,0,0,0,0,0,0,0,0,0,0,
2016-10-30,rcf,facility,0,656,658,0,2,0,0,0,0,0,0,0,0,0,0,
2016-10-30,roth,summary,17,3,20,,,,,,,,,,,,,
2016-10-30,state_doc,summary,0,0,0,,,,,,,,,,,,,
2016-10-30,total,summary,6561,674,7235,,,,,,,,,,,,,
2016-10-30,in_facility_total,summary,6165,667,6832,,,0,0,,,4,0,,,,,
2016-10-30,weekenders,facility,7,0,7,0,0,0,0,0,0,0,0,0,0,0,0,
2016-10-31,asd_cambria,facility,226,0,226,0,0,0,0,0,0,0,0,0,0,0,0,
2016-10-31,asd_cannery,facility,0,0,0,0,0,0,0,0,0,0,0,0,0,0,0,
2016-10-31,asd_wrp,facility,0,0,0,0,0,0,0,0,0,0,0,0,0,0,0,
2016-10-31,asd_asdcu,facility,130,2,134,0,0,2,0,0,0,0,0,0,0,0,0,
2016-10-31,asd_mod3,facility,0,0,0,0,0,0,0,0,0,0,0,0,0,0,0,
2016-10-31,cec,summary,278,0,278,,,,,,,,,,,,,
2016-10-31,cfcf,facility,2705,0,2706,0,0,0,0,0,0,1,0,0,0,0,0,
2016-10-31,dc,facility,1019,0,1019,0,0,0,0,0,0,0,0,0,0,0,0,
2016-10-31,dc_phsw,facility,38,6,46,0,0,0,0,0,0,2,0,0,0,0,0,
2016-10-31,delaware_county,summary,0,0,0,,,,,,,,,,,,,
2016-10-31,hoc,facility,1010,0,1010,0,0,0,0,0,0,0,0,0,0,0,0,
2016-10-31,juveniles,summary,0,0,0,,,,,,,,,,,,,
2016-10-31,lehigh_county,summary,31,1,32,,,,,,,,,,,,,
2016-10-31,nif_total,summary,5,1,6,,,,,,,,,,,,,
2016-10-31,other_jurisdictions,summary,61,4,65,,,,,,,,,,,,,
2016-10-31,out_of_county,summary,0,0,0,,,,,,,,,,,,,
2016-10-31,pdp_in_facility,facility,6110,657,6820,45,2,2,0,0,0,3,0,0,1,0,0,
2016-10-31,pdp_headcount_nif,summary,6160,660,6820,,,,,,,,,,,,,
2016-10-31,pdp_headcount_nif_oj,summary,7430,823,6885,,,,,,,,,,,,,"males + females = 8253, published total 6885"
2016-10-31,picc,facility,982,0,1027,45,0,0,0,0,0,0,0,0,0,0,0,
2016-10-31,rcf,facility,0,649,652,0,2,0,0,0,0,0,0,0,1,0,0,
2016-10-31,roth,summary,17,3,20,,,,,,,,,,,,,
2016-10-31,state_doc,summary,0,0,0,,,,,,,,,,,,,
2016-10-31,total,summary,6547,668,7215,,,,,,,,,,,,,
2016-10-31,in_facility_total,summary,6155,659,6814,,,4,0,,,6,0,,,,,
2016-10-31,weekenders,facility,0,0,0,0,0,0,0,0,0,0,0,0,0,0,0,
2016-11-02,asd_cambria,facility,231,0,231,0,0,0,0,0,0,0,0,0,0,0,0,
2016-11-02,asd_cannery,facility,0,0,0,0,0,0,0,0,0,0,0,0,0,0,0,
2016-11-02,asd_wrp,facility,0,0,0,0,0,0,0,0,0,0,0,0,0,0,0,
2016-11-02,asd_asdcu,facility,132,2,134,0,0,0,0,0,0,0,0,0,0,0,0,
2016-11-02,asd_mod3,facility,0,0,0,0,0,0,0,0,0,0,0,0,0,0,0,
2016-11-02,cec,summary,284,0,284,,,,,,,,,,,,,
2016-11-02,cfcf,facility,2694,0,2697,0,0,0,0,0,0,2,0,1,0,0,0,
2016-11-02,dc,facility,979,0,979,0,0,0,0,0,0,0,0,0,0,0,0,
2016-11-02,dc_phsw,facility,32,7,40,0,0,0,0,0,0,1,0,0,0,0,0,
2016-11-02,delaware_county,summary,0,0,0,,,,,,,,,,,,,
2016-11-02,hoc,facility,1004,0,1004,0,0,0,0,0,0,0,0,0,0,0,0,
2016-11-02,juveniles,summary,0,0,0,,,,,,,,,,,,,
2016-11-02,lehigh_county,summary,30,1,31,,,,,,,,,,,,,
2016-11-02,nif_total,summary,4,1,5,,,,,,,,,,,,,
2016-11-02,other_jurisdictions,summary,64,3,67,,,,,,,,,,,,,
2016-11-02,out_of_county,summary,0,0,0,,,,,,,,,,,,,
2016-11-02,pdp_in_facility,facility,6038,651,6740,45,1,0,0,0,0,3,1,1,0,0,0,
2016-11-02,pdp_headcount_nif,summary,6087,653,6740,,,,,,,,,,,,,
2016-11-02,pdp_headcount_nif_oj,summary,7430,823,6807,,,,,,,,,,,,,"males + females = 8253, published total 6807"
2016-11-02,picc,facility,964,0,1009,45,0,0,0,0,0,0,0,0,0,0,0,
2016-11-02,rcf,facility,0,642,644,0,1,0,0,0,0,0,1,0,0,0,0,
2016-11-02,roth,summary,17,3,20,,,,,,,,,,,,,
2016-11-02,state_doc,summary,0,0,0,,,,,,,,,,,,,
2016-11-02,total,summary,6482,660,7142,,,,,,,,,,,,,
2016-11-02,in_facility_total,summary,6083,652,6735,,,0,0,,,6,2,,,,,
2016-11-02,weekenders,facility,2,0,2,0,0,0,0,0,0,0,0,0,0,0,0,
2016-11-06,asd_cambria,facility,234,0,234,0,0,0,0,0,0,0,0,0,0,0,0,
2016-11-06,asd_cannery,facility,0,0,0,0,0,0,0,0,0,0,0,0,0,0,0,
2016-11-06,asd_wrp,facility,0,0,0,0,0,0,0,0,0,0,0,0,0,0,0,
2016-11-06,asd_asdcu,facility,145,2,148,0,0,0,0,0,0,1,0,0,0,0,0,
2016-11-06,asd_mod3,facility,0,0,0,0,0,0,0,0,0,0,0,0,0,0,0,
2016-11-06,cec,summary,297,0,297,,,,,,,,,,,,,
2016-11-06,cfcf,facility,2658,0,2660,0,0,0,0,0,0,2,0,0,0,0,0,
2016-11-06,dc,facility,1026,0,1027,0,0,0,0,0,0,1,0,0,0,0,0,
2016-11-06,dc_phsw,facility,39,4,46,0,0,0,0,0,0,3,0,0,0,0,0,
2016-11-06,delaware_county,summary,0,0,0,,,,,,,,,,,,,
2016-11-06,hoc,facility,1009,0,1009,0,0,0,0,0,0,0,0,0,0,0,0,
2016-11-06,juveniles,summary,0,0,0,,,,,,,,,,,,,
2016-11-06,lehigh_county,summary,32,1,33,,,,,,,,,,,,,
2016-11-06,nif_total,summary,7,0,7,,,,,,,,,,,,,
2016-11-06,other_jurisdictions,summary,60,2,62,,,,,,,,,,,,,
2016-11-06,out_of_county,summary,0,0,0,,,,,,,,,,,,,
2016-11-06,pdp_in_facility,facility,6065,662,6778,43,1,0,0,0,0,7,0,0,0,0,0,
2016-11-06,pdp_headcount_nif,summary,6115,663,6778,,,,,,,,,,,,,
2016-11-06,pdp_headcount_nif_oj,summary,7430,823,6840,,,,,,,,,,,,,"males + females = 8253, published total 6840"
2016-11-06,picc,facility,954,0,997,43,0,0,0,0,0,0,0,0,0,0,0,
2016-11-06,rcf,facility,0,656,657,0,1,0,0,0,0,0,0,0,0,0,0,
2016-11-06,roth,summary,15,3,18,,,,,,,,,,,,,
2016-11-06,state_doc,summary,0,0,0,,,,,,,,,,,,,
2016-11-06,total,summary,6519,669,7188,,,,,,,,,,,,,
2016-11-06,in_facility_total,summary,6108,663,6771,,,0,0,,,14,0,,,,,
2016-11-06,weekenders,facility,0,0,0,0,0,0,0,0,0,0,0,0,0,0,0,
2016-11-09,asd_cambria,facility,238,0,238,0,0,0,0,0,0,0,0,0,0,0,0,
2016-11-09,asd_cannery,facility,0,0,0,0,0,0,0,0,0,0,0,0,0,0,0,
2016-11-09,asd_wrp,facility,0,0,0,0,0,0,0,0,0,0,0,0,0,0,0,
2016-11-09,asd_asdcu,facility,136,2,140,0,0,1,0,0,0,1,0,0,0,0,0,
2016-11-09,asd_mod3,facility,0,0,0,0,0,0,0,0,0,0,0,0,0,0,0,
2016-11-09,cec,summary,283,0,283,,,,,,,,,,,,,
2016-11-09,cfcf,facility,2630,0,2632,0,0,0,0,0,0,2,0,0,0,0,0,
2016-11-09,dc,facility,1019,0,1020,0,0,0,0,0,0,1,0,0,0,0,0,
2016-11-09,dc_phsw,facility,35,6,42,0,0,0,0,0,0,1,0,0,0,0,0,
2016-11-09,delaware_county,summary,0,0,0,,,,,,,,,,,,,
2016-11-09,hoc,facility,995,0,995,0,0,0,0,0,0,0,0,0,0,0,0,
2016-11-09,juveniles,summary,0,0,0,,,,,,,,,,,,,
2016-11-09,lehigh_county,summary,32,1,33,,,,,,,,,,,,,
2016-11-09,nif_total,summary,6,1,7,,,,,,,,,,,,,
2016-11-09,other_jurisdictions,summary,66,6,72,,,,,,,,,,,,,
2016-11-09,out_of_county,summary,0,0,0,,,,,,,,,,,,,
2016-11-09,pdp_in_facility,facility,6026,644,6720,42,1,1,0,0,0,5,1,0,0,0,0,
2016-11-09,pdp_headcount_nif,summary,6074,646,6720,,,,,,,,,,,,,
2016-11-09,pdp_headcount_nif_oj,summary,7430,823,6792,,,,,,,,,,,,,"males + females = 8253, published total 6792"
2016-11-09,picc,facility,972,0,1014,42,0,0,0,0,0,0,0,0,0,0,0,
2016-11-09,rcf,facility,0,636,638,0,1,0,0,0,0,0,1,0,0,0,0,
2016-11-09,roth,summary,15,3,18,,,,,,,,,,,,,
2016-11-09,state_doc,summary,0,0,0,,,,,,,,,,,,,
2016-11-09,total,summary,6470,656,7126,,,,,,,,,,,,,
2016-11-09,in_facility_total,summary,6068,645,6713,,,2,0,,,10,2,,,,,
2016-11-09,weekenders,facility,1,0,1,0,0,0,0,0,0,0,0,0,0,0,0,
2016-11-14,asd_cambria,facility,228,0,229,0,0,0,0,0,0,1,0,0,0,0,0,
2016-11-14,asd_cannery,facility,0,0,0,0,0,0,0,0,0,0,0,0,0,0,0,
2016-11-14,asd_wrp,facility,0,0,0,0,0,0,0,0,0,0,0,0,0,0,0,
2016-11-14,asd_asdcu,facility,132,2,135,0,0,1,0,0,0,0,0,0,0,0,0,
2016-11-14,asd_mod3,facility,0,0,0,0,0,0,0,0,0,0,0,0,0,0,0,
2016-11-14,cec,summary,289,0,289,,,,,,,,,,,,,
2016-11-14,cfcf,facility,2646,0,2649,0,0,0,0,0,0,3,0,0,0,0,0,
2016-11-14,dc,facility,1059,0,1060,0,0,0,0,0,0,1,0,0,0,0,0,
2016-11-14,dc_phsw,facility,41,5,46,0,0,0,0,0,0,0,0,0,0,0,0,
2016-11-14,delaware_county,summary,0,0,0,,,,,,,,,,,,,
2016-11-14,hoc,facility,1002,0,1002,0,0,0,0,0,0,0,0,0,0,0,0,
2016-11-14,juveniles,summary,0,0,0,,,,,,,,,,,,,
2016-11-14,lehigh_county,summary,31,1,32,,,,,,,,,,,,,
2016-11-14,nif_total,summary,8,1,9,,,,,,,,,,,,,
2016-11-14,other_jurisdictions,summary,62,4,66,,,,,,,,,,,,,
2016-11-14,out_of_county,summary,0,0,0,,,,,,,,,,,,,
2016-11-14,pdp_in_facility,facility,6083,655,6791,43,1,1,0,0,0,6,1,1,0,0,0,
2016-11-14,pdp_headcount_nif,summary,6134,657,6791,,,,,,,,,,,,,
2016-11-14,pdp_headcount_nif_oj,summary,7430,823,6857,,,,,,,,,,,,,"males + females = 8253, published total 6857"
2016-11-14,picc,facility,975,0,1020,43,0,0,0,0,0,1,0,1,0,0,0,
2016-11-14,rcf,facility,0,648,650,0,1,0,0,0,0,0,1,0,0,0,0,
2016-11-14,roth,summary,15,3,18,,,,,,,,,,,,,
2016-11-14,state_doc,summary,0,0,0,,,,,,,,,,,,,
2016-11-14,total,summary,6531,665,7196,,,,,,,,,,,,,
2016-11-14,in_facility_total,summary,6126,656,6782,,,2,0,,,12,2,,,,,
2016-11-14,weekenders,facility,0,0,0,0,0,0,0,0,0,0,0,0,0,0,0,
2016-11-20,asd_cambria,facility,231,0,231,0,0,0,0,0,0,0,0,0,0,0,0,
2016-11-20,asd_cannery,facility,0,0,0,0,0,0,0,0,0,0,0,0,0,0,0,
2016-11-20,asd_wrp,facility,0,0,0,0,0,0,0,0,0,0,0,0,0,0,0,
2016-11-20,asd_asdcu,facility,136,5,144,0,0,2,0,0,0,1,0,0,0,0,0,
2016-11-20,asd_mod3,facility,0,0,0,0,0,0,0,0,0,0,0,0,0,0,0,
2016-11-20,cec,summary,291,0,291,,,,,,,,,,,,,
2016-11-20,cfcf,facility,2643,0,2645,0,0,0,0,0,0,2,0,0,0,0,0,
2016-11-20,dc,facility,1019,0,1020,0,0,0,0,0,0,1,0,0,0,0,0,
2016-11-20,dc_phsw,facility,48,5,54,0,0,0,0,0,0,1,0,0,0,0,0,
2016-11-20,delaware_county,summary,0,0,0,,,,,,,,,,,,,
2016-11-20,hoc,facility,991,0,992,0,0,0,0,0,0,1,0,0,0,0,0,
2016-11-20,juveniles,summary,0,0,0,,,,,,,,,,,,,
2016-11-20,lehigh_county,summary,31,1,32,,,,,,,,,,,,,
2016-11-20,nif_total,summary,9,2,11,,,,,,,,,,,,,
2016-11-20,other_jurisdictions,summary,53,4,57,,,,,,,,,,,,,
2016-11-20,out_of_county,summary,0,0,0,,,,,,,,,,,,,
2016-11-20,pdp_in_facility,facility,6043,636,6729,39,0,2,0,0,0,7,2,0,0,0,0,
2016-11-20,pdp_headcount_nif,summary,6091,638,6729,,,,,,,,,,,,,
2016-11-20,pdp_headcount_nif_oj,summary,7430,823,6786,,,,,,,,,,,,,"males + females = 8253, published total 6786"
2016-11-20,picc,facility,969,0,1009,39,0,0,0,0,0,1,0,0,0,0,0,
2016-11-20,rcf,facility,0,624,626,0,0,0,0,0,0,0,2,0,0,0,0,
2016-11-20,roth,summary,0,0,0,,,,,,,,,,,,,
2016-11-20,state_doc,summary,0,0,0,,,,,,,,,,,,,
2016-11-20,total,summary,6466,643,7109,,,,,,,,,,,,,
2016-11-20,in_facility_total,summary,6082,636,6718,,,4,0,,,14,4,,,,,
2016-11-20,weekenders,facility,6,2,8,0,0,0,0,0,0,0,0,0,0,0,0,
2016-11-28,asd_cambria,facility,213,0,213,0,0,0,0,0,0,0,0,0,0,0,0,
2016-11-28,asd_cannery,facility,0,0,0,0,0,0,0,0,0,0,0,0,0,0,0,
2016-11-28,asd_wrp,facility,0,0,0,0,0,0,0,0,0,0,0,0,0,0,0,
2016-11-28,asd_asdcu,facility,130,4,138,0,0,3,1,0,0,0,0,0,0,0,0,
2016-11-28,asd_mod3,facility,0,0,0,0,0,0,0,0,0,0,0,0,0,0,0,
2016-11-28,cec,summary,295,0,295,,,,,,,,,,,,,
2016-11-28,cfcf,facility,2608,0,2610,0,0,0,0,0,0,2,0,0,0,0,0,
2016-11-28,dc,facility,1048,0,1049,0,0,0,0,0,0,1,0,0,0,0,0,
2016-11-28,dc_phsw,facility,52,3,55,0,0,0,0,0,0,0,0,0,0,0,0,
2016-11-28,delaware_county,summary,0,0,0,,,,,,,,,,,,,
2016-11-28,hoc,facility,990,0,991,0,0,0,0,0,0,1,0,0,0,0,0,
2016-11-28,juveniles,summary,0,0,0,,,,,,,,,,,,,
2016-11-28,lehigh_county,summary,29,1,30,,,,,,,,,,,,,
2016-11-28,nif_total,summary,7,2,9,,,,,,,,,,,,,
2016-11-28,other_jurisdictions,summary,60,2,62,,,,,,,,,,,,,
2016-11-28,out_of_county,summary,0,0,0,,,,,,,,,,,,,
2016-11-28,pdp_in_facility,facility,5999,635,6682,39,0,3,1,0,0,4,1,0,0,0,0,
2016-11-28,pdp_headcount_nif,summary,6045,637,6682,,,,,,,,,,,,,
2016-11-28,pdp_headcount_nif_oj,summary,7430,823,6744,,,,,,,,,,,,,"males + females = 8253, published total 6744"
2016-11-28,picc,facility,958,0,997,39,0,0,0,0,0,0,0,0,0,0,0,
2016-11-28,rcf,facility,0,628,629,0,0,0,0,0,0,0,1,0,0,0,0,
2016-11-28,roth,summary,0,0,0,,,,,,,,,,,,,
2016-11-28,state_doc,summary,0,0,0,,,,,,,,,,,,,
2016-11-28,total,summary,6429,640,7069,,,,,,,,,,,,,
2016-11-28,in_facility_total,summary,6038,635,6673,,,6,2,,,8,2,,,,,
2016-11-28,weekenders,facility,0,0,0,0,0,0,0,0,0,0,0,0,0,0,0,
2016-12-05,asd_cambria,facility,222,0,222,0,0,0,0,0,0,0,0,0,0,0,0,
2016-12-05,asd_cannery,facility,0,0,0,0,0,0,0,0,0,0,0,0,0,0,0,
2016-12-05,asd_wrp,facility,0,0,0,0,0,0,0,0,0,0,0,0,0,0,0,
2016-12-05,asd_asdcu,facility,121,4,129,0,0,3,1,0,0,0,0,0,0,0,0,
2016-12-05,asd_mod3,facility,0,0,0,0,0,0,0,0,0,0,0,0,0,0,0,
2016-12-05,cec,summary,283,0,283,,,,,,,,,,,,,
2016-12-05,cfcf,facility,2631,0,2634,0,0,0,0,0,0,3,0,0,0,0,0,
2016-12-05,dc,facility,1037,0,1040,0,0,0,0,0,0,3,0,0,0,0,0,
2016-12-05,dc_phsw,facility,45,2,50,0,0,0,0,0,0,3,0,0,0,0,0,
2016-12-05,delaware_county,summary,0,0,0,,,,,,,,,,,,,
2016-12-05,hoc,facility,953,0,954,0,0,0,0,0,0,1,0,0,0,0,0,
2016-12-05,juveniles,summary,0,0,0,,,,,,,,,,,,,
2016-12-05,lehigh_county,summary,29,1,30,,,,,,,,,,,,,
2016-12-05,nif_total,summary,14,1,15,,,,,,,,,,,,,
2016-12-05,other_jurisdictions,summary,63,3,66,,,,,,,,,,,,,
2016-12-05,out_of_county,summary,0,0,0,,,,,,,,,,,,,
2016-12-05,pdp_in_facility,facility,5950,618,6623,40,0,3,1,0,0,10,0,1,0,0,0,
2016-12-05,pdp_headcount_nif,summary,6004,619,6623,,,,,,,,,,,,,
2016-12-05,pdp_headcount_nif_oj,summary,7430,823,6689,,,,,,,,,,,,,"males + females = 8253, published total 6689"
2016-12-05,picc,facility,941,0,982,40,0,0,0,0,0,0,0,1,0,0,0,
2016-12-05,rcf,facility,0,612,612,0,0,0,0,0,0,0,0,0,0,0,0,
2016-12-05,roth,summary,0,0,0,,,,,,,,,,,,,
2016-12-05,state_doc,summary,0,0,0,,,,,,,,,,,,,
2016-12-05,total,summary,6379,623,7002,,,,,,,,,,,,,
2016-12-05,in_facility_total,summary,5990,618,6608,,,6,2,,,20,0,,,,,
2016-12-05,weekenders,facility,0,0,0,0,0,0,0,0,0,0,0,0,0,0,0,
2016-12-11,asd_cambria,facility,233,0,233,0,0,0,0,0,0,0,0,0,0,0,0,
2016-12-11,asd_cannery,facility,0,0,0,0,0,0,0,0,0,0,0,0,0,0,0,
2016-12-11,asd_wrp,facility,0,0,0,0,0,0,0,0,0,0,0,0,0,0,0,
2016-12-11,asd_asdcu,facility,123,5,130,0,0,2,0,0,0,0,0,0,0,0,0,
2016-12-11,asd_mod3,facility,0,0,0,0,0,0,0,0,0,0,0,0,0,0,0,
2016-12-11,cec,summary,294,0,294,,,,,,,,,,,,,
2016-12-11,cfcf,facility,2542,0,2543,0,0,0,0,0,0,1,0,0,0,0,0,
2016-12-11,dc,facility,986,0,986,0,0,0,0,0,0,0,0,0,0,0,0,
2016-12-11,dc_phsw,facility,50,2,54,1,0,0,0,0,0,1,0,0,0,0,0,
2016-12-11,delaware_county,summary,0,0,0,,,,,,,,,,,,,
2016-12-11,hoc,facility,985,0,986,0,0,0,0,0,0,1,0,0,0,0,0,
2016-12-11,juveniles,summary,1,0,1,,,,,,,,,,,,,
2016-12-11,lehigh_county,summary,34,1,35,,,,,,,,,,,,,
2016-12-11,nif_total,summary,5,3,8,,,,,,,,,,,,,
2016-12-11,other_jurisdictions,summary,58,2,60,,,,,,,,,,,,,
2016-12-11,out_of_county,summary,0,0,0,,,,,,,,,,,,,
2016-12-11,pdp_in_facility,facility,5893,610,6551,40,0,2,0,0,0,3,3,0,0,0,0,
2016-12-11,pdp_headcount_nif,summary,5938,613,6551,,,,,,,,,,,,,
2016-12-11,pdp_headcount_nif_oj,summary,7430,823,6611,,,,,,,,,,,,,"males + females = 8253, published total 6611"
2016-12-11,picc,facility,971,0,1010,39,0,0,0,0,0,0,0,0,0,0,0,
2016-12-11,rcf,facility,0,602,605,0,0,0,0,0,0,0,3,0,0,0,0,
2016-12-11,roth,summary,0,0,0,,,,,,,,,,,,,
2016-12-11,state_doc,summary,0,0,0,,,,,,,,,,,,,
2016-12-11,total,summary,6325,616,6941,,,,,,,,,,,,,
2016-12-11,in_facility_total,summary,5933,610,6543,,,4,0,,,6,6,,,,,
2016-12-11,weekenders,facility,3,1,4,0,0,0,0,0,0,0,0,0,0,0,0,
2016-12-15,asd_cambria,facility,239,0,239,0,0,0,0,0,0,0,0,0,0,0,0,
2016-12-15,asd_cannery,facility,0,0,0,0,0,0,0,0,0,0,0,0,0,0,0,
2016-12-15,asd_wrp,facility,0,0,0,0,0,0,0,0,0,0,0,0,0,0,0,
2016-12-15,asd_asdcu,facility,131,3,137,0,0,2,1,0,0,0,0,0,0,0,0,
2016-12-15,asd_mod3,facility,0,0,0,0,0,0,0,0,0,0,0,0,0,0,0,
2016-12-15,cec,summary,293,0,293,,,,,,,,,,,,,
2016-12-15,cfcf,facility,2541,0,2544,0,0,0,0,0,0,3,0,0,0,0,0,
2016-12-15,dc,facility,926,0,926,0,0,0,0,0,0,0,0,0,0,0,0,
2016-12-15,dc_phsw,facility,47,1,49,0,0,0,0,0,0,1,0,0,0,0,0,
2016-12-15,delaware_county,summary,0,0,0,,,,,,,,,,,,,
2016-12-15,hoc,facility,948,0,948,0,0,0,0,0,0,0,0,0,0,0,0,
2016-12-15,juveniles,summary,1,0,1,,,,,,,,,,,,,
2016-12-15,lehigh_county,summary,33,1,34,,,,,,,,,,,,,
2016-12-15,nif_total,summary,6,3,9,,,,,,,,,,,,,
2016-12-15,other_jurisdictions,summary,66,2,68,,,,,,,,,,,,,
2016-12-15,out_of_county,summary,0,0,0,,,,,,,,,,,,,
2016-12-15,pdp_in_facility,facility,5788,593,6430,40,0,2,1,0,0,4,2,0,0,0,0,
2016-12-15,pdp_headcount_nif,summary,5834,596,6430,,,,,,,,,,,,,
2016-12-15,pdp_headcount_nif_oj,summary,7430,823,6498,,,,,,,,,,,,,"males + females = 8253, published total 6498"
2016-12-15,picc,facility,956,0,996,40,0,0,0,0,0,0,0,0,0,0,0,
2016-12-15,rcf,facility,0,589,591,0,0,0,0,0,0,0,2,0,0,0,0,
2016-12-15,roth,summary,0,0,0,,,,,,,,,,,,,
2016-12-15,state_doc,summary,0,0,0,,,,,,,,,,,,,
2016-12-15,total,summary,6227,599,6826,,,,,,,,,,,,,
2016-12-15,in_facility_total,summary,5828,593,6421,,,4,2,,,8,4,,,,,
2016-12-15,weekenders,facility,0,0,0,0,0,0,0,0,0,0,0,0,0,0,0,
2016-12-18,asd_cambria,facility,238,0,238,0,0,0,0,0,0,0,0,0,0,0,0,
2016-12-18,asd_cannery,facility,0,0,0,0,0,0,0,0,0,0,0,0,0,0,0,
2016-12-18,asd_wrp,facility,0,0,0,0,0,0,0,0,0,0,0,0,0,0,0,
2016-12-18,asd_asdcu,facility,127,4,135,0,0,4,0,0,0,0,0,0,0,0,0,
2016-12-18,asd_mod3,facility,0,0,0,0,0,0,0,0,0,0,0,0,0,0,0,
2016-12-18,cec,summary,284,0,284,,,,,,,,,,,,,
2016-12-18,cfcf,facility,2569,0,2572,0,0,0,0,0,0,3,0,0,0,0,0,
2016-12-18,dc,facility,942,0,942,0,0,0,0,0,0,0,0,0,0,0,0,
2016-12-18,dc_phsw,facility,52,1,56,1,0,0,0,0,0,2,0,0,0,0,0,
2016-12-18,delaware_county,summary,0,0,0,,,,,,,,,,,,,
2016-12-18,hoc,facility,956,0,956,0,0,0,0,0,0,0,0,0,0,0,0,
2016-12-18,juveniles,summary,1,0,1,,,,,,,,,,,,,
2016-12-18,lehigh_county,summary,34,1,35,,,,,,,,,,,,,
2016-12-18,nif_total,summary,9,1,10,,,,,,,,,,,,,
2016-12-18,other_jurisdictions,summary,58,2,60,,,,,,,,,,,,,
2016-12-18,out_of_county,summary,0,0,0,,,,,,,,,,,,,
2016-12-18,pdp_in_facility,facility,5833,613,6501,45,0,4,0,0,0,5,1,0,0,0,0,
2016-12-18,pdp_headcount_nif,summary,5887,614,6501,,,,,,,,,,,,,
2016-12-18,pdp_headcount_nif_oj,summary,7430,823,6561,,,,,,,,,,,,,"males + females = 8253, published total 6561"
2016-12-18,picc,facility,944,0,988,44,0,0,0,0,0,0,0,0,0,0,0,
2016-12-18,rcf,facility,0,606,607,0,0,0,0,0,0,0,1,0,0,0,0,
2016-12-18,roth,summary,0,0,0,,,,,,,,,,,,,
2016-12-18,state_doc,summary,0,0,0,,,,,,,,,,,,,
2016-12-18,total,summary,6264,617,6881,,,,,,,,,,,,,
2016-12-18,in_facility_total,summary,5878,613,6491,,,8,0,,,10,2,,,,,
2016-12-18,weekenders,facility,5,2,7,0,0,0,0,0,0,0,0,0,0,0,0,
2016-12-27,asd_cambria,facility,235,0,235,0,0,0,0,0,0,0,0,0,0,0,0,
2016-12-27,asd_cannery,facility,0,0,0,0,0,0,0,0,0,0,0,0,0,0,0,
2016-12-27,asd_wrp,facility,0,0,0,0,0,0,0,0,0,0,0,0,0,0,0,
2016-12-27,asd_asdcu,facility,129,1,134,0,0,2,2,0,0,0,0,0,0,0,0,
2016-12-27,asd_mod3,facility,0,0,0,0,0,0,0,0,0,0,0,0,0,0,0,
2016-12-27,cec,summary,266,0,266,,,,,,,,,,,,,
2016-12-27,cfcf,facility,2488,0,2489,0,0,0,0,0,0,1,0,0,0,0,0,
2016-12-27,dc,facility,920,0,921,0,0,0,0,0,0,1,0,0,0,0,0,
2016-12-27,dc_phsw,facility,39,4,45,0,0,0,0,0,0,1,1,0,0,0,0,
2016-12-27,delaware_county,summary,0,0,0,,,,,,,,,,,,,
2016-12-27,hoc,facility,956,0,956,0,0,0,0,0,0,0,0,0,0,0,0,
2016-12-27,juveniles,summary,0,0,0,,,,,,,,,,,,,
2016-12-27,lehigh_county,summary,32,1,33,,,,,,,,,,,,,
2016-12-27,nif_total,summary,5,5,10,,,,,,,,,,,,,
2016-12-27,other_jurisdictions,summary,60,2,62,,,,,,,,,,,,,
2016-12-27,out_of_county,summary,0,0,0,,,,,,,,,,,,,
2016-12-27,pdp_in_facility,facility,5711,567,6332,44,0,2,2,0,0,3,3,0,0,0,0,
2016-12-27,pdp_headcount_nif,summary,5760,572,6332,,,,,,,,,,,,,
2016-12-27,pdp_headcount_nif_oj,summary,7430,823,6394,,,,,,,,,,,,,"males + females = 8253, published total 6394"
2016-12-27,picc,facility,943,0,987,44,0,0,0,0,0,0,0,0,0,0,0,
2016-12-27,rcf,facility,0,562,564,0,0,0,0,0,0,0,2,0,0,0,0,
2016-12-27,roth,summary,0,0,0,,,,,,,,,,,,,
2016-12-27,state_doc,summary,0,0,0,,,,,,,,,,,,,
2016-12-27,total,summary,6118,575,6693,,,,,,,,,,,,,
2016-12-27,in_facility_total,summary,5755,567,6322,,,4,4,,,6,6,,,,,
2016-12-27,weekenders,facility,1,0,1,0,0,0,0,0,0,0,0,0,0,0,0,
2017-01-03,asd_cambria,facility,234,0,235,0,0,0,0,0,0,1,0,0,0,0,0,
2017-01-03,asd_cannery,facility,0,0,0,0,0,0,0,0,0,0,0,0,0,0,0,
2017-01-03,asd_wrp,facility,0,0,0,0,0,0,0,0,0,0,0,0,0,0,0,
2017-01-03,asd_asdcu,facility,123,2,128,0,0,2,1,0,0,0,0,0,0,0,0,
2017-01-03,asd_mod3,facility,0,0,0,0,0,0,0,0,0,0,0,0,0,0,0,
2017-01-03,cec,summary,287,0,287,,,,,,,,,,,,,
2017-01-03,cfcf,facility,2521,0,2524,0,0,0,0,0,0,3,0,0,0,0,0,
2017-01-03,dc,facility,931,0,932,0,0,0,0,0,0,0,0,1,0,0,0,
2017-01-03,dc_phsw,facility,41,2,46,1,0,0,0,0,0,1,0,1,0,0,0,
2017-01-03,delaware_county,summary,0,0,0,,,,,,,,,,,,,
2017-01-03,hoc,facility,977,0,977,0,0,0,0,0,0,0,0,0,0,0,0,
2017-01-03,juveniles,summary,2,0,2,,,,,,,,,,,,,
2017-01-03,lehigh_county,summary,32,1,33,,,,,,,,,,,,,
2017-01-03,nif_total,summary,9,2,11,,,,,,,,,,,,,
2017-01-03,other_jurisdictions,summary,63,3,66,,,,,,,,,,,,,
2017-01-03,out_of_county,summary,0,0,0,,,,,,,,,,,,,
2017-01-03,pdp_in_facility,facility,5761,585,6402,45,0,2,1,0,0,5,1,2,0,0,0,
2017-01-03,pdp_headcount_nif,summary,5815,587,6402,,,,,,,,,,,,,
2017-01-03,pdp_headcount_nif_oj,summary,7430,823,6468,,,,,,,,,,,,,"males + females = 8253, published total 6468"
2017-01-03,picc,facility,933,0,977,44,0,0,0,0,0,0,0,0,0,0,0,
2017-01-03,rcf,facility,0,581,582,0,0,0,0,0,0,0,1,0,0,0,0,
2017-01-03,roth,summary,0,0,0,,,,,,,,,,,,,
2017-01-03,state_doc,summary,0,0,0,,,,,,,,,,,,,
2017-01-03,total,summary,6199,591,6790,,,,,,,,,,,,,
2017-01-03,in_facility_total,summary,5806,585,6391,,,4,2,,,10,2,,,,,
2017-01-03,weekenders,facility,1,0,1,0,0,0,0,0,0,0,0,0,0,0,0,
2017-01-08,asd_cambria,facility,237,0,237,0,0,0,0,0,0,0,0,0,0,0,0,
2017-01-08,asd_cannery,facility,0,0,0,0,0,0,0,0,0,0,0,0,0,0,0,
2017-01-08,asd_wrp,facility,0,0,0,0,0,0,0,0,0,0,0,0,0,0,0,
2017-01-08,asd_asdcu,facility,129,2,133,0,0,2,0,0,0,0,0,0,0,0,0,
2017-01-08,asd_mod3,facility,0,0,0,0,0,0,0,0,0,0,0,0,0,0,0,
2017-01-08,cec,summary,293,0,293,,,,,,,,,,,,,
2017-01-08,cfcf,facility,2534,0,2535,0,0,0,0,0,0,1,0,0,0,0,0,
2017-01-08,dc,facility,908,0,908,0,0,0,0,0,0,0,0,0,0,0,0,
2017-01-08,dc_phsw,facility,57,2,59,0,0,0,0,0,0,0,0,0,0,0,0,
2017-01-08,delaware_county,summary,0,0,0,,,,,,,,,,,,,
2017-01-08,hoc,facility,966,0,967,0,0,0,0,0,0,0,0,1,0,0,0,
2017-01-08,juveniles,summary,1,0,1,,,,,,,,,,,,,
2017-01-08,lehigh_county,summary,30,1,31,,,,,,,,,,,,,
2017-01-08,nif_total,summary,4,1,5,,,,,,,,,,,,,
2017-01-08,other_jurisdictions,summary,61,2,63,,,,,,,,,,,,,
2017-01-08,out_of_county,summary,0,0,0,,,,,,,,,,,,,
2017-01-08,pdp_in_facility,facility,5788,602,6437,42,0,2,0,0,0,1,1,1,0,0,0,
2017-01-08,pdp_headcount_nif,summary,5834,603,6437,,,,,,,,,,,,,
2017-01-08,pdp_headcount_nif_oj,summary,7430,823,6500,,,,,,,,,,,,,"males + females = 8253, published total 6500"
2017-01-08,picc,facility,954,0,996,42,0,0,0,0,0,0,0,0,0,0,0,
2017-01-08,rcf,facility,0,598,599,0,0,0,0,0,0,0,1,0,0,0,0,
2017-01-08,roth,summary,0,0,0,,,,,,,,,,,,,
2017-01-08,state_doc,summary,0,0,0,,,,,,,,,,,,,
2017-01-08,total,summary,6219,606,6825,,,,,,,,,,,,,
2017-01-08,in_facility_total,summary,5830,602,6432,,,4,0,,,2,2,,,,,
2017-01-08,weekenders,facility,3,0,3,0,0,0,0,0,0,0,0,0,0,0,0,
2017-01-10,asd_cambria,facility,237,0,237,0,0,0,0,0,0,0,0,0,0,0,0,
2017-01-10,asd_cannery,facility,0,0,0,0,0,0,0,0,0,0,0,0,0,0,0,
2017-01-10,asd_wrp,facility,0,0,0,0,0,0,0,0,0,0,0,0,0,0,0,
2017-01-10,asd_asdcu,facility,149,1,152,0,0,1,1,0,0,0,0,0,0,0,0,
2017-01-10,asd_mod3,facility,0,0,0,0,0,0,0,0,0,0,0,0,0,0,0,
2017-01-10,cec,summary,280,0,280,,,,,,,,,,,,,
2017-01-10,cfcf,facility,2511,0,2514,0,0,0,0,0,0,3,0,0,0,0,0,
2017-01-10,dc,facility,904,0,904,0,0,0,0,0,0,0,0,0,0,0,0,
2017-01-10,dc_phsw,facility,48,2,50,0,0,0,0,0,0,0,0,0,0,0,0,
2017-01-10,delaware_county,summary,0,0,0,,,,,,,,,,,,,
2017-01-10,hoc,facility,972,0,972,0,0,0,0,0,0,0,0,0,0,0,0,
2017-01-10,juveniles,summary,1,0,1,,,,,,,,,,,,,
2017-01-10,lehigh_county,summary,29,1,30,,,,,,,,,,,,,
2017-01-10,nif_total,summary,5,3,8,,,,,,,,,,,,,
2017-01-10,other_jurisdictions,summary,61,3,64,,,,,,,,,,,,,
2017-01-10,out_of_county,summary,0,0,0,,,,,,,,,,,,,
2017-01-10,pdp_in_facility,facility,5770,592,6412,42,0,1,1,0,0,4,2,0,0,0,0,
2017-01-10,pdp_headcount_nif,summary,5817,595,6412,,,,,,,,,,,,,
2017-01-10,pdp_headcount_nif_oj,summary,7430,823,6476,,,,,,,,,,,,,"males + females = 8253, published total 6476"
2017-01-10,picc,facility,948,0,991,42,0,0,0,0,0,1,0,0,0,0,0,
2017-01-10,rcf,facility,0,589,591,0,0,0,0,0,0,0,2,0,0,0,0,
2017-01-10,roth,summary,0,0,0,,,,,,,,,,,,,
2017-01-10,state_doc,summary,0,0,0,,,,,,,,,,,,,
2017-01-10,total,summary,6188,599,6787,,,,,,,,,,,,,
2017-01-10,in_facility_total,summary,5812,592,6404,,,2,2,,,8,4,,,,,
2017-01-10,weekenders,facility,1,0,1,0,0,0,0,0,0,0,0,0,0,0,0,
2017-01-17,asd_cambria,facility,239,0,239,0,0,0,0,0,0,0,0,0,0,0,0,
2017-01-17,asd_cannery,facility,0,0,0,0,0,0,0,0,0,0,0,0,0,0,0,
2017-01-17,asd_wrp,facility,0,0,0,0,0,0,0,0,0,0,0,0,0,0,0,
2017-01-17,asd_asdcu,facility,149,1,152,0,0,1,1,0,0,0,0,0,0,0,0,
2017-01-17,asd_mod3,facility,0,0,0,0,0,0,0,0,0,0,0,0,0,0,0,
2017-01-17,cec,summary,288,0,288,,,,,,,,,,,,,
2017-01-17,cfcf,facility,2526,0,2528,0,0,0,0,0,0,2,0,0,0,0,0,
2017-01-17,dc,facility,918,0,919,0,0,0,0,0,0,1,0,0,0,0,0,
2017-01-17,dc_phsw,facility,36,2,41,0,0,0,0,0,0,3,0,0,0,0,0,
2017-01-17,delaware_county,summary,0,0,0,,,,,,,,,,,,,
2017-01-17,hoc,facility,982,0,982,0,0,0,0,0,0,0,0,0,0,0,0,
2017-01-17,juveniles,summary,0,0,0,,,,,,,,,,,,,
2017-01-17,lehigh_county,summary,28,1,29,,,,,,,,,,,,,
2017-01-17,nif_total,summary,7,2,9,,,,,,,,,,,,,
2017-01-17,other_jurisdictions,summary,63,3,66,,,,,,,,,,,,,
2017-01-17,out_of_county,summary,0,0,0,,,,,,,,,,,,,
2017-01-17,pdp_in_facility,facility,5814,591,6458,44,0,1,1,0,0,6,1,0,0,0,0,
2017-01-17,pdp_headcount_nif,summary,5865,593,6458,,,,,,,,,,,,,
2017-01-17,pdp_headcount_nif_oj,summary,7430,823,6524,,,,,,,,,,,,,"males + females = 8253, published total 6524"
2017-01-17,picc,facility,962,0,1006,44,0,0,0,0,0,0,0,0,0,0,0,
2017-01-17,rcf,facility,0,588,589,0,0,0,0,0,0,0,1,0,0,0,0,
2017-01-17,roth,summary,0,0,0,,,,,,,,,,,,,
2017-01-17,state_doc,summary,0,0,0,,,,,,,,,,,,,
2017-01-17,total,summary,6244,597,6841,,,,,,,,,,,,,
2017-01-17,in_facility_total,summary,5858,591,6449,,,2,2,,,12,2,,,,,
2017-01-17,weekenders,facility,2,0,2,0,0,0,0,0,0,0,0,0,0,0,0,
2017-01-24,asd_cambria,facility,237,0,237,0,0,0,0,0,0,0,0,0,0,0,0,
2017-01-24,asd_cannery,facility,0,0,0,0,0,0,0,0,0,0,0,0,0,0,0,
2017-01-24,asd_wrp,facility,0,0,0,0,0,0,0,0,0,0,0,0,0,0,0,
2017-01-24,asd_asdcu,facility,148,3,154,0,0,2,1,0,0,0,0,0,0,0,0,
2017-01-24,asd_mod3,facility,0,0,0,0,0,0,0,0,0,0,0,0,0,0,0,
2017-01-24,cec,summary,266,0,266,,,,,,,,,,,,,
2017-01-24,cfcf,facility,2501,0,2503,0,0,0,0,0,0,2,0,0,0,0,0,
2017-01-24,dc,facility,939,0,939,0,0,0,0,0,0,0,0,0,0,0,0,
2017-01-24,dc_phsw,facility,42,4,47,0,0,0,0,0,0,1,0,0,0,0,0,
2017-01-24,delaware_county,summary,0,0,0,,,,,,,,,,,,,
2017-01-24,hoc,facility,988,0,989,0,0,0,0,0,0,0,0,1,0,0,0,
2017-01-24,juveniles,summary,1,0,1,,,,,,,,,,,,,
2017-01-24,lehigh_county,summary,26,1,27,,,,,,,,,,,,,
2017-01-24,nif_total,summary,6,1,7,,,,,,,,,,,,,
2017-01-24,other_jurisdictions,summary,66,4,70,,,,,,,,,,,,,
2017-01-24,out_of_county,summary,0,0,0,,,,,,,,,,,,,
2017-01-24,pdp_in_facility,facility,5800,585,6435,43,0,2,1,0,0,3,0,1,0,0,0,
2017-01-24,pdp_headcount_nif,summary,5849,586,6435,,,,,,,,,,,,,
2017-01-24,pdp_headcount_nif_oj,summary,7430,823,6505,,,,,,,,,,,,,"males + females = 8253, published total 6505"
2017-01-24,picc,facility,943,0,986,43,0,0,0,0,0,0,0,0,0,0,0,
2017-01-24,rcf,facility,0,578,578,0,0,0,0,0,0,0,0,0,0,0,0,
2017-01-24,roth,summary,0,0,0,,,,,,,,,,,,,
2017-01-24,state_doc,summary,0,0,0,,,,,,,,,,,,,
2017-01-24,total,summary,6208,591,6799,,,,,,,,,,,,,
2017-01-24,in_facility_total,summary,5843,585,6428,,,4,2,,,6,0,,,,,
2017-01-24,weekenders,facility,2,0,2,0,0,0,0,0,0,0,0,0,0,0,0,
2017-01-26,asd_cambria,facility,231,0,231,0,0,0,0,0,0,0,0,0,0,0,0,
2017-01-26,asd_cannery,facility,0,0,0,0,0,0,0,0,0,0,0,0,0,0,0,
2017-01-26,asd_wrp,facility,0,0,0,0,0,0,0,0,0,0,0,0,0,0,0,
2017-01-26,asd_asdcu,facility,143,3,150,0,0,3,1,0,0,0,0,0,0,0,0,
2017-01-26,asd_mod3,facility,0,0,0,0,0,0,0,0,0,0,0,0,0,0,0,
2017-01-26,cec,summary,286,0,286,,,,,,,,,,,,,
2017-01-26,cfcf,facility,2472,0,2473,0,0,0,0,0,0,1,0,0,0,0,0,
2017-01-26,dc,facility,912,0,912,0,0,0,0,0,0,0,0,0,0,0,0,
2017-01-26,dc_phsw,facility,39,2,42,0,0,0,0,0,0,1,0,0,0,0,0,
2017-01-26,delaware_county,summary,0,0,0,,,,,,,,,,,,,
2017-01-26,hoc,facility,979,0,979,0,0,0,0,0,0,0,0,0,0,0,0,
2017-01-26,juveniles,summary,2,0,2,,,,,,,,,,,,,
2017-01-26,lehigh_county,summary,26,1,27,,,,,,,,,,,,,
2017-01-26,nif_total,summary,5,2,7,,,,,,,,,,,,,
2017-01-26,other_jurisdictions,summary,61,4,65,,,,,,,,,,,,,
2017-01-26,out_of_county,summary,0,0,0,,,,,,,,,,,,,
2017-01-26,pdp_in_facility,facility,5734,569,6352,42,0,3,1,0,0,2,0,0,1,0,0,
2017-01-26,pdp_headcount_nif,summary,5781,571,6352,,,,,,,,,,,,,
2017-01-26,pdp_headcount_nif_oj,summary,7430,823,6417,,,,,,,,,,,,,"males + females = 8253, published total 6417"
2017-01-26,picc,facility,958,0,1000,42,0,0,0,0,0,0,0,0,0,0,0,
2017-01-26,rcf,facility,0,564,565,0,0,0,0,0,0,0,0,0,1,0,0,
2017-01-26,roth,summary,0,0,0,,,,,,,,,,,,,
2017-01-26,state_doc,summary,0,0,0,,,,,,,,,,,,,
2017-01-26,total,summary,6156,576,6732,,,,,,,,,,,,,
2017-01-26,in_facility_total,summary,5776,569,6345,,,6,2,,,4,0,,,,,
2017-01-26,weekenders,facility,0,0,0,0,0,0,0,0,0,0,0,0,0,0,0,
2017-01-31,asd_cambria,facility,229,0,229,0,0,0,0,0,0,0,0,0,0,0,0,
2017-01-31,asd_cannery,facility,0,0,0,0,0,0,0,0,0,0,0,0,0,0,0,
2017-01-31,asd_wrp,facility,0,0,0,0,0,0,0,0,0,0,0,0,0,0,0,
2017-01-31,asd_asdcu,facility,144,3,149,0,0,1,1,0,0,0,0,0,0,0,0,
2017-01-31,asd_mod3,facility,0,0,0,0,0,0,0,0,0,0,0,0,0,0,0,
2017-01-31,cec,summary,295,0,295,,,,,,,,,,,,,
2017-01-31,cfcf,facility,2508,0,2512,0,0,0,0,0,0,3,0,1,0,0,0,
2017-01-31,dc,facility,903,0,903,0,0,0,0,0,0,0,0,0,0,0,0,
2017-01-31,dc_phsw,facility,48,3,52,0,0,0,0,0,0,1,0,0,0,0,0,
2017-01-31,delaware_county,summary,0,0,0,,,,,,,,,,,,,
2017-01-31,hoc,facility,1008,0,1009,0,0,0,0,0,0,1,0,0,0,0,0,
2017-01-31,juveniles,summary,2,0,2,,,,,,,,,,,,,
2017-01-31,lehigh_county,summary,25,1,26,,,,,,,,,,,,,
2017-01-31,nif_total,summary,9,1,10,,,,,,,,,,,,,
2017-01-31,other_jurisdictions,summary,66,5,71,,,,,,,,,,,,,
2017-01-31,out_of_county,summary,0,0,0,,,,,,,,,,,,,
2017-01-31,pdp_in_facility,facility,5788,558,6399,43,0,1,1,0,0,7,0,1,0,0,0,
2017-01-31,pdp_headcount_nif,summary,5840,559,6399,,,,,,,,,,,,,
2017-01-31,pdp_headcount_nif_oj,summary,7430,823,6470,,,,,,,,,,,,,"males + females = 8253, published total 6470"
2017-01-31,picc,facility,946,0,991,43,0,0,0,0,0,2,0,0,0,0,0,
2017-01-31,rcf,facility,0,552,552,0,0,0,0,0,0,0,0,0,0,0,0,
2017-01-31,roth,summary,0,0,0,,,,,,,,,,,,,
2017-01-31,state_doc,summary,0,0,0,,,,,,,,,,,,,
2017-01-31,total,summary,6228,565,6793,,,,,,,,,,,,,
2017-01-31,in_facility_total,summary,5831,558,6389,,,2,2,,,14,0,,,,,
2017-01-31,weekenders,facility,2,0,2,0,0,0,0,0,0,0,0,0,0,0,0,
2017-02-06,asd_cambria,facility,236,0,236,0,0,0,0,0,0,0,0,0,0,0,0,
2017-02-06,asd_cannery,facility,0,0,0,0,0,0,0,0,0,0,0,0,0,0,0,
2017-02-06,asd_wrp,facility,0,0,0,0,0,0,0,0,0,0,0,0,0,0,0,
2017-02-06,asd_asdcu,facility,132,3,139,0,0,3,1,0,0,0,0,0,0,0,0,
2017-02-06,asd_mod3,facility,0,0,0,0,0,0,0,0,0,0,0,0,0,0,0,
2017-02-06,cec,summary,291,0,291,,,,,,,,,,,,,
2017-02-06,cfcf,facility,2500,0,2500,0,0,0,0,0,0,0,0,0,0,0,0,
2017-02-06,dc,facility,915,0,915,0,0,0,0,0,0,0,0,0,0,0,0,
2017-02-06,dc_phsw,facility,45,2,47,0,0,0,0,0,0,0,0,0,0,0,0,
2017-02-06,delaware_county,summary,0,0,0,,,,,,,,,,,,,
2017-02-06,hoc,facility,1027,0,1028,0,0,0,0,0,0,0,0,1,0,0,0,
2017-02-06,juveniles,summary,0,0,0,,,,,,,,,,,,,
2017-02-06,lehigh_county,summary,37,1,38,,,,,,,,,,,,,
2017-02-06,nif_total,summary,5,1,6,,,,,,,,,,,,,
2017-02-06,other_jurisdictions,summary,59,2,61,,,,,,,,,,,,,
2017-02-06,out_of_county,summary,0,0,0,,,,,,,,,,,,,
2017-02-06,pdp_in_facility,facility,5796,563,6409,44,0,3,1,0,0,1,0,1,0,0,0,
2017-02-06,pdp_headcount_nif,summary,5845,564,6409,,,,,,,,,,,,,
2017-02-06,pdp_headcount_nif_oj,summary,7430,823,6470,,,,,,,,,,,,,"males + females = 8253, published total 6470"
2017-02-06,picc,facility,941,0,986,44,0,0,0,0,0,1,0,0,0,0,0,
2017-02-06,rcf,facility,0,558,558,0,0,0,0,0,0,0,0,0,0,0,0,
2017-02-06,roth,summary,0,0,0,,,,,,,,,,,,,
2017-02-06,state_doc,summary,0,0,0,,,,,,,,,,,,,
2017-02-06,total,summary,6232,567,6799,,,,,,,,,,,,,
2017-02-06,in_facility_total,summary,5840,563,6403,,,6,2,,,2,0,,,,,
2017-02-06,weekenders,facility,0,0,0,0,0,0,0,0,0,0,0,0,0,0,0,
2017-02-07,asd_cambria,facility,238,0,238,0,0,0,0,0,0,0,0,0,0,0,0,
2017-02-07,asd_cannery,facility,0,0,0,0,0,0,0,0,0,0,0,0,0,0,0,
2017-02-07,asd_wrp,facility,0,0,0,0,0,0,0,0,0,0,0,0,0,0,0,
2017-02-07,asd_asdcu,facility,143,3,149,0,0,2,1,0,0,0,0,0,0,0,0,
2017-02-07,asd_mod3,facility,0,0,0,0,0,0,0,0,0,0,0,0,0,0,0,
2017-02-07,cec,summary,282,0,282,,,,,,,,,,,,,
2017-02-07,cfcf,facility,2496,0,2497,0,0,0,0,0,0,1,0,0,0,0,0,
2017-02-07,dc,facility,881,0,881,0,0,0,0,0,0,0,0,0,0,0,0,
2017-02-07,dc_phsw,facility,51,3,55,1,0,0,0,0,0,0,0,0,0,0,0,
2017-02-07,delaware_county,summary,0,0,0,,,,,,,,,,,,,
2017-02-07,hoc,facility,1037,0,1038,0,0,0,0,0,0,1,0,0,0,0,0,
2017-02-07,juveniles,summary,0,0,0,,,,,,,,,,,,,
2017-02-07,lehigh_county,summary,37,1,38,,,,,,,,,,,,,
2017-02-07,nif_total,summary,4,1,5,,,,,,,,,,,,,
2017-02-07,other_jurisdictions,summary,62,2,64,,,,,,,,,,,,,
2017-02-07,out_of_county,summary,0,0,0,,,,,,,,,,,,,
2017-02-07,pdp_in_facility,facility,5777,555,6381,44,0,2,1,0,0,2,0,0,0,0,0,
2017-02-07,pdp_headcount_nif,summary,5825,556,6381,,,,,,,,,,,,,
2017-02-07,pdp_headcount_nif_oj,summary,7430,823,6445,,,,,,,,,,,,,"males + females = 8253, published total 6445"
2017-02-07,picc,facility,929,0,972,43,0,0,0,0,0,0,0,0,0,0,0,
2017-02-07,rcf,facility,0,549,549,0,0,0,0,0,0,0,0,0,0,0,0,
2017-02-07,roth,summary,0,0,0,,,,,,,,,,,,,
2017-02-07,state_doc,summary,0,0,0,,,,,,,,,,,,,
2017-02-07,total,summary,6206,559,6765,,,,,,,,,,,,,
2017-02-07,in_facility_total,summary,5821,555,6376,,,4,2,,,4,0,,,,,
2017-02-07,weekenders,facility,2,0,2,0,0,0,0,0,0,0,0,0,0,0,0,
2017-02-08,asd_cambria,facility,229,0,229,0,0,0,0,0,0,0,0,0,0,0,0,
2017-02-08,asd_cannery,facility,0,0,0,0,0,0,0,0,0,0,0,0,0,0,0,
2017-02-08,asd_wrp,facility,0,0,0,0,0,0,0,0,0,0,0,0,0,0,0,
2017-02-08,asd_asdcu,facility,142,3,148,0,0,2,1,0,0,0,0,0,0,0,0,
2017-02-08,asd_mod3,facility,0,0,0,0,0,0,0,0,0,0,0,0,0,0,0,
2017-02-08,cec,summary,296,0,296,,,,,,,,,,,,,
2017-02-08,cfcf,facility,2497,0,2500,0,0,0,0,0,0,2,0,1,0,0,0,
2017-02-08,dc,facility,845,0,845,0,0,0,0,0,0,0,0,0,0,0,0,
2017-02-08,dc_phsw,facility,54,1,56,1,0,0,0,0,0,0,0,0,0,0,0,
2017-02-08,delaware_county,summary,0,0,0,,,,,,,,,,,,,
2017-02-08,hoc,facility,1018,0,1019,0,0,0,0,0,0,1,0,0,0,0,0,
2017-02-08,juveniles,summary,0,0,0,,,,,,,,,,,,,
2017-02-08,lehigh_county,summary,37,1,38,,,,,,,,,,,,,
2017-02-08,nif_total,summary,6,3,9,,,,,,,,,,,,,
2017-02-08,other_jurisdictions,summary,61,3,64,,,,,,,,,,,,,
2017-02-08,out_of_county,summary,0,0,0,,,,,,,,,,,,,
2017-02-08,pdp_in_facility,facility,5730,550,6333,44,0,2,1,0,0,3,1,1,1,0,0,
2017-02-08,pdp_headcount_nif,summary,5780,553,6333,,,,,,,,,,,,,
2017-02-08,pdp_headcount_nif_oj,summary,7430,823,6397,,,,,,,,,,,,,"males + females = 8253, published total 6397"
2017-02-08,picc,facility,943,0,986,43,0,0,0,0,0,0,0,0,0,0,0,
2017-02-08,rcf,facility,0,546,548,0,0,0,0,0,0,0,1,0,1,0,0,
2017-02-08,roth,summary,0,0,0,,,,,,,,,,,,,
2017-02-08,state_doc,summary,0,0,0,,,,,,,,,,,,,
2017-02-08,total,summary,6174,557,6731,,,,,,,,,,,,,
2017-02-08,in_facility_total,summary,5774,550,6324,,,4,2,,,6,2,,,,,
2017-02-08,weekenders,facility,2,0,2,0,0,0,0,0,0,0,0,0,0,0,0,
2017-02-20,asd_cambria,facility,233,0,233,0,0,0,0,0,0,0,0,0,0,0,0,
2017-02-20,asd_cannery,facility,0,0,0,0,0,0,0,0,0,0,0,0,0,0,0,
2017-02-20,asd_wrp,facility,0,0,0,0,0,0,0,0,0,0,0,0,0,0,0,
2017-02-20,asd_asdcu,facility,134,3,140,0,0,2,1,0,0,0,0,0,0,0,0,
2017-02-20,asd_mod3,facility,0,0,0,0,0,0,0,0,0,0,0,0,0,0,0,
2017-02-20,cec,summary,294,0,294,,,,,,,,,,,,,
2017-02-20,cfcf,facility,2558,0,2559,0,0,0,0,0,0,1,0,0,0,0,0,
2017-02-20,dc,facility,866,0,867,0,0,0,0,0,0,1,0,0,0,0,0,
2017-02-20,dc_phsw,facility,48,4,53,0,0,0,0,0,0,1,0,0,0,0,0,
2017-02-20,delaware_county,summary,0,0,0,,,,,,,,,,,,,
2017-02-20,hoc,facility,1041,0,1042,0,0,0,0,0,0,0,0,1,0,0,0,
2017-02-20,juveniles,summary,1,0,1,,,,,,,,,,,,,
2017-02-20,lehigh_county,summary,32,1,33,,,,,,,,,,,,,
2017-02-20,nif_total,summary,7,1,8,,,,,,,,,,,,,
2017-02-20,other_jurisdictions,summary,64,2,66,,,,,,,,,,,,,
2017-02-20,out_of_county,summary,0,0,0,,,,,,,,,,,,,
2017-02-20,pdp_in_facility,facility,5842,577,6471,44,0,2,1,0,0,4,0,1,0,0,0,
2017-02-20,pdp_headcount_nif,summary,5893,578,6471,,,,,,,,,,,,,
2017-02-20,pdp_headcount_nif_oj,summary,7430,823,6537,,,,,,,,,,,,,"males + females = 8253, published total 6537"
2017-02-20,picc,facility,962,0,1007,44,0,0,0,0,0,1,0,0,0,0,0,
2017-02-20,rcf,facility,0,570,570,0,0,0,0,0,0,0,0,0,0,0,0,
2017-02-20,roth,summary,0,0,0,,,,,,,,,,,,,
2017-02-20,state_doc,summary,0,0,0,,,,,,,,,,,,,
2017-02-20,total,summary,6284,581,6865,,,,,,,,,,,,,
2017-02-20,in_facility_total,summary,5886,577,6463,,,4,2,,,8,0,,,,,
2017-02-20,weekenders,facility,0,0,0,0,0,0,0,0,0,0,0,0,0,0,0,
2017-02-21,asd_cambria,facility,240,0,240,0,0,0,0,0,0,0,0,0,0,0,0,
2017-02-21,asd_cannery,facility,0,0,0,0,0,0,0,0,0,0,0,0,0,0,0,
2017-02-21,asd_wrp,facility,0,0,0,0,0,0,0,0,0,0,0,0,0,0,0,
2017-02-21,asd_asdcu,facility,137,3,144,0,0,3,1,0,0,0,0,0,0,0,0,
2017-02-21,asd_mod3,facility,0,0,0,0,0,0,0,0,0,0,0,0,0,0,0,
2017-02-21,cec,summary,294,0,294,,,,,,,,,,,,,
2017-02-21,cfcf,facility,2573,0,2575,0,0,0,0,0,0,2,0,0,0,0,0,
2017-02-21,dc,facility,869,0,870,0,0,0,0,0,0,1,0,0,0,0,0,
2017-02-21,dc_phsw,facility,44,3,47,0,0,0,0,0,0,0,0,0,0,0,0,
2017-02-21,delaware_county,summary,0,0,0,,,,,,,,,,,,,
2017-02-21,hoc,facility,1027,0,1028,0,0,0,0,0,0,1,0,0,0,0,0,
2017-02-21,juveniles,summary,1,0,1,,,,,,,,,,,,,
2017-02-21,lehigh_county,summary,32,1,33,,,,,,,,,,,,,
2017-02-21,nif_total,summary,8,1,9,,,,,,,,,,,,,
2017-02-21,other_jurisdictions,summary,65,2,67,,,,,,,,,,,,,
2017-02-21,out_of_county,summary,0,0,0,,,,,,,,,,,,,
2017-02-21,pdp_in_facility,facility,5850,580,6483,44,0,3,1,0,0,5,0,0,0,0,0,
2017-02-21,pdp_headcount_nif,summary,5902,581,6483,,,,,,,,,,,,,
2017-02-21,pdp_headcount_nif_oj,summary,7430,823,6550,,,,,,,,,,,,,"males + females = 8253, published total 6550"
2017-02-21,picc,facility,959,0,1004,44,0,0,0,0,0,1,0,0,0,0,0,
2017-02-21,rcf,facility,0,574,574,0,0,0,0,0,0,0,0,0,0,0,0,
2017-02-21,roth,summary,0,0,0,,,,,,,,,,,,,
2017-02-21,state_doc,summary,0,0,0,,,,,,,,,,,,,
2017-02-21,total,summary,6294,584,6878,,,,,,,,,,,,,
2017-02-21,in_facility_total,summary,5894,580,6474,,,6,2,,,10,0,,,,,
2017-02-21,weekenders,facility,1,0,1,0,0,0,0,0,0,0,0,0,0,0,0,
2017-02-22,asd_cambria,facility,227,0,227,0,0,0,0,0,0,0,0,0,0,0,0,
2017-02-22,asd_cannery,facility,0,0,0,0,0,0,0,0,0,0,0,0,0,0,0,
2017-02-22,asd_wrp,facility,0,0,0,0,0,0,0,0,0,0,0,0,0,0,0,
2017-02-22,asd_asdcu,facility,132,3,138,0,0,2,1,0,0,0,0,0,0,0,0,
2017-02-22,asd_mod3,facility,0,0,0,0,0,0,0,0,0,0,0,0,0,0,0,
2017-02-22,cec,summary,290,0,290,,,,,,,,,,,,,
2017-02-22,cfcf,facility,2547,0,2548,0,0,0,0,0,0,1,0,0,0,0,0,
2017-02-22,dc,facility,864,0,864,0,0,0,0,0,0,0,0,0,0,0,0,
2017-02-22,dc_phsw,facility,41,1,42,0,0,0,0,0,0,0,0,0,0,0,0,
2017-02-22,delaware_county,summary,0,0,0,,,,,,,,,,,,,
2017-02-22,hoc,facility,1026,0,1027,0,0,0,0,0,0,1,0,0,0,0,0,
2017-02-22,juveniles,summary,1,0,1,,,,,,,,,,,,,
2017-02-22,lehigh_county,summary,32,1,33,,,,,,,,,,,,,
2017-02-22,nif_total,summary,5,2,7,,,,,,,,,,,,,
2017-02-22,other_jurisdictions,summary,68,2,70,,,,,,,,,,,,,
2017-02-22,out_of_county,summary,0,0,0,,,,,,,,,,,,,
2017-02-22,pdp_in_facility,facility,5795,570,6416,44,0,2,1,0,0,3,1,0,0,0,0,
2017-02-22,pdp_headcount_nif,summary,5844,572,6416,,,,,,,,,,,,,
2017-02-22,pdp_headcount_nif_oj,summary,7430,823,6486,,,,,,,,,,,,,"males + females = 8253, published total 6486"
2017-02-22,picc,facility,957,0,1002,44,0,0,0,0,0,1,0,0,0,0,0,
2017-02-22,rcf,facility,0,566,567,0,0,0,0,0,0,0,1,0,0,0,0,
2017-02-22,roth,summary,0,0,0,,,,,,,,,,,,,
2017-02-22,state_doc,summary,0,0,0,,,,,,,,,,,,,
2017-02-22,total,summary,6235,575,6810,,,,,,,,,,,,,
2017-02-22,in_facility_total,summary,5839,570,6409,,,4,2,,,6,2,,,,,
2017-02-22,weekenders,facility,1,0,1,0,0,0,0,0,0,0,0,0,0,0,0,
2017-02-26,asd_cambria,facility,232,0,232,0,0,0,0,0,0,0,0,0,0,0,0,
2017-02-26,asd_cannery,facility,0,0,0,0,0,0,0,0,0,0,0,0,0,0,0,
2017-02-26,asd_wrp,facility,0,0,0,0,0,0,0,0,0,0,0,0,0,0,0,
2017-02-26,asd_asdcu,facility,124,3,130,0,0,2,0,0,0,0,0,1,0,0,0,
2017-02-26,asd_mod3,facility,0,0,0,0,0,0,0,0,0,0,0,0,0,0,0,
2017-02-26,cec,summary,282,0,282,,,,,,,,,,,,,
2017-02-26,cfcf,facility,2530,0,2534,0,0,0,0,0,0,4,0,0,0,0,0,
2017-02-26,dc,facility,885,0,885,0,0,0,0,0,0,0,0,0,0,0,0,
2017-02-26,dc_phsw,facility,51,6,57,0,0,0,0,0,0,0,0,0,0,0,0,
2017-02-26,delaware_county,summary,0,0,0,,,,,,,,,,,,,
2017-02-26,hoc,facility,1035,0,1035,0,0,0,0,0,0,0,0,0,0,0,0,
2017-02-26,juveniles,summary,0,0,0,,,,,,,,,,,,,
2017-02-26,lehigh_county,summary,31,1,32,,,,,,,,,,,,,
2017-02-26,nif_total,summary,8,1,9,,,,,,,,,,,,,
2017-02-26,other_jurisdictions,summary,67,2,69,,,,,,,,,,,,,
2017-02-26,out_of_county,summary,0,0,0,,,,,,,,,,,,,
2017-02-26,pdp_in_facility,facility,5806,579,6434,40,0,2,0,0,0,5,1,1,0,0,0,
2017-02-26,pdp_headcount_nif,summary,5854,580,6434,,,,,,,,,,,,,
2017-02-26,pdp_headcount_nif_oj,summary,7430,823,6503,,,,,,,,,,,,,"males + females = 8253, published total 6503"
2017-02-26,picc,facility,945,0,986,40,0,0,0,0,0,1,0,0,0,0,0,
2017-02-26,rcf,facility,0,569,570,0,0,0,0,0,0,0,1,0,0,0,0,
2017-02-26,roth,summary,0,0,0,,,,,,,,,,,,,
2017-02-26,state_doc,summary,0,0,0,,,,,,,,,,,,,
2017-02-26,total,summary,6234,583,6817,,,,,,,,,,,,,
2017-02-26,in_facility_total,summary,5846,579,6425,,,4,0,,,10,2,,,,,
2017-02-26,weekenders,facility,4,1,5,0,0,0,0,0,0,0,0,0,0,0,0,
2017-02-27,asd_cambria,facility,236,0,236,0,0,0,0,0,0,0,0,0,0,0,0,
2017-02-27,asd_cannery,facility,0,0,0,0,0,0,0,0,0,0,0,0,0,0,0,
2017-02-27,asd_wrp,facility,0,0,0,0,0,0,0,0,0,0,0,0,0,0,0,
2017-02-27,asd_asdcu,facility,125,3,129,0,0,1,0,0,0,0,0,0,0,0,0,
2017-02-27,asd_mod3,facility,0,0,0,0,0,0,0,0,0,0,0,0,0,0,0,
2017-02-27,cec,summary,275,0,275,,,,,,,,,,,,,
2017-02-27,cfcf,facility,2513,0,2515,0,0,0,0,0,0,2,0,0,0,0,0,
2017-02-27,dc,facility,872,0,872,0,0,0,0,0,0,0,0,0,0,0,0,
2017-02-27,dc_phsw,facility,44,5,51,0,0,0,0,0,0,2,0,0,0,0,0,
2017-02-27,delaware_county,summary,0,0,0,,,,,,,,,,,,,
2017-02-27,hoc,facility,1046,0,1046,0,0,0,0,0,0,0,0,0,0,0,0,
2017-02-27,juveniles,summary,0,0,0,,,,,,,,,,,,,
2017-02-27,lehigh_county,summary,31,1,32,,,,,,,,,,,,,
2017-02-27,nif_total,summary,6,1,7,,,,,,,,,,,,,
2017-02-27,other_jurisdictions,summary,67,2,69,,,,,,,,,,,,,
2017-02-27,out_of_county,summary,0,0,0,,,,,,,,,,,,,
2017-02-27,pdp_in_facility,facility,5792,564,6403,40,0,1,0,0,0,5,1,0,0,0,0,
2017-02-27,pdp_headcount_nif,summary,5838,565,6403,,,,,,,,,,,,,
2017-02-27,pdp_headcount_nif_oj,summary,7430,823,6472,,,,,,,,,,,,,"males + females = 8253, published total 6472"
2017-02-27,picc,facility,956,0,997,40,0,0,0,0,0,1,0,0,0,0,0,
2017-02-27,rcf,facility,0,556,557,0,0,0,0,0,0,0,1,0,0,0,0,
2017-02-27,roth,summary,0,0,0,,,,,,,,,,,,,
2017-02-27,state_doc,summary,0,0,0,,,,,,,,,,,,,
2017-02-27,total,summary,6211,568,6779,,,,,,,,,,,,,
2017-02-27,in_facility_total,summary,5832,564,6396,,,2,0,,,10,2,,,,,
2017-02-27,weekenders,facility,0,0,0,0,0,0,0,0,0,0,0,0,0,0,0,
2017-03-12,asd_cambria,facility,223,0,224,0,0,0,0,0,0,1,0,0,0,0,0,
2017-03-12,asd_cannery,facility,0,0,0,0,0,0,0,0,0,0,0,0,0,0,0,
2017-03-12,asd_wrp,facility,0,0,0,0,0,0,0,0,0,0,0,0,0,0,0,
2017-03-12,asd_asdcu,facility,115,1,116,0,0,0,0,0,0,0,0,0,0,0,0,
2017-03-12,asd_mod3,facility,0,0,0,0,0,0,0,0,0,0,0,0,0,0,0,
2017-03-12,cec,summary,282,0,282,,,,,,,,,,,,,
2017-03-12,cfcf,facility,2481,0,2482,0,0,0,0,0,0,0,0,1,0,0,0,
2017-03-12,dc,facility,836,0,838,0,0,0,0,0,0,2,0,0,0,0,0,
2017-03-12,dc_phsw,facility,48,4,54,1,0,0,0,0,0,1,0,0,0,0,0,
2017-03-12,delaware_county,summary,0,0,0,,,,,,,,,,,,,
2017-03-12,hoc,facility,1042,0,1043,0,0,0,0,0,0,0,0,1,0,0,0,
2017-03-12,juveniles,summary,0,0,0,,,,,,,,,,,,,
2017-03-12,lehigh_county,summary,39,1,40,,,,,,,,,,,,,
2017-03-12,nif_total,summary,6,1,7,,,,,,,,,,,,,
2017-03-12,other_jurisdictions,summary,66,2,68,,,,,,,,,,,,,
2017-03-12,out_of_county,summary,0,0,0,,,,,,,,,,,,,
2017-03-12,pdp_in_facility,facility,5708,542,6292,35,0,0,0,0,0,4,1,2,0,0,0,
2017-03-12,pdp_headcount_nif,summary,5749,543,6292,,,,,,,,,,,,,
2017-03-12,pdp_headcount_nif_oj,summary,7430,823,6360,,,,,,,,,,,,,"males + females = 8253, published total 6360"
2017-03-12,picc,facility,960,0,994,34,0,0,0,0,0,0,0,0,0,0,0,
2017-03-12,rcf,facility,0,536,537,0,0,0,0,0,0,0,1,0,0,0,0,
2017-03-12,roth,summary,0,0,0,,,,,,,,,,,,,
2017-03-12,state_doc,summary,0,0,0,,,,,,,,,,,,,
2017-03-12,total,summary,6136,546,6682,,,,,,,,,,,,,
2017-03-12,in_facility_total,summary,5743,542,6285,,,0,0,,,8,2,,,,,
2017-03-12,weekenders,facility,3,1,4,0,0,0,0,0,0,0,0,0,0,0,0,
2017-03-19,asd_cambria,facility,210,0,210,0,0,0,0,0,0,0,0,0,0,0,0,
2017-03-19,asd_cannery,facility,0,0,0,0,0,0,0,0,0,0,0,0,0,0,0,
2017-03-19,asd_wrp,facility,0,0,0,0,0,0,0,0,0,0,0,0,0,0,0,
2017-03-19,asd_asdcu,facility,112,1,113,0,0,0,0,0,0,0,0,0,0,0,0,
2017-03-19,asd_mod3,facility,0,0,0,0,0,0,0,0,0,0,0,0,0,0,0,
2017-03-19,cec,summary,286,0,286,,,,,,,,,,,,,
2017-03-19,cfcf,facility,2499,0,2502,0,0,0,0,0,0,3,0,0,0,0,0,
2017-03-19,dc,facility,845,0,845,0,0,0,0,0,0,0,0,0,0,0,0,
2017-03-19,dc_phsw,facility,46,2,49,0,0,0,0,0,0,1,0,0,0,0,0,
2017-03-19,delaware_county,summary,0,0,0,,,,,,,,,,,,,
2017-03-19,hoc,facility,1022,0,1022,0,0,0,0,0,0,0,0,0,0,0,0,
2017-03-19,juveniles,summary,0,0,0,,,,,,,,,,,,,
2017-03-19,lehigh_county,summary,38,1,39,,,,,,,,,,,,,
2017-03-19,nif_total,summary,5,1,6,,,,,,,,,,,,,
2017-03-19,other_jurisdictions,summary,71,2,73,,,,,,,,,,,,,
2017-03-19,out_of_county,summary,0,0,0,,,,,,,,,,,,,
2017-03-19,pdp_in_facility,facility,5695,542,6276,33,0,0,0,0,0,5,1,0,0,0,0,
2017-03-19,pdp_headcount_nif,summary,5733,543,6276,,,,,,,,,,,,,
2017-03-19,pdp_headcount_nif_oj,summary,7430,823,6349,,,,,,,,,,,,,"males + females = 8253, published total 6349"
2017-03-19,picc,facility,957,0,991,33,0,0,0,0,0,1,0,0,0,0,0,
2017-03-19,rcf,facility,0,535,536,0,0,0,0,0,0,0,1,0,0,0,0,
2017-03-19,roth,summary,0,0,0,,,,,,,,,,,,,
2017-03-19,state_doc,summary,0,0,0,,,,,,,,,,,,,
2017-03-19,total,summary,6128,546,6674,,,,,,,,,,,,,
2017-03-19,in_facility_total,summary,5728,542,6270,,,0,0,,,10,2,,,,,
2017-03-19,weekenders,facility,4,4,8,0,0,0,0,0,0,0,0,0,0,0,0,
2017-03-26,asd_cambria,facility,209,0,209,0,0,0,0,0,0,0,0,0,0,0,0,
2017-03-26,asd_cannery,facility,0,0,0,0,0,0,0,0,0,0,0,0,0,0,0,
2017-03-26,asd_wrp,facility,0,0,0,0,0,0,0,0,0,0,0,0,0,0,0,
2017-03-26,asd_asdcu,facility,110,3,113,0,0,0,0,0,0,0,0,0,0,0,0,
2017-03-26,asd_mod3,facility,0,0,0,0,0,0,0,0,0,0,0,0,0,0,0,
2017-03-26,cec,summary,280,0,280,,,,,,,,,,,,,
2017-03-26,cfcf,facility,2512,0,2515,0,0,0,0,0,0,3,0,0,0,0,0,
2017-03-26,dc,facility,859,0,859,0,0,0,0,0,0,0,0,0,0,0,0,
2017-03-26,dc_phsw,facility,56,4,62,0,0,0,0,0,0,2,0,0,0,0,0,
2017-03-26,delaware_county,summary,0,0,0,,,,,,,,,,,,,
2017-03-26,hoc,facility,976,0,976,0,0,0,0,0,0,0,0,0,0,0,0,
2017-03-26,juveniles,summary,0,1,1,,,,,,,,,,,,,
2017-03-26,lehigh_county,summary,35,1,36,,,,,,,,,,,,,
2017-03-26,nif_total,summary,5,0,5,,,,,,,,,,,,,
2017-03-26,other_jurisdictions,summary,72,3,75,,,,,,,,,,,,,
2017-03-26,out_of_county,summary,0,0,0,,,,,,,,,,,,,
2017-03-26,pdp_in_facility,facility,5684,540,6265,33,3,0,0,0,0,5,0,0,0,0,0,
2017-03-26,pdp_headcount_nif,summary,5722,543,6265,,,,,,,,,,,,,
2017-03-26,pdp_headcount_nif_oj,summary,7430,823,6340,,,,,,,,,,,,,"males + females = 8253, published total 6340"
2017-03-26,picc,facility,953,0,986,33,0,0,0,0,0,0,0,0,0,0,0,
2017-03-26,rcf,facility,0,531,534,0,3,0,0,0,0,0,0,0,0,0,0,
2017-03-26,roth,summary,0,0,0,,,,,,,,,,,,,
2017-03-26,state_doc,summary,0,0,0,,,,,,,,,,,,,
2017-03-26,total,summary,6109,548,6657,,,,,,,,,,,,,
2017-03-26,in_facility_total,summary,5717,543,6260,,,0,0,,,10,0,,,,,
2017-03-26,weekenders,facility,9,2,11,0,0,0,0,0,0,0,0,0,0,0,0,
2017-03-29,asd_cambria,facility,202,0,202,0,0,0,0,0,0,0,0,0,0,0,0,
2017-03-29,asd_cannery,facility,0,0,0,0,0,0,0,0,0,0,0,0,0,0,0,
2017-03-29,asd_wrp,facility,0,0,0,0,0,0,0,0,0,0,0,0,0,0,0,
2017-03-29,asd_asdcu,facility,105,3,109,0,0,1,0,0,0,0,0,0,0,0,0,
2017-03-29,asd_mod3,facility,0,0,0,0,0,0,0,0,0,0,0,0,0,0,0,
2017-03-29,cec,summary,291,0,291,,,,,,,,,,,,,
2017-03-29,cfcf,facility,2458,0,2464,0,0,0,0,0,0,6,0,0,0,0,0,
2017-03-29,dc,facility,831,0,832,0,0,0,0,0,0,1,0,0,0,0,0,
2017-03-29,dc_phsw,facility,44,5,51,0,0,0,0,0,0,1,1,0,0,0,0,
2017-03-29,delaware_county,summary,0,0,0,,,,,,,,,,,,,
2017-03-29,hoc,facility,995,0,996,0,0,0,0,0,0,1,0,0,0,0,0,
2017-03-29,juveniles,summary,0,0,0,,,,,,,,,,,,,
2017-03-29,lehigh_county,summary,33,1,34,,,,,,,,,,,,,
2017-03-29,nif_total,summary,10,2,12,,,,,,,,,,,,,
2017-03-29,other_jurisdictions,summary,68,2,70,,,,,,,,,,,,,
2017-03-29,out_of_county,summary,0,0,0,,,,,,,,,,,,,
2017-03-29,pdp_in_facility,facility,5588,519,6153,33,1,1,0,0,0,9,1,0,1,0,0,
2017-03-29,pdp_headcount_nif,summary,5631,522,6153,,,,,,,,,,,,,
2017-03-29,pdp_headcount_nif_oj,summary,7430,823,6223,,,,,,,,,,,,,"males + females = 8253, published total 6223"
2017-03-29,picc,facility,951,0,984,33,0,0,0,0,0,0,0,0,0,0,0,
2017-03-29,rcf,facility,0,511,513,0,1,0,0,0,0,0,0,0,1,0,0,
2017-03-29,roth,summary,0,0,0,,,,,,,,,,,,,
2017-03-29,state_doc,summary,0,0,0,,,,,,,,,,,,,
2017-03-29,total,summary,6023,525,6548,,,,,,,,,,,,,
2017-03-29,in_facility_total,summary,5621,520,6141,,,2,0,,,18,2,,,,,
2017-03-29,weekenders,facility,2,0,2,0,0,0,0,0,0,0,0,0,0,0,0,
2017-04-06,asd_cambria,facility,213,0,213,0,0,0,0,0,0,0,0,0,0,0,0,
2017-04-06,asd_cannery,facility,0,0,0,0,0,0,0,0,0,0,0,0,0,0,0,
2017-04-06,asd_wrp,facility,0,0,0,0,0,0,0,0,0,0,0,0,0,0,0,
2017-04-06,asd_asdcu,facility,101,3,106,0,0,2,0,0,0,0,0,0,0,0,0,
2017-04-06,asd_mod3,facility,0,0,0,0,0,0,0,0,0,0,0,0,0,0,0,
2017-04-06,cec,summary,289,0,289,,,,,,,,,,,,,
2017-04-06,cfcf,facility,2482,0,2490,0,0,0,0,0,0,8,0,0,0,0,0,
2017-04-06,dc,facility,836,0,836,0,0,0,0,0,0,0,0,0,0,0,0,
2017-04-06,dc_phsw,facility,42,5,48,1,0,0,0,0,0,0,0,0,0,0,0,
2017-04-06,delaware_county,summary,0,0,0,,,,,,,,,,,,,
2017-04-06,hoc,facility,1009,0,1009,0,0,0,0,0,0,0,0,0,0,0,0,
2017-04-06,juveniles,summary,0,0,0,,,,,,,,,,,,,
2017-04-06,lehigh_county,summary,31,1,32,,,,,,,,,,,,,
2017-04-06,nif_total,summary,11,2,13,,,,,,,,,,,,,
2017-04-06,other_jurisdictions,summary,63,1,64,,,,,,,,,,,,,
2017-04-06,out_of_county,summary,0,0,0,,,,,,,,,,,,,
2017-04-06,pdp_in_facility,facility,5634,505,6188,35,1,2,0,0,0,8,2,1,0,0,0,
2017-04-06,pdp_headcount_nif,summary,5680,508,6188,,,,,,,,,,,,,
2017-04-06,pdp_headcount_nif_oj,summary,7430,823,6252,,,,,,,,,,,,,"males + females = 8253, published total 6252"
2017-04-06,picc,facility,950,0,985,34,0,0,0,0,0,0,0,1,0,0,0,
2017-04-06,rcf,facility,0,497,500,0,1,0,0,0,0,0,2,0,0,0,0,
2017-04-06,roth,summary,0,0,0,,,,,,,,,,,,,
2017-04-06,state_doc,summary,0,0,0,,,,,,,,,,,,,
2017-04-06,total,summary,6063,510,6573,,,,,,,,,,,,,
2017-04-06,in_facility_total,summary,5669,506,6175,,,4,0,,,16,4,,,,,
2017-04-06,weekenders,facility,1,0,1,0,0,0,0,0,0,0,0,0,0,0,0,
2017-04-12,asd_cambria,facility,204,0,205,0,0,0,0,0,0,1,0,0,0,0,0,
2017-04-12,asd_cannery,facility,0,0,0,0,0,0,0,0,0,0,0,0,0,0,0,
2017-04-12,asd_wrp,facility,0,0,0,0,0,0,0,0,0,0,0,0,0,0,0,
2017-04-12,asd_asdcu,facility,94,3,100,0,0,3,0,0,0,0,0,0,0,0,0,
2017-04-12,asd_mod3,facility,0,0,0,0,0,0,0,0,0,0,0,0,0,0,0,
2017-04-12,cec,summary,282,0,282,,,,,,,,,,,,,
2017-04-12,cfcf,facility,2430,0,2433,0,0,0,0,0,0,3,0,0,0,0,0,
2017-04-12,dc,facility,883,0,883,0,0,0,0,0,0,0,0,0,0,0,0,
2017-04-12,dc_phsw,facility,40,7,49,1,0,0,0,0,0,1,0,0,0,0,0,
2017-04-12,delaware_county,summary,0,0,0,,,,,,,,,,,,,
2017-04-12,hoc,facility,998,0,998,0,0,0,0,0,0,0,0,0,0,0,0,
2017-04-12,juveniles,summary,2,0,2,,,,,,,,,,,,,
2017-04-12,lehigh_county,summary,36,1,37,,,,,,,,,,,,,
2017-04-12,nif_total,summary,8,1,9,,,,,,,,,,,,,
2017-04-12,other_jurisdictions,summary,70,2,72,,,,,,,,,,,,,
2017-04-12,out_of_county,summary,0,0,0,,,,,,,,,,,,,
2017-04-12,pdp_in_facility,facility,5609,537,6189,33,1,3,0,0,0,5,1,0,0,0,0,
2017-04-12,pdp_headcount_nif,summary,5650,539,6189,,,,,,,,,,,,,
2017-04-12,pdp_headcount_nif_oj,summary,7430,823,6261,,,,,,,,,,,,,"males + females = 8253, published total 6261"
2017-04-12,picc,facility,957,0,989,32,0,0,0,0,0,0,0,0,0,0,0,
2017-04-12,rcf,facility,0,527,529,0,1,0,0,0,0,0,1,0,0,0,0,
2017-04-12,roth,summary,0,0,0,,,,,,,,,,,,,
2017-04-12,state_doc,summary,0,0,0,,,,,,,,,,,,,
2017-04-12,total,summary,6040,542,6582,,,,,,,,,,,,,
2017-04-12,in_facility_total,summary,5642,538,6180,,,6,0,,,10,2,,,,,
2017-04-12,weekenders,facility,3,0,3,0,0,0,0,0,0,0,0,0,0,0,0,
2017-04-17,asd_cambria,facility,201,0,201,0,0,0,0,0,0,0,0,0,0,0,0,
2017-04-17,asd_cannery,facility,0,0,0,0,0,0,0,0,0,0,0,0,0,0,0,
2017-04-17,asd_wrp,facility,0,0,0,0,0,0,0,0,0,0,0,0,0,0,0,
2017-04-17,asd_asdcu,facility,108,3,111,0,0,0,0,0,0,0,0,0,0,0,0,
2017-04-17,asd_mod3,facility,0,0,0,0,0,0,0,0,0,0,0,0,0,0,0,
2017-04-17,cec,summary,288,0,288,,,,,,,,,,,,,
2017-04-17,cfcf,facility,2446,0,2448,0,0,0,0,0,0,2,0,0,0,0,0,
2017-04-17,dc,facility,905,0,905,0,0,0,0,0,0,0,0,0,0,0,0,
2017-04-17,dc_phsw,facility,48,5,54,0,0,0,0,0,0,0,1,0,0,0,0,
2017-04-17,delaware_county,summary,0,0,0,,,,,,,,,,,,,
2017-04-17,hoc,facility,1012,0,1012,0,0,0,0,0,0,0,0,0,0,0,0,
2017-04-17,juveniles,summary,0,0,0,,,,,,,,,,,,,
2017-04-17,lehigh_county,summary,35,1,36,,,,,,,,,,,,,
2017-04-17,nif_total,summary,2,2,4,,,,,,,,,,,,,
2017-04-17,other_jurisdictions,summary,67,0,67,,,,,,,,,,,,,
2017-04-17,out_of_county,summary,0,0,0,,,,,,,,,,,,,
2017-04-17,pdp_in_facility,facility,5694,565,6301,36,2,0,0,0,0,2,2,0,0,0,0,
2017-04-17,pdp_headcount_nif,summary,5732,569,6301,,,,,,,,,,,,,
2017-04-17,pdp_headcount_nif_oj,summary,7430,823,6368,,,,,,,,,,,,,"males + females = 8253, published total 6368"
2017-04-17,picc,facility,973,0,1009,36,0,0,0,0,0,0,0,0,0,0,0,
2017-04-17,rcf,facility,0,557,560,0,2,0,0,0,0,0,1,0,0,0,0,
2017-04-17,roth,summary,0,0,0,,,,,,,,,,,,,
2017-04-17,state_doc,summary,0,0,0,,,,,,,,,,,,,
2017-04-17,total,summary,6122,570,6692,,,,,,,,,,,,,
2017-04-17,in_facility_total,summary,5730,567,6297,,,0,0,,,4,4,,,,,
2017-04-17,weekenders,facility,1,0,1,0,0,0,0,0,0,0,0,0,0,0,0,
2017-04-25,asd_cambria,facility,216,0,216,0,0,0,0,0,0,0,0,0,0,0,0,
2017-04-25,asd_cannery,facility,0,0,0,0,0,0,0,0,0,0,0,0,0,0,0,
2017-04-25,asd_wrp,facility,0,0,0,0,0,0,0,0,0,0,0,0,0,0,0,
2017-04-25,asd_asdcu,facility,114,0,115,0,0,1,0,0,0,0,0,0,0,0,0,
2017-04-25,asd_mod3,facility,0,0,0,0,0,0,0,0,0,0,0,0,0,0,0,
2017-04-25,cec,summary,285,0,285,,,,,,,,,,,,,
2017-04-25,cfcf,facility,2415,0,2418,0,0,0,0,0,0,3,0,0,0,0,0,
2017-04-25,dc,facility,888,0,891,0,0,0,0,0,0,2,0,1,0,0,0,
2017-04-25,dc_phsw,facility,42,4,49,1,0,0,0,0,0,2,0,0,0,0,0,
2017-04-25,delaware_county,summary,0,0,0,,,,,,,,,,,,,
2017-04-25,hoc,facility,1030,0,1031,0,0,0,0,0,0,1,0,0,0,0,0,
2017-04-25,juveniles,summary,0,0,0,,,,,,,,,,,,,
2017-04-25,lehigh_county,summary,31,1,32,,,,,,,,,,,,,
2017-04-25,nif_total,summary,10,1,11,,,,,,,,,,,,,
2017-04-25,other_jurisdictions,summary,67,1,68,,,,,,,,,,,,,
2017-04-25,out_of_county,summary,0,0,0,,,,,,,,,,,,,
2017-04-25,pdp_in_facility,facility,5662,553,6268,36,6,1,0,0,0,8,1,1,0,0,0,
2017-04-25,pdp_headcount_nif,summary,5708,560,6268,,,,,,,,,,,,,
2017-04-25,pdp_headcount_nif_oj,summary,7430,823,6336,,,,,,,,,,,,,"males + females = 8253, published total 6336"
2017-04-25,picc,facility,955,0,990,35,0,0,0,0,0,0,0,0,0,0,0,
2017-04-25,rcf,facility,0,549,556,0,6,0,0,0,0,0,1,0,0,0,0,
2017-04-25,roth,summary,0,0,0,,,,,,,,,,,,,
2017-04-25,state_doc,summary,0,0,0,,,,,,,,,,,,,
2017-04-25,total,summary,6091,562,6653,,,,,,,,,,,,,
2017-04-25,in_facility_total,summary,5698,559,6257,,,2,0,,,16,2,,,,,
2017-04-25,weekenders,facility,2,0,2,0,0,0,0,0,0,0,0,0,0,0,0,
2017-04-30,asd_cambria,facility,219,0,219,0,0,0,0,0,0,0,0,0,0,0,0,
2017-04-30,asd_cannery,facility,0,0,0,0,0,0,0,0,0,0,0,0,0,0,0,
2017-04-30,asd_wrp,facility,0,0,0,0,0,0,0,0,0,0,0,0,0,0,0,
2017-04-30,asd_asdcu,facility,103,0,104,0,0,0,0,0,0,1,0,0,0,0,0,
2017-04-30,asd_mod3,facility,0,0,0,0,0,0,0,0,0,0,0,0,0,0,0,
2017-04-30,cec,summary,287,0,287,,,,,,,,,,,,,
2017-04-30,cfcf,facility,2434,0,2440,0,0,0,0,0,0,4,0,2,0,0,0,
2017-04-30,dc,facility,898,0,898,0,0,0,0,0,0,0,0,0,0,0,0,
2017-04-30,dc_phsw,facility,49,8,59,2,0,0,0,0,0,0,0,0,0,0,0,
2017-04-30,delaware_county,summary,0,0,0,,,,,,,,,,,,,
2017-04-30,hoc,facility,1037,0,1037,0,0,0,0,0,0,0,0,0,0,0,0,
2017-04-30,juveniles,summary,0,0,0,,,,,,,,,,,,,
2017-04-30,lehigh_county,summary,29,1,30,,,,,,,,,,,,,
2017-04-30,nif_total,summary,7,0,7,,,,,,,,,,,,,
2017-04-30,other_jurisdictions,summary,65,1,66,,,,,,,,,,,,,
2017-04-30,out_of_county,summary,0,0,0,,,,,,,,,,,,,
2017-04-30,pdp_in_facility,facility,5696,585,6328,36,4,0,0,0,0,5,0,2,0,0,0,
2017-04-30,pdp_headcount_nif,summary,5739,589,6328,,,,,,,,,,,,,
2017-04-30,pdp_headcount_nif_oj,summary,7430,823,6394,,,,,,,,,,,,,"males + females = 8253, published total 6394"
2017-04-30,picc,facility,949,0,983,34,0,0,0,0,0,0,0,0,0,0,0,
2017-04-30,rcf,facility,0,575,579,0,4,0,0,0,0,0,0,0,0,0,0,
2017-04-30,roth,summary,0,0,0,,,,,,,,,,,,,
2017-04-30,state_doc,summary,0,0,0,,,,,,,,,,,,,
2017-04-30,total,summary,6120,591,6711,,,,,,,,,,,,,
2017-04-30,in_facility_total,summary,5732,589,6321,,,0,0,,,10,0,,,,,
2017-04-30,weekenders,facility,7,2,9,0,0,0,0,0,0,0,0,0,0,0,0,
2017-05-02,asd_cambria,facility,229,0,229,0,0,0,0,0,0,0,0,0,0,0,0,
2017-05-02,asd_cannery,facility,0,0,0,0,0,0,0,0,0,0,0,0,0,0,0,
2017-05-02,asd_wrp,facility,0,0,0,0,0,0,0,0,0,0,0,0,0,0,0,
2017-05-02,asd_asdcu,facility,100,0,101,0,0,0,0,0,0,1,0,0,0,0,0,
2017-05-02,asd_mod3,facility,0,0,0,0,0,0,0,0,0,0,0,0,0,0,0,
2017-05-02,cec,summary,286,0,286,,,,,,,,,,,,,
2017-05-02,cfcf,facility,2418,0,2422,0,0,0,0,0,0,3,0,1,0,0,0,
2017-05-02,dc,facility,878,0,878,0,0,0,0,0,0,0,0,0,0,0,0,
2017-05-02,dc_phsw,facility,46,6,53,1,0,0,0,0,0,0,0,0,0,0,0,
2017-05-02,delaware_county,summary,0,0,0,,,,,,,,,,,,,
2017-05-02,hoc,facility,1030,0,1030,0,0,0,0,0,0,0,0,0,0,0,0,
2017-05-02,juveniles,summary,0,0,0,,,,,,,,,,,,,
2017-05-02,lehigh_county,summary,28,1,29,,,,,,,,,,,,,
2017-05-02,nif_total,summary,5,0,5,,,,,,,,,,,,,
2017-05-02,other_jurisdictions,summary,69,0,69,,,,,,,,,,,,,
2017-05-02,out_of_county,summary,0,0,0,,,,,,,,,,,,,
2017-05-02,pdp_in_facility,facility,5661,567,6273,36,4,0,0,0,0,4,0,1,0,0,0,
2017-05-02,pdp_headcount_nif,summary,5702,571,6273,,,,,,,,,,,,,
2017-05-02,pdp_headcount_nif_oj,summary,7430,823,6342,,,,,,,,,,,,,"males + females = 8253, published total 6342"
2017-05-02,picc,facility,957,0,992,35,0,0,0,0,0,0,0,0,0,0,0,
2017-05-02,rcf,facility,0,561,565,0,4,0,0,0,0,0,0,0,0,0,0,
2017-05-02,roth,summary,0,0,0,,,,,,,,,,,,,
2017-05-02,state_doc,summary,0,0,0,,,,,,,,,,,,,
2017-05-02,total,summary,6085,572,6657,,,,,,,,,,,,,
2017-05-02,in_facility_total,summary,5697,571,6268,,,0,0,,,8,0,,,,,
2017-05-02,weekenders,facility,3,0,3,0,0,0,0,0,0,0,0,0,0,0,0,
2017-05-15,asd_cambria,facility,212,0,212,0,0,0,0,0,0,0,0,0,0,0,0,
2017-05-15,asd_cannery,facility,0,0,0,0,0,0,0,0,0,0,0,0,0,0,0,
2017-05-15,asd_wrp,facility,0,0,0,0,0,0,0,0,0,0,0,0,0,0,0,
2017-05-15,asd_asdcu,facility,119,0,119,0,0,0,0,0,0,0,0,0,0,0,0,
2017-05-15,asd_mod3,facility,0,0,0,0,0,0,0,0,0,0,0,0,0,0,0,
2017-05-15,cec,summary,276,0,276,,,,,,,,,,,,,
2017-05-15,cfcf,facility,2394,0,2397,0,0,0,0,0,0,2,0,1,0,0,0,
2017-05-15,dc,facility,932,0,932,0,0,0,0,0,0,0,0,0,0,0,0,
2017-05-15,dc_phsw,facility,52,4,58,0,0,0,0,0,0,1,1,0,0,0,0,
2017-05-15,delaware_county,summary,0,0,0,,,,,,,,,,,,,
2017-05-15,hoc,facility,1039,0,1040,0,0,0,0,0,0,1,0,0,0,0,0,
2017-05-15,juveniles,summary,0,0,0,,,,,,,,,,,,,
2017-05-15,lehigh_county,summary,28,1,29,,,,,,,,,,,,,
2017-05-15,nif_total,summary,5,2,7,,,,,,,,,,,,,
2017-05-15,other_jurisdictions,summary,66,1,67,,,,,,,,,,,,,
2017-05-15,out_of_county,summary,0,0,0,,,,,,,,,,,,,
2017-05-15,pdp_in_facility,facility,5682,558,6293,41,5,0,0,0,0,4,1,1,1,0,0,
2017-05-15,pdp_headcount_nif,summary,5728,565,6293,,,,,,,,,,,,,
2017-05-15,pdp_headcount_nif_oj,summary,7430,823,6360,,,,,,,,,,,,,"males + females = 8253, published total 6360"
2017-05-15,picc,facility,933,0,974,41,0,0,0,0,0,0,0,0,0,0,0,
2017-05-15,rcf,facility,0,554,560,0,5,0,0,0,0,0,0,0,1,0,0,
2017-05-15,roth,summary,0,0,0,,,,,,,,,,,,,
2017-05-15,state_doc,summary,0,0,0,,,,,,,,,,,,,
2017-05-15,total,summary,6098,567,6665,,,,,,,,,,,,,
2017-05-15,in_facility_total,summary,5723,563,6286,,,0,0,,,8,2,,,,,
2017-05-15,weekenders,facility,1,0,1,0,0,0,0,0,0,0,0,0,0,0,0,
2017-05-23,asd_cambria,facility,225,0,225,0,0,0,0,0,0,0,0,0,0,0,0,
2017-05-23,asd_cannery,facility,0,0,0,0,0,0,0,0,0,0,0,0,0,0,0,
2017-05-23,asd_wrp,facility,0,0,0,0,0,0,0,0,0,0,0,0,0,0,0,
2017-05-23,asd_asdcu,facility,108,0,108,0,0,0,0,0,0,0,0,0,0,0,0,
2017-05-23,asd_mod3,facility,0,0,0,0,0,0,0,0,0,0,0,0,0,0,0,
2017-05-23,cec,summary,255,0,255,,,,,,,,,,,,,
2017-05-23,cfcf,facility,2370,0,2371,0,0,0,0,0,0,1,0,0,0,0,0,
2017-05-23,dc,facility,923,0,924,0,0,0,0,0,0,1,0,0,0,0,0,
2017-05-23,dc_phsw,facility,44,5,50,0,0,0,0,0,0,1,0,0,0,0,0,
2017-05-23,delaware_county,summary,0,0,0,,,,,,,,,,,,,
2017-05-23,hoc,facility,1013,0,1013,0,0,0,0,0,0,0,0,0,0,0,0,
2017-05-23,juveniles,summary,0,0,0,,,,,,,,,,,,,
2017-05-23,lehigh_county,summary,25,1,26,,,,,,,,,,,,,
2017-05-23,nif_total,summary,3,0,3,,,,,,,,,,,,,
2017-05-23,other_jurisdictions,summary,72,1,73,,,,,,,,,,,,,
2017-05-23,out_of_county,summary,0,0,0,,,,,,,,,,,,,
2017-05-23,pdp_in_facility,facility,5658,545,6249,37,6,0,0,0,0,3,0,0,0,0,0,
2017-05-23,pdp_headcount_nif,summary,5698,551,6249,,,,,,,,,,,,,
2017-05-23,pdp_headcount_nif_oj,summary,7430,823,6322,,,,,,,,,,,,,"males + females = 8253, published total 6322"
2017-05-23,picc,facility,972,0,1009,37,0,0,0,0,0,0,0,0,0,0,0,
2017-05-23,rcf,facility,0,540,546,0,6,0,0,0,0,0,0,0,0,0,0,
2017-05-23,roth,summary,0,0,0,,,,,,,,,,,,,
2017-05-23,state_doc,summary,0,0,0,,,,,,,,,,,,,
2017-05-23,total,summary,6050,553,6603,,,,,,,,,,,,,
2017-05-23,in_facility_total,summary,5695,551,6246,,,0,0,,,6,0,,,,,
2017-05-23,weekenders,facility,3,0,3,0,0,0,0,0,0,0,0,0,0,0,0,
2017-06-04,asd_cambria,facility,185,0,185,0,0,0,0,0,0,0,0,0,0,0,0,
2017-06-04,asd_cannery,facility,0,0,0,0,0,0,0,0,0,0,0,0,0,0,0,
2017-06-04,asd_wrp,facility,0,0,0,0,0,0,0,0,0,0,0,0,0,0,0,
2017-06-04,asd_asdcu,facility,125,1,127,0,0,1,0,0,0,0,0,0,0,0,0,
2017-06-04,asd_mod3,facility,0,0,0,0,0,0,0,0,0,0,0,0,0,0,0,
2017-06-04,cec,summary,272,0,272,,,,,,,,,,,,,
2017-06-04,cfcf,facility,2384,0,2386,0,0,0,0,0,0,2,0,0,0,0,0,
2017-06-04,dc,facility,958,0,958,0,0,0,0,0,0,0,0,0,0,0,0,
2017-06-04,dc_phsw,facility,59,5,67,1,0,0,0,0,0,2,0,0,0,0,0,
2017-06-04,delaware_county,summary,0,0,0,,,,,,,,,,,,,
2017-06-04,hoc,facility,968,0,970,0,0,0,0,0,0,1,0,1,0,0,0,
2017-06-04,juveniles,summary,0,0,0,,,,,,,,,,,,,
2017-06-04,lehigh_county,summary,36,1,37,,,,,,,,,,,,,
2017-06-04,nif_total,summary,7,1,8,,,,,,,,,,,,,
2017-06-04,other_jurisdictions,summary,67,1,68,,,,,,,,,,,,,
2017-06-04,out_of_county,summary,0,0,0,,,,,,,,,,,,,
2017-06-04,pdp_in_facility,facility,5664,565,6276,35,4,1,0,0,0,5,1,1,0,0,0,
2017-06-04,pdp_headcount_nif,summary,5706,570,6276,,,,,,,,,,,,,
2017-06-04,pdp_headcount_nif_oj,summary,7430,823,6344,,,,,,,,,,,,,"males + females = 8253, published total 6344"
2017-06-04,picc,facility,981,0,1015,34,0,0,0,0,0,0,0,0,0,0,0,
2017-06-04,rcf,facility,0,558,563,0,4,0,0,0,0,0,1,0,0,0,0,
2017-06-04,roth,summary,0,0,0,,,,,,,,,,,,,
2017-06-04,state_doc,summary,0,0,0,,,,,,,,,,,,,
2017-06-04,total,summary,6081,572,6653,,,,,,,,,,,,,
2017-06-04,in_facility_total,summary,5699,569,6268,,,2,0,,,10,2,,,,,
2017-06-04,weekenders,facility,4,1,5,0,0,0,0,0,0,0,0,0,0,0,0,
2017-06-14,asd_cambria,facility,223,0,223,0,0,0,0,0,0,0,0,0,0,0,0,
2017-06-14,asd_cannery,facility,0,0,0,0,0,0,0,0,0,0,0,0,0,0,0,
2017-06-14,asd_wrp,facility,0,0,0,0,0,0,0,0,0,0,0,0,0,0,0,
2017-06-14,asd_asdcu,facility,96,1,98,0,0,1,0,0,0,0,0,0,0,0,0,
2017-06-14,asd_mod3,facility,0,0,0,0,0,0,0,0,0,0,0,0,0,0,0,
2017-06-14,cec,summary,272,0,272,,,,,,,,,,,,,
2017-06-14,cfcf,facility,2350,0,2351,0,0,0,0,0,0,1,0,0,0,0,0,
2017-06-14,dc,facility,945,0,945,0,0,0,0,0,0,0,0,0,0,0,0,
2017-06-14,dc_phsw,facility,41,3,45,0,0,,0,0,0,1,0,0,0,0,0,
2017-06-14,delaware_county,summary,0,0,0,,,,,,,,,,,,,
2017-06-14,hoc,facility,991,0,992,0,0,0,0,0,0,0,0,1,0,0,0,
2017-06-14,juveniles,summary,0,0,0,,,,,,,,,,,,,
2017-06-14,lehigh_county,summary,32,1,33,,,,,,,,,,,,,
2017-06-14,nif_total,summary,4,1,5,,,,,,,,,,,,,
2017-06-14,other_jurisdictions,summary,70,2,72,,,,,,,,,,,,,
2017-06-14,out_of_county,summary,0,0,0,,,,,,,,,,,,,
2017-06-14,pdp_in_facility,facility,5637,559,6239,36,2,1,0,0,0,2,1,1,0,0,0,
2017-06-14,pdp_headcount_nif,summary,5677,562,6239,,,,,,,,,,,,,
2017-06-14,pdp_headcount_nif_oj,summary,7430,823,6311,,,,,,,,,,,,,"males + females = 8253, published total 6311"
2017-06-14,picc,facility,988,0,1024,36,0,0,0,0,0,0,0,0,0,0,0,
2017-06-14,rcf,facility,0,555,558,0,2,0,0,0,0,0,1,0,0,0,0,
2017-06-14,roth,summary,0,0,0,,,,,,,,,,,,,
2017-06-14,state_doc,summary,0,0,0,,,,,,,,,,,,,
2017-06-14,total,summary,6051,565,6616,,,,,,,,,,,,,
2017-06-14,in_facility_total,summary,5673,561,6234,,,,0,,,4,2,,,,,
2017-06-14,weekenders,facility,3,0,3,0,0,0,0,0,0,0,0,0,0,0,0,
2017-06-19,asd_cambria,facility,224,0,224,0,0,0,0,0,0,0,0,0,0,0,0,
2017-06-19,asd_cannery,facility,0,0,0,0,0,0,0,0,0,0,0,0,0,0,0,
2017-06-19,asd_wrp,facility,0,0,0,0,0,0,0,0,0,0,0,0,0,0,0,
2017-06-19,asd_asdcu,facility,105,1,106,0,0,0,0,0,0,0,0,0,0,0,0,
2017-06-19,asd_mod3,facility,0,0,0,0,0,0,0,0,0,0,0,0,0,0,0,
2017-06-19,cec,summary,266,0,266,,,,,,,,,,,,,
2017-06-19,cfcf,facility,2397,0,2399,0,0,0,0,0,0,2,0,0,0,0,0,
2017-06-19,dc,facility,957,0,957,0,0,0,0,0,0,0,0,0,0,0,0,
2017-06-19,dc_phsw,facility,50,2,54,1,0,,0,0,0,1,0,0,0,0,0,
2017-06-19,delaware_county,summary,0,0,0,,,,,,,,,,,,,
2017-06-19,hoc,facility,987,0,987,0,0,0,0,0,0,0,0,0,0,0,0,
2017-06-19,juveniles,summary,1,0,1,,,,,,,,,,,,,
2017-06-19,lehigh_county,summary,30,1,31,,,,,,,,,,,,,
2017-06-19,nif_total,summary,4,0,4,,,,,,,,,,,,,
2017-06-19,other_jurisdictions,summary,73,1,74,,,,,,,,,,,,,
2017-06-19,out_of_county,summary,0,0,0,,,,,,,,,,,,,
2017-06-19,pdp_in_facility,facility,5697,567,6304,34,2,0,0,0,0,4,0,0,0,0,0,
2017-06-19,pdp_headcount_nif,summary,5735,569,6304,,,,,,,,,,,,,
2017-06-19,pdp_headcount_nif_oj,summary,7430,823,6378,,,,,,,,,,,,,"males + females = 8253, published total 6378"
2017-06-19,picc,facility,976,0,1010,33,0,0,0,0,0,1,0,0,0,0,0,
2017-06-19,rcf,facility,0,564,566,0,2,0,0,0,0,0,0,0,0,0,0,
2017-06-19,roth,summary,0,0,0,,,,,,,,,,,,,
2017-06-19,state_doc,summary,0,0,0,,,,,,,,,,,,,
2017-06-19,total,summary,6105,571,6676,,,,,,,,,,,,,
2017-06-19,in_facility_total,summary,5731,569,6300,,,,0,,,8,0,,,,,
2017-06-19,weekenders,facility,1,0,1,0,0,0,0,0,0,0,0,0,0,0,0,
2017-07-17,asd_cambria,facility,203,0,203,0,0,0,0,0,0,0,0,0,0,0,0,
2017-07-17,asd_cannery,facility,0,0,0,0,0,0,0,0,0,0,0,0,0,0,0,
2017-07-17,asd_wrp,facility,0,0,0,0,0,0,0,0,0,0,0,0,0,0,0,
2017-07-17,asd_asdcu,facility,128,2,131,0,0,1,0,0,0,0,0,0,0,0,0,
2017-07-17,asd_mod3,facility,0,0,0,0,0,0,0,0,0,0,0,0,0,0,0,
2017-07-17,cec,summary,191,0,191,,,,,,,,,,,,,
2017-07-17,cfcf,facility,2380,0,2382,0,0,0,0,0,0,2,0,0,0,0,0,
2017-07-17,dc,facility,1030,0,1031,0,0,0,0,0,0,1,0,0,0,0,0,
2017-07-17,dc_phsw,facility,49,5,55,1,0,,0,0,0,0,0,0,0,0,0,
2017-07-17,delaware_county,summary,0,0,0,,,,,,,,,,,,,
2017-07-17,hoc,facility,1089,0,1089,0,0,0,0,0,0,0,0,0,0,0,0,
2017-07-17,juveniles,summary,0,0,0,,,,,,,,,,,,,
2017-07-17,lehigh_county,summary,35,1,36,,,,,,,,,,,,,
2017-07-17,nif_total,summary,4,1,5,,,,,,,,,,,,,
2017-07-17,other_jurisdictions,summary,64,1,65,,,,,,,,,,,,,
2017-07-17,out_of_county,summary,0,0,0,,,,,,,,,,,,,
2017-07-17,pdp_in_facility,facility,5865,615,6529,42,2,1,0,0,0,3,1,0,0,0,0,
2017-07-17,pdp_headcount_nif,summary,5911,618,6529,,,,,,,,,,,,,
2017-07-17,pdp_headcount_nif_oj,summary,7430,823,6594,,,,,,,,,,,,,"males + females = 8253, published total 6594"
2017-07-17,picc,facility,986,0,1027,41,0,0,0,0,0,0,0,0,0,0,0,
2017-07-17,rcf,facility,0,608,611,0,2,0,0,0,0,0,1,0,0,0,0,
2017-07-17,roth,summary,0,0,0,,,,,,,,,,,,,
2017-07-17,state_doc,summary,0,0,0,,,,,,,,,,,,,
2017-07-17,total,summary,6201,620,6821,,,,,,,,,,,,,
2017-07-17,in_facility_total,summary,5907,617,6524,,,,0,,,6,2,,,,,
2017-07-17,weekenders,facility,0,0,0,0,0,0,0,0,0,0,0,0,0,0,0,
2017-07-18,asd_cambria,facility,204,0,204,0,0,0,0,0,0,0,0,0,0,0,0,
2017-07-18,asd_cannery,facility,0,0,0,0,0,0,0,0,0,0,0,0,0,0,0,
2017-07-18,asd_wrp,facility,0,0,0,0,0,0,0,0,0,0,0,0,0,0,0,
2017-07-18,asd_asdcu,facility,132,2,135,0,0,1,0,0,0,0,0,0,0,0,0,
2017-07-18,asd_mod3,facility,0,0,0,0,0,0,0,0,0,0,0,0,0,0,0,
2017-07-18,cec,summary,191,0,191,,,,,,,,,,,,,
2017-07-18,cfcf,facility,2352,0,2355,0,0,0,0,0,0,1,0,2,0,0,0,
2017-07-18,dc,facility,1012,0,1013,0,0,0,0,0,0,1,0,0,0,0,0,
2017-07-18,dc_phsw,facility,53,5,60,2,0,,0,0,0,0,0,0,0,0,0,
2017-07-18,delaware_county,summary,0,0,0,,,,,,,,,,,,,
2017-07-18,hoc,facility,1091,0,1092,0,0,0,0,0,0,0,0,1,0,0,0,
2017-07-18,juveniles,summary,0,0,0,,,,,,,,,,,,,
2017-07-18,lehigh_county,summary,35,1,36,,,,,,,,,,,,,
2017-07-18,nif_total,summary,7,2,9,,,,,,,,,,,,,
2017-07-18,other_jurisdictions,summary,66,1,67,,,,,,,,,,,,,
2017-07-18,out_of_county,summary,0,0,0,,,,,,,,,,,,,
2017-07-18,pdp_in_facility,facility,5823,619,6495,42,2,1,0,0,0,3,1,3,1,0,0,
2017-07-18,pdp_headcount_nif,summary,5872,623,6495,,,,,,,,,,,,,
2017-07-18,pdp_headcount_nif_oj,summary,7430,823,6562,,,,,,,,,,,,,"males + females = 8253, published total 6562"
2017-07-18,picc,facility,977,0,1018,40,0,0,0,0,0,1,0,0,0,0,0,
2017-07-18,rcf,facility,0,612,616,0,2,0,0,0,0,0,1,0,1,0,0,
2017-07-18,roth,summary,0,0,0,,,,,,,,,,,,,
2017-07-18,state_doc,summary,0,0,0,,,,,,,,,,,,,
2017-07-18,total,summary,6164,625,6789,,,,,,,,,,,,,
2017-07-18,in_facility_total,summary,5865,621,6486,,,,0,,,6,2,,,,,
2017-07-18,weekenders,facility,2,0,2,0,0,0,0,0,0,0,0,0,0,0,0,
